i,j,phi_index,epsilon,asymptotic,finite_horizon_limiting_object_at_k1000,log10_error_k1,log10_error_k10,log10_error_k99,log10_error_k100
-4,-4,1,99/5,UNSTABLE,SINGULAR_BOUNDARY_LIMIT,0.0692791267692563,0.1551352606976053,0.15513526069742056,0.15513526069742056
-4,-4,2,49/2,UNSTABLE,SINGULAR_BOUNDARY_LIMIT,0.12725248787338295,0.265200515148706,0.2652005151486492,0.2652005151486776
-4,-4,3,291/13,UNSTABLE,SINGULAR_BOUNDARY_LIMIT,0.004897316840366983,0.19413962685833752,0.19413962685820252,0.19413962685820252
-4,-4,4,96/5,UNSTABLE,SINGULAR_BOUNDARY_LIMIT,-0.06945957122589164,0.16743441756577226,0.1674344175648912,0.1674344175648912
-4,-4,5,475/29,UNSTABLE,SINGULAR_BOUNDARY_LIMIT,-0.11784579939991247,0.16316363252870758,0.16316363252406063,0.16316363252406063
-4,-4,6,141/10,UNSTABLE,SINGULAR_BOUNDARY_LIMIT,-0.1496225920848353,0.17239131393110085,0.1723913139094293,0.1723913139094293
-4,-4,7,651/53,UNSTABLE,SINGULAR_BOUNDARY_LIMIT,-0.16944146688714135,0.19088606470374003,0.19088606461548352,0.19088606461554036
-4,-4,8,184/17,UNSTABLE,SINGULAR_BOUNDARY_LIMIT,-0.17977179596977777,0.21654128575919884,0.21654128544162177,0.21654128544162177
-4,-4,9,819/85,UNSTABLE,SINGULAR_BOUNDARY_LIMIT,-0.1818907911314227,0.24838356494959157,0.24838356392228889,0.24838356392223204
-4,-4,10,225/26,UNSTABLE,SINGULAR_BOUNDARY_LIMIT,-0.17631006964655782,0.2861544847261257,0.28615448169395563,0.28615448169395563
-4,-4,11,979/125,UNSTABLE,SINGULAR_BOUNDARY_LIMIT,-0.16294655509766187,0.3301489168314262,0.33014890855764634,0.3301489085575895
-4,-4,12,264/37,UNSTABLE,SINGULAR_BOUNDARY_LIMIT,-0.14114026730535478,0.3812051739717788,0.3812051528670395,0.38120515286709633
-4,-4,13,1131/173,UNSTABLE,SINGULAR_BOUNDARY_LIMIT,-0.10953238932602538,0.4408333644335798,0.4408333136448732,0.44083331364481637
-4,-4,14,301/50,UNSTABLE,SINGULAR_BOUNDARY_LIMIT,-0.06574195533987748,0.5115437919318282,0.5115436757387215,0.5115436757387215
-4,-4,15,1275/229,UNSTABLE,SINGULAR_BOUNDARY_LIMIT,-0.005641585891812184,0.5975752369527427,0.5975749826361039,0.5975749826361039
-4,-4,16,336/65,UNSTABLE,SINGULAR_BOUNDARY_LIMIT,0.0783625086091817,0.7066181371892952,0.7066176018123542,0.7066176018124111
-4,-4,17,1411/293,UNSTABLE,SINGULAR_BOUNDARY_LIMIT,0.20214930451983726,0.8546359099666034,0.8546348210780366,0.8546348210780366
-4,-4,18,9/2,UNSTABLE,SINGULAR_BOUNDARY_LIMIT,0.40825986471307196,1.0842439138681996,1.0842417660261816,1.0842417660261816
-4,-4,19,1539/365,UNSTABLE,SINGULAR_BOUNDARY_LIMIT,0.914582188076448,1.6133959996524752,1.6133918774040694,1.6133918774040694
-4,-4,20,400/101,UNSTABLE,SINGULAR_BOUNDARY_LIMIT,0.7437161812061497,1.4647509258568334,1.4647432061433392,1.4647432061433392
-4,-4,21,1659/445,UNSTABLE,SINGULAR_BOUNDARY_LIMIT,0.28592891041787993,1.0286288896267166,1.0286147491437987,1.0286147491437987
-4,-4,22,429/122,UNSTABLE,SINGULAR_BOUNDARY_LIMIT,0.04958541424552365,0.8134435449880328,0.8134181557239799,0.8134181557239231
-4,-4,23,1771/533,UNSTABLE,SINGULAR_BOUNDARY_LIMIT,-0.11589985748364917,0.6686546777660922,0.6686099091515416,0.6686099091515416
-4,-4,24,456/145,UNSTABLE,SINGULAR_BOUNDARY_LIMIT,-0.24586254962751752,0.5589700939460513,0.5588924413551695,0.5588924413551695
-4,-4,25,1875/629,UNSTABLE,SINGULAR_BOUNDARY_LIMIT,-0.35437551003891166,0.47036023714293407,0.4702275467717527,0.47022754677180956
-4,-4,26,481/170,UNSTABLE,SINGULAR_BOUNDARY_LIMIT,-0.44849895770268233,0.3958103224436087,0.3955866561188941,0.3955866561188941
-4,-4,27,1971/733,UNSTABLE,SINGULAR_BOUNDARY_LIMIT,-0.532288729786865,0.3313153242304665,0.33094296549830915,0.330942965498366
-4,-4,28,504/197,UNSTABLE,SINGULAR_BOUNDARY_LIMIT,-0.6082950261877791,0.27438592857134125,0.2737730138177312,0.2737730138177312
-4,-4,29,2059/845,UNSTABLE,SINGULAR_BOUNDARY_LIMIT,-0.6782289848550569,0.2233889121239372,0.22239038453830062,0.22239038453830062
-4,-4,30,525/226,UNSTABLE,SINGULAR_BOUNDARY_LIMIT,-0.7432966201607858,0.17722362559072025,0.1756120070003817,0.1756120070003817
-4,-4,31,2139/965,UNSTABLE,SINGULAR_BOUNDARY_LIMIT,-0.8043814154787778,0.13515516184758525,0.13257577227608408,0.13257577227608408
-4,-4,32,544/257,UNSTABLE,SINGULAR_BOUNDARY_LIMIT,-0.862151117927664,0.09673161764511207,0.09263392060393016,0.09263392060393016
-4,-4,33,2211/1093,UNSTABLE,SINGULAR_BOUNDARY_LIMIT,-0.9171236399426768,0.061755359991103376,0.05528729986411918,0.05528729986411918
-4,-4,34,561/290,UNSTABLE,SINGULAR_BOUNDARY_LIMIT,-0.9697095454445215,0.030298991403618913,0.02014302074371699,0.02014302074371699
-4,-4,35,2275/1229,UNSTABLE,SINGULAR_BOUNDARY_LIMIT,-1.0071266320447805,0.015885131838913935,0.0,0.0
-4,-4,36,576/325,UNSTABLE,SINGULAR_BOUNDARY_LIMIT,-1.024249003497486,0.024795631491095094,0.0,0.0
-4,-4,37,2331/1373,UNSTABLE,SINGULAR_BOUNDARY_LIMIT,-1.0412347989460784,0.03872427387369726,0.0,0.0
-4,-4,38,589/362,UNSTABLE,SINGULAR_BOUNDARY_LIMIT,-1.0580984798400817,0.060741001301764186,0.0,0.0
-4,-4,39,39/25,UNSTABLE,SINGULAR_BOUNDARY_LIMIT,-1.074853933154536,0.09629183545598607,0.0,0.0
-4,-4,40,600/401,UNSTABLE,SINGULAR_BOUNDARY_LIMIT,-1.0915145468266516,0.15604128781735227,0.0,0.0
-4,-4,41,2419/1685,UNSTABLE,SINGULAR_BOUNDARY_LIMIT,-1.1080932792430875,0.26486399452665665,0.0,0.0
-4,-4,42,609/442,UNSTABLE,SINGULAR_BOUNDARY_LIMIT,-1.124602723731103,0.5066702754467443,-1.1368683772161603e-13,5.684341886080802e-14
-4,-4,43,2451/1853,UNSTABLE,SINGULAR_BOUNDARY_LIMIT,-1.1410551688958108,1.44638133862194,-6.934897101018578e-12,5.286437954055145e-12
-4,-4,44,616/485,UNSTABLE,SINGULAR_BOUNDARY_LIMIT,-1.1574626555557774,0.25610897201341487,-3.8698999560438097e-10,3.0468072509393096e-10
-4,-4,45,2475/2029,UNSTABLE,SINGULAR_BOUNDARY_LIMIT,-1.1738370309574186,-0.12335751742817536,-2.1123582882864866e-08,1.7317063338850858e-08
-4,-4,46,621/530,UNSTABLE,SINGULAR_BOUNDARY_LIMIT,-1.1901900008922262,-0.3948665744519886,-1.1351641546752944e-06,9.68822007507697e-07
-4,-4,47,2491/2213,UNSTABLE,SINGULAR_BOUNDARY_LIMIT,-1.2065331802982762,-0.6234110970278408,-6.025211717997081e-05,5.353488717219079e-05
-4,-4,48,624/577,UNSTABLE,SINGULAR_BOUNDARY_LIMIT,-1.222878142896974,-0.8300969676150984,-0.0031580271614757294,0.002940739770849632
-4,-4,49,2499/2405,UNSTABLE,SINGULAR_BOUNDARY_LIMIT,-1.2392364703969818,-1.0243562459441549,-0.14038987535309388,0.19878103551377535
-4,-4,50,625/626,STABLE,NONZERO_FIXED_POINT,-1.2556198017886686,-1.211146749717706,-1.3201524914161382,-1.2771996867937787
-4,-4,51,2499/2605,STABLE,NONZERO_FIXED_POINT,-1.2720398832545055,-1.3933450142713184,-3.0166650966565385,-3.0338869116104092
-4,-4,52,624/677,STABLE,NONZERO_FIXED_POINT,-1.2885086192331432,-1.5727366717766813,-4.735170830831464,-4.7705595527138485
-4,-4,53,2491/2813,STABLE,NONZERO_FIXED_POINT,-1.3050381251982763,-1.7504891419926807,-6.456980268707525,-6.509775987420483
-4,-4,54,621/730,STABLE,NONZERO_FIXED_POINT,-1.3216407827482808,-1.927400831626251,-8.183086015189247,-8.253317269860474
-4,-4,55,2475/3029,STABLE,NONZERO_FIXED_POINT,-1.3383292976503611,-2.1040422678974977,-9.91488888913284,-10.002612959100134
-4,-4,56,616/785,STABLE,NONZERO_FIXED_POINT,-1.3551167615450481,-2.280840332649447,-11.653825267410696,-11.75911421198981
-4,-4,57,2451/3253,STABLE,NONZERO_FIXED_POINT,-1.3720167180955123,-2.458130537559981,-13.401367196145259,-13.524307948175078
-4,-4,58,609/842,STABLE,NONZERO_FIXED_POINT,-1.3890432344641166,-2.6361904550039483,-15.159030072888925,-15.299724871755757
-4,-4,59,59/85,STABLE,NONZERO_FIXED_POINT,-1.406210979119349,-2.8152616331474434,-16.928381020030173,-17.08694793410234
-4,-4,60,600/901,STABLE,NONZERO_FIXED_POINT,-1.4235353071243964,-2.995564293933711,-18.711047938364175,-18.887621478959602
-4,-4,61,2379/3725,STABLE,NONZERO_FIXED_POINT,-1.441032354239928,-3.1773074337618255,-20.508729377026157,-20.703461212073194
-4,-4,62,589/962,STABLE,NONZERO_FIXED_POINT,-1.4587191413952212,-3.3606959726301397,-22.32320537956872,-22.53626515681941
-4,-4,63,2331/3973,STABLE,NONZERO_FIXED_POINT,-1.4766136913533323,-3.545936011568344,-24.15634949217207,-24.387925783706862
-4,-4,64,576/1025,STABLE,NONZERO_FIXED_POINT,-1.4947351597291298,-3.733238896013887,-26.010142152348408,-26.260443534317005
-4,-4,65,2275/4229,STABLE,NONZERO_FIXED_POINT,-1.513103982929353,-3.9228245548006484,-27.88668571658485,-28.155942000738662
-4,-4,66,561/1090,STABLE,NONZERO_FIXED_POINT,-1.5317420460911428,-4.114924439600571,-29.788221435123432,-30.0766850718079
-4,-4,67,2211/4493,STABLE,NONZERO_FIXED_POINT,-1.5506728747255778,-4.309784297906205,-31.71714874404961,-32.02509642006396
-4,-4,68,544/1157,STABLE,NONZERO_FIXED_POINT,-1.5699218545595635,-4.507666955761557,-33.6760473223942,-34.00378178164772
-4,-4,69,2139/4765,STABLE,NONZERO_FIXED_POINT,-1.5895164850574321,-4.708855253269704,-35.6677024594552,-36.01555457985802
-4,-4,70,525/1226,STABLE,NONZERO_FIXED_POINT,-1.6094866733522366,-4.913655259606763,-37.69513440088616,-38.06346556766255
-4,-4,71,2059/5045,STABLE,NONZERO_FIXED_POINT,-1.6298650769053094,-5.1223998908383095,-39.76163249911758,-40.150837323072494
-4,-4,72,504/1297,STABLE,NONZERO_FIXED_POINT,-1.6506875052484187,-5.335453061190215,-41.870795195018445,-42.28130463465703
-4,-4,73,1971/5333,STABLE,NONZERO_FIXED_POINT,-1.6719933937925138,-5.553214515950387,-44.026577117836155,-44.45886207723959
-4,-4,74,481/1370,STABLE,NONZERO_FIXED_POINT,-1.6938263661119066,-5.7761255225024115,-46.23334492935925,-46.68792042014178
-4,-4,75,1875/5629,STABLE,NONZERO_FIXED_POINT,-1.7162349056141082,-6.004675636998712,-48.49594398372773,-48.97337396032424
-4,-4,76,456/1445,STABLE,NONZERO_FIXED_POINT,-1.739273163478945,-6.23941082120399,-50.819778465557306,-51.3206814699854
-4,-4,77,1771/5933,STABLE,NONZERO_FIXED_POINT,-1.7630019377606843,-6.480943262305047,-53.210908461918166,-53.735964249065546
-4,-4,78,429/1522,STABLE,NONZERO_FIXED_POINT,-1.787489869409093,-6.729963355863752,-55.67616849897479,-56.22612585922468
-4,-4,79,1659/6245,STABLE,NONZERO_FIXED_POINT,-1.81281491587567,-6.987254460351913,-58.22331355011045,-58.7989996067962
-4,-4,80,400/1601,STABLE,NONZERO_FIXED_POINT,-1.8390661837094857,-7.253711238520317,-60.86120057536374,-61.46353191595506
-4,-4,81,1539/6565,STABLE,NONZERO_FIXED_POINT,-1.8663462308078884,-7.53036269307843,-63.60001654875242,-64.23001265934641
-4,-4,82,369/1682,STABLE,NONZERO_FIXED_POINT,-1.8947739909250902,-7.818401423278694,-66.45156808182833,-67.11036770713122
-4,-4,83,1411/6893,STABLE,NONZERO_FIXED_POINT,-1.924488534190191,-8.119221240309791,-69.42965380545581,-70.11853507019566
-4,-4,84,336/1765,STABLE,NONZERO_FIXED_POINT,-1.9556539682497274,-8.434466187920236,-72.55054966724305,-73.27095509957701
-4,-4,85,1275/7229,STABLE,NONZERO_FIXED_POINT,-1.9884659225297039,-8.766095393411625,-75.83365095210843,-76.58721899208541
-4,-4,86,301/1850,STABLE,NONZERO_FIXED_POINT,-2.0231602722806414,-9.11647031577425,-79.30233603612254,-80.09094126893172
-4,-4,87,1131/7573,STABLE,NONZERO_FIXED_POINT,-2.0600251005652996,-9.488474372660193,-82.98515069182628,-83.81095604372541
-4,-4,88,264/1937,STABLE,NONZERO_FIXED_POINT,-2.099417457217271,-9.885680536551916,-86.91746728919435,-87.78299298304358
-4,-4,89,979/7925,STABLE,NONZERO_FIXED_POINT,-2.141787426527097,-10.312592017749438,-91.14386755648252,-92.0520841355692
-4,-4,90,225/2026,STABLE,NONZERO_FIXED_POINT,-2.18771369772562,-10.774997974920396,-95.72166411417572,-96.67612103708865
-4,-4,91,819/8285,STABLE,NONZERO_FIXED_POINT,-2.2379579399442484,-11.280517270046175,-100.72628364859787,-101.73129225959275
-4,-4,92,184/2117,STABLE,NONZERO_FIXED_POINT,-2.293551337362496,-11.83946382490042,-106.25983394077994,-107.32073697578986
-4,-4,93,651/8653,STABLE,NONZERO_FIXED_POINT,-2.355939211243278,-12.466292846091392,-112.46542149416041,-113.58900720930723
-4,-4,94,141/2210,STABLE,NONZERO_FIXED_POINT,-2.427237880417703,-13.182169434309849,-119.55258076595595,-120.74775392698567
-4,-4,95,475/9029,STABLE,NONZERO_FIXED_POINT,-2.510727832554883,-14.019900301158813,-127.84609816361512,-129.1250442070135
-4,-4,96,96/2305,STABLE,NONZERO_FIXED_POINT,-2.611904226352763,-15.034438794944933,-137.8900118000077,-139.27041149669384
-4,-4,97,291/9413,STABLE,NONZERO_FIXED_POINT,-2.7410678418569727,-16.32879440751836,-150.70411561100707,-152.21395068070916
-4,-4,98,49/2402,STABLE,NONZERO_FIXED_POINT,-2.9213432775252848,-18.134214748353607,-168.57776089876884,-170.26813782180724
-4,-4,99,99/9805,STABLE,NONZERO_FIXED_POINT,-3.226517524242123,-21.188571287930216,-198.81587519108672,-200.811687594493
-4,-4,100,0,STABLE,NONZERO_FIXED_POINT,,,,
-4,-3,1,11,UNSTABLE,SINGULAR_BOUNDARY_LIMIT,0.07506701506440194,0.1773135652296176,0.17731356518072516,0.17731356518072516
-4,-3,2,49/3,UNSTABLE,SINGULAR_BOUNDARY_LIMIT,0.13136436578478872,0.27774556059902267,0.27774556059691236,0.2777455605969408
-4,-3,3,291/17,UNSTABLE,SINGULAR_BOUNDARY_LIMIT,0.00878538953999275,0.2037048324514359,0.203704832449489,0.203704832449489
-4,-3,4,16,UNSTABLE,SINGULAR_BOUNDARY_LIMIT,-0.06554954358898879,0.17562324318574696,0.17562324318106448,0.17562324318106448
-4,-3,5,475/33,UNSTABLE,SINGULAR_BOUNDARY_LIMIT,-0.11381953548805868,0.17062307228945173,0.17062307227428164,0.17062307227428164
-4,-3,6,141/11,UNSTABLE,SINGULAR_BOUNDARY_LIMIT,-0.14542034071416943,0.17946020598343893,0.17946020593171852,0.1794602059316901
-4,-3,7,217/19,UNSTABLE,SINGULAR_BOUNDARY_LIMIT,-0.16501042155794998,0.197777708663871,0.1977777084923673,0.1977777084923673
-4,-3,8,92/9,UNSTABLE,SINGULAR_BOUNDARY_LIMIT,-0.17505540725264623,0.22341298672049703,0.2234129861848828,0.2234129861848828
-4,-3,9,819/89,UNSTABLE,SINGULAR_BOUNDARY_LIMIT,-0.17682178124799286,0.2553699934163589,0.25536999185140985,0.25536999185140985
-4,-3,10,25/3,UNSTABLE,SINGULAR_BOUNDARY_LIMIT,-0.1708031172708937,0.29338825765464094,0.2933882533701251,0.29338825337009666
-4,-3,11,979/129,UNSTABLE,SINGULAR_BOUNDARY_LIMIT,-0.15688814590325428,0.33777801579548594,0.3377780047512715,0.33777800475121467
-4,-3,12,132/19,UNSTABLE,SINGULAR_BOUNDARY_LIMIT,-0.13437244517195346,0.38941344932090516,0.38941342236378773,0.38941342236378773
-4,-3,13,377/59,UNSTABLE,SINGULAR_BOUNDARY_LIMIT,-0.10182419540854326,0.44987172281061305,0.4498716601546562,0.4498716601546562
-4,-3,14,301/51,UNSTABLE,SINGULAR_BOUNDARY_LIMIT,-0.05673453140770768,0.5217867860827425,0.5217866466832106,0.5217866466832106
-4,-3,15,1275/233,UNSTABLE,SINGULAR_BOUNDARY_LIMIT,0.0052694202314356176,0.6096397922972798,0.6096394940374807,0.6096394940374807
-4,-3,16,56/11,UNSTABLE,SINGULAR_BOUNDARY_LIMIT,0.09231917512887478,0.721656565035083,0.7216559487963821,0.7216559487963821
-4,-3,17,1411/297,UNSTABLE,SINGULAR_BOUNDARY_LIMIT,0.22174172610687215,0.8752467525226209,0.8752455185874055,0.8752455185874055
-4,-3,18,369/83,UNSTABLE,SINGULAR_BOUNDARY_LIMIT,0.4417754254220636,1.1187216218134424,1.1187192196685487,1.1187192196686055
-4,-3,19,171/41,UNSTABLE,SINGULAR_BOUNDARY_LIMIT,1.039149329984543,1.73887500468836,1.7388704456317328,1.7388704456317328
-4,-3,20,200/51,UNSTABLE,SINGULAR_BOUNDARY_LIMIT,0.673347215861769,1.395248688364127,1.3952402320767305,1.3952402320767305
-4,-3,21,1659/449,UNSTABLE,SINGULAR_BOUNDARY_LIMIT,0.2589713787886119,1.0024974506027888,1.0024820885733448,1.0024820885733448
-4,-3,22,143/41,UNSTABLE,SINGULAR_BOUNDARY_LIMIT,0.033054342546613213,0.7977019477173997,0.797674562902472,0.797674562902472
-4,-3,23,1771/537,UNSTABLE,SINGULAR_BOUNDARY_LIMIT,-0.12774821297244898,0.6575628678069378,0.6575148833952653,0.6575148833952653
-4,-3,24,228/73,UNSTABLE,SINGULAR_BOUNDARY_LIMIT,-0.25505307220581486,0.5505067090519447,0.5504239380319689,0.5504239380319973
-4,-3,25,625/211,UNSTABLE,SINGULAR_BOUNDARY_LIMIT,-0.36185470700248956,0.46358230347729545,0.46344155742843895,0.46344155742843895
-4,-3,26,481/171,UNSTABLE,SINGULAR_BOUNDARY_LIMIT,-0.45478518168357773,0.39020325539809164,0.38996703930172316,0.38996703930172316
-4,-3,27,1971/737,UNSTABLE,SINGULAR_BOUNDARY_LIMIT,-0.537696523135665,0.3265688747344271,0.3261771448930517,0.3261771448930517
-4,-3,28,28/11,UNSTABLE,SINGULAR_BOUNDARY_LIMIT,-0.6130295475859624,0.27030015308702815,0.26965758658266736,0.2696575865826958
-4,-3,29,2059/849,UNSTABLE,SINGULAR_BOUNDARY_LIMIT,-0.6824314296815857,0.2198293083006817,0.2187857298707172,0.2187857298707172
-4,-3,30,525/227,UNSTABLE,SINGULAR_BOUNDARY_LIMIT,-0.7470682848068311,0.17409786213053735,0.1724182459417989,0.1724182459417989
-4,-3,31,713/323,UNSTABLE,SINGULAR_BOUNDARY_LIMIT,-0.8077974193222008,0.13240050826343008,0.1297190659753369,0.12971906597539373
-4,-3,32,272/129,UNSTABLE,SINGULAR_BOUNDARY_LIMIT,-0.8652686945389565,0.09430834990583037,0.09005819619261501,0.09005819619255817
-4,-3,33,2211/1097,UNSTABLE,SINGULAR_BOUNDARY_LIMIT,-0.9199873874413775,0.05964406014063428,0.05294901459757284,0.05294901459757284
-4,-3,34,187/97,UNSTABLE,SINGULAR_BOUNDARY_LIMIT,-0.9723548827619162,0.02850102847799718,0.01800771810843571,0.01800771810843571
-4,-3,35,2275/1233,UNSTABLE,SINGULAR_BOUNDARY_LIMIT,-1.0076221192427397,0.016386654186305805,0.0,0.0
-4,-3,36,288/163,UNSTABLE,SINGULAR_BOUNDARY_LIMIT,-1.024730750060364,0.025543819614348706,0.0,0.0
-4,-3,37,259/153,UNSTABLE,SINGULAR_BOUNDARY_LIMIT,-1.041703546408641,0.03984957480854234,0.0,0.0
-4,-3,38,589/363,UNSTABLE,SINGULAR_BOUNDARY_LIMIT,-1.0585549112871409,0.0624602794926048,0.0,0.0
-4,-3,39,2379/1529,UNSTABLE,SINGULAR_BOUNDARY_LIMIT,-1.0752986792066146,0.09899539828990811,0.0,0.0
-4,-3,40,100/67,UNSTABLE,SINGULAR_BOUNDARY_LIMIT,-1.0919481908785595,0.16052938011366535,0.0,0.0
-4,-3,41,2419/1689,UNSTABLE,SINGULAR_BOUNDARY_LIMIT,-1.1085163620645684,0.2732080353755464,0.0,0.0
-4,-3,42,609/443,UNSTABLE,SINGULAR_BOUNDARY_LIMIT,-1.1250157475205818,0.5279219793521222,-1.7053025658242404e-13,1.1368683772161603e-13
-4,-3,43,817/619,UNSTABLE,SINGULAR_BOUNDARY_LIMIT,-1.1414586008634213,1.243106600791279,-8.640199666842818e-12,6.480149750132114e-12
-4,-3,44,308/243,UNSTABLE,SINGULAR_BOUNDARY_LIMIT,-1.1578569310997917,0.23275680824703215,-4.74017269880278e-10,3.7397285268525593e-10
-4,-3,45,2475/2033,UNSTABLE,SINGULAR_BOUNDARY_LIMIT,-1.1742225564881963,-0.13747588492398677,-2.5645022105891258e-08,2.1065147848275956e-08
-4,-3,46,69/59,UNSTABLE,SINGULAR_BOUNDARY_LIMIT,-1.1905671563496298,-0.4057292157152048,-1.3667515190718404e-06,1.1686750269745971e-06
-4,-3,47,2491/2217,UNSTABLE,SINGULAR_BOUNDARY_LIMIT,-1.206902321401591,-0.6326181727917799,-7.19812529155206e-05,6.407363969174185e-05
-4,-3,48,312/289,UNSTABLE,SINGULAR_BOUNDARY_LIMIT,-1.2232396031607884,-0.8382974557233354,-0.0037428807182777746,0.0034959791752271485
-4,-3,49,833/803,UNSTABLE,SINGULAR_BOUNDARY_LIMIT,-1.23959056294159,-1.0318715200522917,-0.16122139556819093,0.24666345034751203
-4,-3,50,625/627,STABLE,NONZERO_FIXED_POINT,-1.255966820969661,-1.2181560285267778,-1.38541970797246,-1.3495512307849253
-4,-3,51,2499/2609,STABLE,NONZERO_FIXED_POINT,-1.2723801061327773,-1.3999566265320098,-3.0822683185548954,-3.1002720245558635
-4,-3,52,104/113,STABLE,NONZERO_FIXED_POINT,-1.2888423069037316,-1.579020218389715,-4.79834200129045,-4.834373836718271
-4,-3,53,2491/2817,STABLE,NONZERO_FIXED_POINT,-1.3053655239939577,-1.756491685179867,-6.517801958302755,-6.57121482936634
-4,-3,54,621/731,STABLE,NONZERO_FIXED_POINT,-1.3219621253318667,-1.9331556958712213,-8.241686090848361,-8.312511863025406
-4,-3,55,275/337,STABLE,NONZERO_FIXED_POINT,-1.3386448040077923,-2.109574096571201,-9.971386986765765,-10.059684193722546
-4,-3,56,308/393,STABLE,NONZERO_FIXED_POINT,-1.355426639889913,-2.286168113132476,-11.708332602655958,-11.81417443652947
-4,-3,57,2451/3257,STABLE,NONZERO_FIXED_POINT,-1.3723211656943128,-2.463269466523336,-13.453987276703856,-13.577461724016644
-4,-3,58,203/281,STABLE,NONZERO_FIXED_POINT,-1.3893424383904573,-2.6411531158600496,-15.209859354338988,-15.351069636330863
-4,-3,59,2419/3489,STABLE,NONZERO_FIXED_POINT,-1.4065051169442757,-2.8200587538711375,-16.977509496102527,-17.13657459718877
-4,-3,60,300/451,STABLE,NONZERO_FIXED_POINT,-1.4238245475492768,-3.000205243360547,-18.758559672938475,-18.935614960096757
-4,-3,61,793/1243,STABLE,NONZERO_FIXED_POINT,-1.4413168576774886,-3.1818005522009685,-20.554702984444646,-20.749900925768657
-4,-3,62,589/963,STABLE,NONZERO_FIXED_POINT,-1.4589990605037872,-3.36504879611244,-22.367714459028605,-22.581225451366038
-4,-3,63,2331/3977,STABLE,NONZERO_FIXED_POINT,-1.4768891715287005,-3.550155427030475,-24.199463021236397,-24.43147633870177
-4,-3,64,32/57,STABLE,NONZERO_FIXED_POINT,-1.4950063395580493,-3.7373312511589134,-26.051924843992367,-26.30264972134495
-4,-3,65,2275/4233,STABLE,NONZERO_FIXED_POINT,-1.513370994608163,-3.926795737888945,-27.927198343658063,-28.19686521113897
-4,-3,66,561/1091,STABLE,NONZERO_FIXED_POINT,-1.532005015812711,-4.118779939050221,-29.827521125644466,-30.116383014976634
-4,-3,67,737/1499,STABLE,NONZERO_FIXED_POINT,-1.550931923037405,-4.313529248146729,-31.75528925034473,-32.06362339533399
-4,-3,68,272/579,STABLE,NONZERO_FIXED_POINT,-1.5701770966955646,-4.511306173572649,-33.71307926674319,-34.041188926436405
-4,-3,69,2139/4769,STABLE,NONZERO_FIXED_POINT,-1.5897680312457005,-4.712393267404593,-35.70367355860202,-36.05189009646432
-4,-3,70,175/409,STABLE,NONZERO_FIXED_POINT,-1.6097346291008527,-4.917096335567514,-37.73008967150372,-38.09877493082473
-4,-3,71,2059/5049,STABLE,NONZERO_FIXED_POINT,-1.6301095432680288,-5.125748052060963,-39.79561444608669,-40.18516347016413
-4,-3,72,252/649,STABLE,NONZERO_FIXED_POINT,-1.6509285790719304,-5.33871210749745,-41.90384398417265,-42.314688140191436
-4,-3,73,219/593,STABLE,NONZERO_FIXED_POINT,-1.672231167946772,-5.556388039864935,-44.058730734648066,-44.4913413131722
-4,-3,74,481/1371,STABLE,NONZERO_FIXED_POINT,-1.6940609297049178,-5.779216923839208,-46.2646393248844,-46.71953170330005
-4,-3,75,1875/5633,STABLE,NONZERO_FIXED_POINT,-1.7164663441924084,-6.007688136036265,-48.52641320898357,-49.00415168815522
-4,-3,76,76/241,STABLE,NONZERO_FIXED_POINT,-1.7395015592148972,-6.242347470656419,-50.849454795392404,-51.350658245686475
-4,-3,77,1771/5937,STABLE,NONZERO_FIXED_POINT,-1.7632273696276215,-6.4838069582622,-53.23982250931806,-53.76517099705404
-4,-3,78,429/1523,STABLE,NONZERO_FIXED_POINT,-1.7877124133452504,-6.732756847829435,-55.704349320654444,-56.25459193180575
-4,-3,79,553/2083,STABLE,NONZERO_FIXED_POINT,-1.8130346449377335,-6.9899803604840045,-58.250788744158285,-58.82675288280137
-4,-3,80,200/801,STABLE,NONZERO_FIXED_POINT,-1.839283168216575,-7.2563720301577845,-60.88799637162708,-61.4905988920473
-4,-3,81,1539/6569,STABLE,NONZERO_FIXED_POINT,-1.8665605384766337,-7.532960738626244,-63.62615789258501,-64.25641853462128
-4,-3,82,41/187,STABLE,NONZERO_FIXED_POINT,-1.8949856869965043,-7.820938971511282,-66.47707871176237,-67.13613646157913
-4,-3,83,1411/6897,STABLE,NONZERO_FIXED_POINT,-1.924697681548869,-8.12170043314567,-69.4545563253061,-70.1436895375407
-4,-3,84,168/883,STABLE,NONZERO_FIXED_POINT,-1.9558606275359995,-8.436889066713796,-72.57486561310381,-73.29551703495548
-4,-3,85,425/2411,STABLE,NONZERO_FIXED_POINT,-1.9886701522451542,-8.768463904803212,-75.85740085465903,-76.61120913498615
-4,-3,86,301/1851,STABLE,NONZERO_FIXED_POINT,-2.0233621288875305,-9.118786317134855,-79.32553947862164,-80.1143794017807
-4,-3,87,1131/7577,STABLE,NONZERO_FIXED_POINT,-2.0602246385802516,-9.490739637163763,-83.00782636413771,-83.83386104646166
-4,-3,88,44/323,STABLE,NONZERO_FIXED_POINT,-2.099614729299656,-9.887896757904933,-86.93963303815863,-87.80538288400356
-4,-3,89,979/7929,STABLE,NONZERO_FIXED_POINT,-2.1419824835624457,-10.314760814604668,-91.16554043291859,-92.07397615896684
-4,-3,90,225/2027,STABLE,NONZERO_FIXED_POINT,-2.187906588904408,-10.777120894999236,-95.742860416773,-96.69753164735465
-4,-3,91,91/921,STABLE,NONZERO_FIXED_POINT,-2.238148712836356,-11.282595793991824,-100.74701896493633,-101.75223720281204
-4,-3,92,92/1059,STABLE,NONZERO_FIXED_POINT,-2.293740037987625,-11.84149936988237,-106.28012318569472,-107.34123131845669
-4,-3,93,651/8657,STABLE,NONZERO_FIXED_POINT,-2.3561258841375796,-12.468286769179493,-112.48527894564938,-113.6090653745984
-4,-3,94,47/737,STABLE,NONZERO_FIXED_POINT,-2.4274225686968656,-13.184123035635317,-119.57202009881206,-120.76738972873542
-4,-3,95,475/9033,STABLE,NONZERO_FIXED_POINT,-2.510910577973906,-14.021814826877467,-127.86513248094985,-129.14427088155742
-4,-3,96,48/1153,STABLE,NONZERO_FIXED_POINT,-2.6120850693626227,-15.036315440017056,-137.90865366281798,-139.2892417327371
-4,-3,97,97/3139,STABLE,NONZERO_FIXED_POINT,-2.741246821658354,-16.33063431831836,-150.7223770659263,-152.23239664736016
-4,-3,98,49/2403,STABLE,NONZERO_FIXED_POINT,-2.921520432119584,-18.13601902512132,-168.5956535041307,-170.2862111949061
-4,-3,99,99/9809,STABLE,NONZERO_FIXED_POINT,-3.22669289047988,-21.190340987075245,-198.83341004141977,-200.82939958135623
-4,-3,100,0,STABLE,NONZERO_FIXED_POINT,,,,
-4,-2,1,99/17,UNSTABLE,SINGULAR_BOUNDARY_LIMIT,0.09210674771787986,0.22538755182460335,0.2253875315741709,0.2253875315741709
-4,-2,2,49/5,UNSTABLE,SINGULAR_BOUNDARY_LIMIT,0.14120647484717708,0.30397808608432797,0.30397808584746144,0.30397808584748987
-4,-2,3,291/25,UNSTABLE,SINGULAR_BOUNDARY_LIMIT,0.0174356350727507,0.22349144416742917,0.22349144410020472,0.22349144410020472
-4,-2,4,12,UNSTABLE,SINGULAR_BOUNDARY_LIMIT,-0.05712676323708443,0.1924791911351953,0.19247919106983602,0.19247919106983602
-4,-2,5,475/41,UNSTABLE,SINGULAR_BOUNDARY_LIMIT,-0.10529091029459003,0.1859376869214131,0.18593768681108713,0.18593768681108713
-4,-2,6,141/13,UNSTABLE,SINGULAR_BOUNDARY_LIMIT,-0.13660485911445264,0.19395282066160036,0.1939528204231067,0.1939528204231067
-4,-2,7,651/65,UNSTABLE,SINGULAR_BOUNDARY_LIMIT,-0.155769876295885,0.21189801894292515,0.21189801837249433,0.21189801837255118
-4,-2,8,46/5,UNSTABLE,SINGULAR_BOUNDARY_LIMIT,-0.1652557558550729,0.23749143696703356,0.23749143556173635,0.23749143556173635
-4,-2,9,819/97,UNSTABLE,SINGULAR_BOUNDARY_LIMIT,-0.16631206395556575,0.26968933773382275,0.2696893342906037,0.2696893342906037
-4,-2,10,225/29,UNSTABLE,SINGULAR_BOUNDARY_LIMIT,-0.1593969302908569,0.30822762443807505,0.3082276161885602,0.3082276161885318
-4,-2,11,979/137,UNSTABLE,SINGULAR_BOUNDARY_LIMIT,-0.1443401673964626,0.35345043664952414,0.35345041746722927,0.35345041746717243
-4,-2,12,33/5,UNSTABLE,SINGULAR_BOUNDARY_LIMIT,-0.12034193880579735,0.40631061255798073,0.40631056938153165,0.40631056938153165
-4,-2,13,1131/185,UNSTABLE,SINGULAR_BOUNDARY_LIMIT,-0.08581098192576064,0.4685331129916577,0.46853301892718946,0.4685330189271326
-4,-2,14,301/53,UNSTABLE,SINGULAR_BOUNDARY_LIMIT,-0.03795464407625637,0.5430273311498865,0.5430271325623153,0.5430271325623153
-4,-2,15,1275/241,UNSTABLE,SINGULAR_BOUNDARY_LIMIT,0.02815510648740549,0.6348234470615353,0.6348230400557213,0.6348230400557213
-4,-2,16,84/17,UNSTABLE,SINGULAR_BOUNDARY_LIMIT,0.12189911674647469,0.7533920138650032,0.753391202440099,0.753391202440099
-4,-2,17,1411/305,UNSTABLE,SINGULAR_BOUNDARY_LIMIT,0.2641227194614544,0.9196575059504966,0.9196559291016797,0.9196559291016797
-4,-2,18,369/85,UNSTABLE,SINGULAR_BOUNDARY_LIMIT,0.5183000285954424,1.1971642337994979,1.1971612408876808,1.1971612408876808
-4,-2,19,1539/377,UNSTABLE,SINGULAR_BOUNDARY_LIMIT,1.5187964313405384,2.2203402401436065,2.2203346813622034,2.2203346813622034
-4,-2,20,50/13,UNSTABLE,SINGULAR_BOUNDARY_LIMIT,0.5590909179347823,1.2827208741191356,1.2827107534502318,1.2827107534502318
-4,-2,21,1659/457,UNSTABLE,SINGULAR_BOUNDARY_LIMIT,0.20935241676598082,0.9545262753182797,0.9545081833733207,0.9545081833733207
-4,-2,22,429/125,UNSTABLE,SINGULAR_BOUNDARY_LIMIT,0.001611660923957814,0.7678343701193171,0.7678025682790803,0.7678025682790235
-4,-2,23,1771/545,UNSTABLE,SINGULAR_BOUNDARY_LIMIT,-0.1506252504003207,0.6361956393374939,0.6361405965391214,0.6361405965391214
-4,-2,24,114/37,UNSTABLE,SINGULAR_BOUNDARY_LIMIT,-0.27295067328825695,0.534060707063631,0.5339667843128666,0.5339667843128666
-4,-2,25,1875/641,UNSTABLE,SINGULAR_BOUNDARY_LIMIT,-0.3764997422848797,0.4503378096911348,0.4501796267606437,0.4501796267606437
-4,-2,26,481/173,UNSTABLE,SINGULAR_BOUNDARY_LIMIT,-0.4671410151225004,0.3792045819069756,0.3789413584551653,0.37894135845510846
-4,-2,27,1971/745,UNSTABLE,SINGULAR_BOUNDARY_LIMIT,-0.5483551863098821,0.31723278912565434,0.31679958731422175,0.31679958731422175
-4,-2,28,63/25,UNSTABLE,SINGULAR_BOUNDARY_LIMIT,-0.622380770167851,0.26224766678270583,0.2615419110131256,0.2615419110131256
-4,-2,29,2059/857,UNSTABLE,SINGULAR_BOUNDARY_LIMIT,-0.6907453231860128,0.21280414129654446,0.21166495382522044,0.21166495382522044
-4,-2,30,525/229,UNSTABLE,SINGULAR_BOUNDARY_LIMIT,-0.7545397043515472,0.16792372193145155,0.16610033167518168,0.16610033167523852
-4,-2,31,2139/977,UNSTABLE,SINGULAR_BOUNDARY_LIMIT,-0.8145715087765613,0.1269579247087762,0.12406141539264581,0.12406141539264581
-4,-2,32,136/65,UNSTABLE,SINGULAR_BOUNDARY_LIMIT,-0.8714564434051546,0.08952262701578206,0.08495212779067174,0.08495212779070016
-4,-2,33,2211/1105,UNSTABLE,SINGULAR_BOUNDARY_LIMIT,-0.925675545858514,0.055480640910545276,0.048309877178212446,0.0483098771781556
-4,-2,34,561/293,UNSTABLE,SINGULAR_BOUNDARY_LIMIT,-0.9776125236947699,0.024967103026966697,0.013768353097873387,0.013768353097873387
-4,-2,35,2275/1241,UNSTABLE,SINGULAR_BOUNDARY_LIMIT,-1.0086114009504712,0.017433541703127275,0.0,0.0
-4,-2,36,72/41,UNSTABLE,SINGULAR_BOUNDARY_LIMIT,-1.0256926429937856,0.02710354709245877,0.0,0.0
-4,-2,37,2331/1385,UNSTABLE,SINGULAR_BOUNDARY_LIMIT,-1.0426395262577852,0.04219386191059016,0.0,0.0
-4,-2,38,589/365,UNSTABLE,SINGULAR_BOUNDARY_LIMIT,-1.0594663376067626,0.06604285056927495,0.0,0.0
-4,-2,39,2379/1537,UNSTABLE,SINGULAR_BOUNDARY_LIMIT,-1.0761868072909806,0.10463902083431265,0.0,0.0
-4,-2,40,150/101,UNSTABLE,SINGULAR_BOUNDARY_LIMIT,-1.0928141821563333,0.16994312986995652,0.0,0.0
-4,-2,41,2419/1697,UNSTABLE,SINGULAR_BOUNDARY_LIMIT,-1.109361293229723,0.29092943232141977,0.0,0.0
-4,-2,42,609/445,UNSTABLE,SINGULAR_BOUNDARY_LIMIT,-1.1258406185793888,0.575239248164543,-2.2737367544323206e-13,1.7053025658242404e-13
-4,-2,43,2451/1865,UNSTABLE,SINGULAR_BOUNDARY_LIMIT,-1.1422643422483514,0.9955322688070396,-1.318767317570746e-11,1.000444171950221e-11
-4,-2,44,77/61,UNSTABLE,SINGULAR_BOUNDARY_LIMIT,-1.1586444099772066,0.18841856303701832,-7.102585186657961e-10,5.626930033031385e-10
-4,-2,45,2475/2041,UNSTABLE,SINGULAR_BOUNDARY_LIMIT,-1.174992582367059,-0.16507019620937768,-3.7755455650767544e-08,3.1134902656049235e-08
-4,-2,46,621/533,UNSTABLE,SINGULAR_BOUNDARY_LIMIT,-1.191320486082148,-0.42716995887911224,-1.9792373677773867e-06,1.6987729622996994e-06
-4,-2,47,2491/2225,UNSTABLE,SINGULAR_BOUNDARY_LIMIT,-1.2076396636532465,-0.6508750602798727,-0.00010263459427051203,9.169533103658978e-05
-4,-2,48,156/145,UNSTABLE,SINGULAR_BOUNDARY_LIMIT,-1.2239616224158745,-0.8545989943178469,-0.005250900488846355,0.00493823856771769
-4,-2,49,2499/2417,UNSTABLE,SINGULAR_BOUNDARY_LIMIT,-1.2402978831010394,-1.0468328957361237,-0.21035988124810956,0.4008890099673863
-4,-2,50,625/629,STABLE,NONZERO_FIXED_POINT,-1.2566600285899483,-1.232122820524502,-1.5168553738694186,-1.492455978223063
-4,-2,51,2499/2617,STABLE,NONZERO_FIXED_POINT,-1.2730597533480168,-1.413138832195692,-3.2131977521910358,-3.232715254641846
-4,-2,52,78/85,STABLE,NONZERO_FIXED_POINT,-1.2895089140674578,-1.5915533312191386,-4.924406421925397,-4.961720833172166
-4,-2,53,2491/2825,STABLE,NONZERO_FIXED_POINT,-1.3060195820722544,-1.768467651958403,-6.639187328252206,-6.693831865301036
-4,-2,54,621/733,STABLE,NONZERO_FIXED_POINT,-1.3226040980753755,-1.9446398314303437,-8.358646729652776,-8.430659100604544
-4,-2,55,2475/3041,STABLE,NONZERO_FIXED_POINT,-1.339275129926719,-2.120614839627102,-10.084160543690814,-10.173601760500503
-4,-2,56,154/197,STABLE,NONZERO_FIXED_POINT,-1.3560457340530583,-2.2968028802492313,-11.817140048534242,-11.924085553858191
-4,-2,57,2451/3265,STABLE,NONZERO_FIXED_POINT,-1.3729294213706353,-2.4735282704409514,-13.559034315440954,-13.683574189799913
-4,-2,58,609/845,STABLE,NONZERO_FIXED_POINT,-1.389940228549401,-2.651060854245813,-15.311337717220397,-15.453577133537237
-4,-2,59,2419/3497,STABLE,NONZERO_FIXED_POINT,-1.407092795629218,-2.8296366850536785,-17.07559810719448,-17.235657871141882
-4,-2,60,75/113,STABLE,NONZERO_FIXED_POINT,-1.42440245113675,-3.0094719543966804,-18.85342569988856,-19.03144287998026
-4,-2,61,2379/3737,STABLE,NONZERO_FIXED_POINT,-1.4418853060333863,-3.190772604780527,-20.646502787596603,-20.842631443408948
-4,-2,62,589/965,STABLE,NONZERO_FIXED_POINT,-1.4595583580465128,-3.373741165340107,-22.45659445013797,-22.671006468694657
-4,-2,63,2331/3985,STABLE,NONZERO_FIXED_POINT,-1.4774396082080905,-3.558581805539447,-24.28556044166504,-24.51844649387658
-4,-2,64,144/257,STABLE,NONZERO_FIXED_POINT,-1.4955481917579743,-3.7455042647358283,-26.135368471047343,-26.386939102283407
-4,-2,65,2275/4241,STABLE,NONZERO_FIXED_POINT,-1.5139045259798127,-3.9347271023201316,-28.008109132690947,-28.27859600415752
-4,-2,66,561/1093,STABLE,NONZERO_FIXED_POINT,-1.532530478044876,-4.126480577453833,-29.906012794619357,-30.19567009531295
-4,-2,67,2211/4505,STABLE,NONZERO_FIXED_POINT,-1.5514495565693682,-4.321009381369514,-31.831468812795947,-32.14057486553236
-4,-2,68,68/145,STABLE,NONZERO_FIXED_POINT,-1.5706871313776762,-4.51857539192121,-33.78704751835642,-34.11590660788511
-4,-2,69,2139/4777,STABLE,NONZERO_FIXED_POINT,-1.590270686952163,-4.7194605891873,-35.77552552205617,-36.12446997876799
-4,-2,70,525/1229,STABLE,NONZERO_FIXED_POINT,-1.610230116298812,-4.923970256103445,-37.799915003689534,-38.169307583169996
-4,-2,71,2059/5057,STABLE,NONZERO_FIXED_POINT,-1.6305980635466533,-5.1324365856212,-39.86349781135846,-40.25373441837297
-4,-2,72,126/325,STABLE,NONZERO_FIXED_POINT,-1.6514103256348083,-5.345222823861157,-41.96986539689232,-42.38137821275362
-4,-2,73,1971/5345,STABLE,NONZERO_FIXED_POINT,-1.6727063260706494,-5.562728096655327,-44.12296587392626,-44.55622695919163
-4,-2,74,481/1373,STABLE,NONZERO_FIXED_POINT,-1.6945296771674805,-5.785393095460591,-46.32715982411469,-46.78268528497756
-4,-2,75,1875/5641,STABLE,NONZERO_FIXED_POINT,-1.716928851671586,-6.01370683980354,-48.58728692249241,-49.0656417501541
-4,-2,76,57/181,STABLE,NONZERO_FIXED_POINT,-1.7399579906619564,-6.248214790552808,-50.90874604428612,-51.410549763482834
-4,-2,77,1771/5945,STABLE,NONZERO_FIXED_POINT,-1.7636778826160544,-6.489528666655147,-53.297592308395224,-53.823525606159876
-4,-2,78,429/1525,STABLE,NONZERO_FIXED_POINT,-1.7881571593973309,-6.738338425401153,-55.76065558806181,-56.311468139559906
-4,-2,79,1659/6257,STABLE,NONZERO_FIXED_POINT,-1.8134737698304573,-6.995427014581438,-58.30568649530187,-58.882206264255046
-4,-2,80,100/401,STABLE,NONZERO_FIXED_POINT,-1.839716812268481,-7.261688711729747,-60.941537898699636,-61.54468227131977
-4,-2,81,1539/6577,STABLE,NONZERO_FIXED_POINT,-1.8669888368169723,-7.538152157888085,-63.67839293093891,-64.30918215296668
-4,-2,82,369/1685,STABLE,NONZERO_FIXED_POINT,-1.8954087698179851,-7.8260096124569785,-66.52805459423837,-67.1876281332867
-4,-2,83,1411/6905,STABLE,NONZERO_FIXED_POINT,-1.925115674345241,-8.126654567011215,-69.50431812552245,-70.19395479468278
-4,-2,84,42/221,STABLE,NONZERO_FIXED_POINT,-1.9562736513254784,-8.44173076448321,-72.62345627861546,-73.34459926190269
-4,-2,85,1275/7241,STABLE,NONZERO_FIXED_POINT,-1.9890783237807472,-8.773197048838043,-75.90486133081288,-76.65914969352343
-4,-2,86,301/1853,STABLE,NONZERO_FIXED_POINT,-2.023765560855141,-9.123414611999564,-79.37190882385624,-80.1612177475813
-4,-2,87,1131/7585,STABLE,NONZERO_FIXED_POINT,-2.060623439785413,-9.495266619712119,-83.05314185741014,-83.8796348376074
-4,-2,88,66/485,STABLE,NONZERO_FIXED_POINT,-2.1000090048436704,-9.89232580668601,-86.98393027911678,-87.8501280821772
-4,-2,89,979/7937,STABLE,NONZERO_FIXED_POINT,-2.1423723350086448,-10.319095158641943,-91.2088534353851,-92.11772712388756
-4,-2,90,225/2029,STABLE,NONZERO_FIXED_POINT,-2.188292114435189,-10.78136362199104,-95.78522169605475,-96.74032122497675
-4,-2,91,819/8297,STABLE,NONZERO_FIXED_POINT,-2.2385300074015895,-11.286749857977384,-100.78845961943131,-101.79409680776217
-4,-2,92,23/265,STABLE,NONZERO_FIXED_POINT,-2.294117193445027,-11.845567598413624,-106.32067297322442,-107.38219101114359
-4,-2,93,651/8665,STABLE,NONZERO_FIXED_POINT,-2.35649898938553,-12.472271870035641,-112.52496635491104,-113.64915393339271
-4,-2,94,141/2213,STABLE,NONZERO_FIXED_POINT,-2.4277917098001804,-13.188027603113603,-119.61087241631077,-120.80663471758263
-4,-2,95,475/9041,STABLE,NONZERO_FIXED_POINT,-2.5112758382829945,-14.025641347691234,-127.90317585373981,-129.18269871335838
-4,-2,96,24/577,STABLE,NONZERO_FIXED_POINT,-2.612446529626437,-15.040066298829377,-137.94591315735656,-139.32687772880067
-4,-2,97,291/9425,STABLE,NONZERO_FIXED_POINT,-2.741604560131549,-16.334311802937165,-150.75887672331834,-152.26926509321027
-4,-2,98,49/2405,STABLE,NONZERO_FIXED_POINT,-2.921874524664192,-18.139625331380124,-168.63141639201913,-170.32233539270047
-4,-2,99,99/9817,STABLE,NONZERO_FIXED_POINT,-3.2270434106618637,-21.193878223421216,-198.86845830275723,-200.86480189915423
-4,-2,100,0,STABLE,NONZERO_FIXED_POINT,,,,
-4,-1,1,3,UNSTABLE,SINGULAR_BOUNDARY_LIMIT,0.15182268432874402,0.3412314722283689,0.3412194101639585,0.3412194101639585
-4,-1,2,49/9,UNSTABLE,SINGULAR_BOUNDARY_LIMIT,0.16793013015311686,0.3617360330080004,0.36173597489337794,0.36173597489340636
-4,-1,3,291/41,UNSTABLE,SINGULAR_BOUNDARY_LIMIT,0.03848669873702981,0.26599351539226035,0.26599350885010153,0.26599350885010153
-4,-1,4,8,UNSTABLE,SINGULAR_BOUNDARY_LIMIT,-0.037705798720134354,0.22829057450914547,0.2282905717749486,0.2282905717749486
-4,-1,5,25/3,UNSTABLE,SINGULAR_BOUNDARY_LIMIT,-0.08620158892335184,0.2182889411268576,0.21828893885012235,0.21828893885012235
-4,-1,6,141/17,UNSTABLE,SINGULAR_BOUNDARY_LIMIT,-0.11721909188675106,0.22447495656579974,0.22447495376877669,0.22447495376877669
-4,-1,7,217/27,UNSTABLE,SINGULAR_BOUNDARY_LIMIT,-0.13567059392584113,0.241595363788349,0.24159535949308975,0.24159535949308975
-4,-1,8,23/3,UNSTABLE,SINGULAR_BOUNDARY_LIMIT,-0.14408417670170692,0.2670961897382256,0.26709618225197573,0.26709618225197573
-4,-1,9,819/113,UNSTABLE,SINGULAR_BOUNDARY_LIMIT,-0.14369451372844644,0.299827337184837,0.2998273232038855,0.29982732320382866
-4,-1,10,75/11,UNSTABLE,SINGULAR_BOUNDARY_LIMIT,-0.13489056138024935,0.3395200014648836,0.33951997444242465,0.33951997444242465
-4,-1,11,979/153,UNSTABLE,SINGULAR_BOUNDARY_LIMIT,-0.11737147416196159,0.3866013958787775,0.3866013429524173,0.3866013429523605
-4,-1,12,6,UNSTABLE,SINGULAR_BOUNDARY_LIMIT,-0.09011465468263946,0.44221509011079263,0.4422149863963938,0.4422149863963938
-4,-1,13,377/67,UNSTABLE,SINGULAR_BOUNDARY_LIMIT,-0.05114375228681922,0.5084487859160518,0.5084485841224478,0.5084485841224478
-4,-1,14,301/57,UNSTABLE,SINGULAR_BOUNDARY_LIMIT,0.003042541221205397,0.5889044705799265,0.5889040824778249,0.5889040824778249
-4,-1,15,1275/257,UNSTABLE,SINGULAR_BOUNDARY_LIMIT,0.07881833354553791,0.6900465671405129,0.6900458311143893,0.6900458311143893
-4,-1,16,14/3,UNSTABLE,SINGULAR_BOUNDARY_LIMIT,0.189029077255098,0.8248013357157156,0.8247999609280043,0.8247999609280043
-4,-1,17,1411/321,UNSTABLE,SINGULAR_BOUNDARY_LIMIT,0.3654106494225431,1.0249769913929256,1.0249744632314446,1.0249744632313877
-4,-1,18,369/89,UNSTABLE,SINGULAR_BOUNDARY_LIMIT,0.7333947724182526,1.4160701875642587,1.4160656098572417,1.4160656098572986
-4,-1,19,513/131,UNSTABLE,SINGULAR_BOUNDARY_LIMIT,1.0294205977804207,1.7345786299276398,1.7345704651390292,1.7345704651389724
-4,-1,20,100/27,UNSTABLE,SINGULAR_BOUNDARY_LIMIT,0.3923407710771363,1.1194081358139556,1.1193937824309899,1.1193937824309899
-4,-1,21,1659/473,UNSTABLE,SINGULAR_BOUNDARY_LIMIT,0.12359607746273937,0.8720482684114614,0.8720233810614673,0.8720233810614673
-4,-1,22,143/43,UNSTABLE,SINGULAR_BOUNDARY_LIMIT,-0.055720134695434353,0.7136378002880903,0.7135952068688027,0.7135952068688027
-4,-1,23,161/51,UNSTABLE,SINGULAR_BOUNDARY_LIMIT,-0.19344531304448687,0.5963825324332461,0.5963105249265368,0.5963105249265652
-4,-1,24,3,UNSTABLE,SINGULAR_BOUNDARY_LIMIT,-0.3069711893013869,0.502933250399316,0.5028129089513271,0.5028129089513271
-4,-1,25,625/219,UNSTABLE,SINGULAR_BOUNDARY_LIMIT,-0.4046202785452593,0.42501112138226205,0.42481215507228853,0.42481215507228853
-4,-1,26,481/177,UNSTABLE,SINGULAR_BOUNDARY_LIMIT,-0.491034718887855,0.3580214769495811,0.35769579997952405,0.3576957999794672
-4,-1,27,1971/761,UNSTABLE,SINGULAR_BOUNDARY_LIMIT,-0.5690747960202316,0.2991590428894568,0.2986309070048492,0.298630907004906
-4,-1,28,42/17,UNSTABLE,SINGULAR_BOUNDARY_LIMIT,-0.6406314438468286,0.2466009318667659,0.24575183588177651,0.24575183588177651
-4,-1,29,2059/873,UNSTABLE,SINGULAR_BOUNDARY_LIMIT,-0.7070223510760272,0.19911868508779662,0.19776437225834798,0.19776437225834798
-4,-1,30,525/233,UNSTABLE,SINGULAR_BOUNDARY_LIMIT,-0.7692041728244483,0.15587826439936237,0.15373372296460275,0.15373372296460275
-4,-1,31,713/331,UNSTABLE,SINGULAR_BOUNDARY_LIMIT,-0.8278946918723147,0.11633632984168685,0.11296253668228928,0.11296253668228928
-4,-1,32,68/33,UNSTABLE,SINGULAR_BOUNDARY_LIMIT,-0.883647247748363,0.08019396325243378,0.07491663547361327,0.07491663547361327
-4,-1,33,2211/1121,UNSTABLE,SINGULAR_BOUNDARY_LIMIT,-0.9368982211608703,0.047392797873271775,0.0391776727323645,0.0391776727323645
-4,-1,34,17/9,UNSTABLE,SINGULAR_BOUNDARY_LIMIT,-0.9879985072005066,0.018152561000711387,0.005411786751835734,0.005411786751835734
-4,-1,35,2275/1257,UNSTABLE,SINGULAR_BOUNDARY_LIMIT,-1.0105832294542694,0.019714002481975967,0.0,0.0
-4,-1,36,144/83,UNSTABLE,SINGULAR_BOUNDARY_LIMIT,-1.0276100610395087,0.030492752929298206,0.0,0.0
-4,-1,37,777/467,UNSTABLE,SINGULAR_BOUNDARY_LIMIT,-1.0445054560106435,0.047282067800615835,0.0,0.0
-4,-1,38,589/369,UNSTABLE,SINGULAR_BOUNDARY_LIMIT,-1.061283471981211,0.07382516613382961,0.0,0.0
-4,-1,39,2379/1553,UNSTABLE,SINGULAR_BOUNDARY_LIMIT,-1.0779576333199792,0.11694952084852162,0.0,0.0
-4,-1,40,25/17,UNSTABLE,SINGULAR_BOUNDARY_LIMIT,-1.0945410014568395,0.19070143247730442,0.0,0.0
-4,-1,41,2419/1713,UNSTABLE,SINGULAR_BOUNDARY_LIMIT,-1.1110462399869103,0.3311493362838718,0.0,0.0
-4,-1,42,609/449,UNSTABLE,SINGULAR_BOUNDARY_LIMIT,-1.1274856754020277,0.6965969780857932,-5.684341886080801e-13,3.979039320256561e-13
-4,-1,43,43/33,UNSTABLE,SINGULAR_BOUNDARY_LIMIT,-1.1438713541907592,0.712705505535574,-3.0468072509393096e-11,2.3391066861222498e-11
-4,-1,44,154/123,UNSTABLE,SINGULAR_BOUNDARY_LIMIT,-1.1602150969764367,0.10759771459472489,-1.5868977243371774e-09,1.2674661320488667e-09
-4,-1,45,225/187,UNSTABLE,SINGULAR_BOUNDARY_LIMIT,-1.1765285503054876,-0.21793751406909223,-8.146508889694815e-08,6.770653726562159e-08
-4,-1,46,207/179,UNSTABLE,SINGULAR_BOUNDARY_LIMIT,-1.1928232366538545,-0.468988858075555,-4.133484111434882e-06,3.574397197780854e-06
-4,-1,47,2491/2241,UNSTABLE,SINGULAR_BOUNDARY_LIMIT,-1.2091106031860868,-0.6867907254212753,-0.00020785935566891567,0.0001870833671659966
-4,-1,48,78/73,UNSTABLE,SINGULAR_BOUNDARY_LIMIT,-1.2254020697791805,-0.8868192898381011,-0.01027452833588427,0.009841218201074753
-4,-1,49,833/811,UNSTABLE,SINGULAR_BOUNDARY_LIMIT,-1.2417090768103165,-1.076487024462054,-0.3411841343954052,0.7899286990836458
-4,-1,50,625/633,STABLE,NONZERO_FIXED_POINT,-1.2580431332044988,-1.2598540493977524,-1.7819391808502587,-1.7729634205369393
-4,-1,51,2499/2633,STABLE,NONZERO_FIXED_POINT,-1.2744158652442916,-1.439342099687508,-3.47392945819405,-3.4963297245499234
-4,-1,52,52/57,STABLE,NONZERO_FIXED_POINT,-1.2908390666598066,-1.6164855703687095,-5.17543070475628,-5.215296671711343
-4,-1,53,2491/2841,STABLE,NONZERO_FIXED_POINT,-1.3073247505433816,-1.792304455726196,-6.880932808201976,-6.9380302071697315
-4,-1,54,621/737,STABLE,NONZERO_FIXED_POINT,-1.3238852036707325,-1.9675067196651383,-8.591616026533416,-8.665991912166646
-4,-1,55,825/1019,STABLE,NONZERO_FIXED_POINT,-1.3405330438601801,-2.142605427878955,-10.308822544410134,-10.400542779828015
-4,-1,56,7/9,STABLE,NONZERO_FIXED_POINT,-1.357281281065367,-2.3179898460005326,-12.033930927631715,-12.14307539705608
-4,-1,57,2451/3281,STABLE,NONZERO_FIXED_POINT,-1.3741433829770102,-2.493970163735824,-13.768360299545975,-13.895023218679967
-4,-1,58,203/283,STABLE,NONZERO_FIXED_POINT,-1.3911333460083366,-2.6708064231653523,-15.513577605716222,-15.65786800332728
-4,-1,59,2419/3513,STABLE,NONZERO_FIXED_POINT,-1.408265772660707,-2.84872767466738,-17.271105543653334,-17.433147825083495
-4,-1,60,150/227,STABLE,NONZERO_FIXED_POINT,-1.4255559564148825,-3.027944948896284,-19.042531221945268,-19.222465820082704
-4,-1,61,793/1251,STABLE,NONZERO_FIXED_POINT,-1.4430199754754405,-3.208660260433703,-20.829515680006693,-21.027499802382465
-4,-1,62,31/51,STABLE,NONZERO_FIXED_POINT,-1.4606747969181608,-3.39107305065032,-22.63380442267288,-22.850012904936534
-4,-1,63,2331/4001,STABLE,NONZERO_FIXED_POINT,-1.478538393062152,-3.575384985335326,-24.457239150824364,-24.691865428682775
-4,-1,64,24/43,STABLE,NONZERO_FIXED_POINT,-1.4966298722222628,-3.761803715577262,-26.30177090225601,-26.555028116123992
-4,-1,65,2275/4257,STABLE,NONZERO_FIXED_POINT,-1.5149696264079715,-3.950546015585921,-28.169474857652574,-28.441597106836582
-4,-1,66,561/1097,STABLE,NONZERO_FIXED_POINT,-1.5335794990426024,-4.141840586743861,-30.062567116762295,-30.353810883080826
-4,-1,67,67/137,STABLE,NONZERO_FIXED_POINT,-1.5524829764071448,-4.335930738193682,-31.9834238122412,-32.294069576696785
-4,-1,68,136/291,STABLE,NONZERO_FIXED_POINT,-1.5717054072999819,-4.533077105467655,-33.93460300652552,-34.26495708714123
-4,-1,69,2139/4793,STABLE,NONZERO_FIXED_POINT,-1.5912742563921576,-4.733560540648625,-35.91886991489008,-36.269266559310324
-4,-1,70,175/411,STABLE,NONZERO_FIXED_POINT,-1.6112193980065435,-4.9376852945708265,-37.93922612144701,-38.310029894636784
-4,-1,71,2059/5073,STABLE,NONZERO_FIXED_POINT,-1.6315734586380835,-5.1457826102819695,-39.998943612086805,-40.39055212778618
-4,-1,72,63/163,STABLE,NONZERO_FIXED_POINT,-1.65237221856823,-5.358214855737465,-42.101604649889424,-42.514451704839786
-4,-1,73,657/1787,STABLE,NONZERO_FIXED_POINT,-1.673655085556451,-5.575380342130096,-44.25114877883709,-44.685707961782896
-4,-1,74,481/1377,STABLE,NONZERO_FIXED_POINT,-1.6954656570166264,-5.797719003177086,-46.45192858070675,-46.9087174445898
-4,-1,75,1875/5657,STABLE,NONZERO_FIXED_POINT,-1.7178523915877264,-6.025719152082559,-48.70877625562815,-49.188361162304886
-4,-1,76,38/121,STABLE,NONZERO_FIXED_POINT,-1.7408694169815782,-6.259925590172436,-51.02708368814376,-51.53008546184341
-4,-1,77,1771/5961,STABLE,NONZERO_FIXED_POINT,-1.7645775090007234,-6.5009494196334074,-53.4128994535763,-53.94000001421574
-4,-1,78,39/139,STABLE,NONZERO_FIXED_POINT,-1.7890452874816951,-6.749480020280281,-55.87304729485851,-56.42499748808612
-4,-1,79,553/2091,STABLE,NONZERO_FIXED_POINT,-1.8143506898293644,-7.0062997986125595,-58.41527207607123,-58.99290097758421
-4,-1,80,50/201,STABLE,NONZERO_FIXED_POINT,-1.8405828035462548,-7.272302524284839,-61.048421272002344,-61.65264732508683
-4,-1,81,81/347,STABLE,NONZERO_FIXED_POINT,-1.867844168421664,-7.548516361373224,-63.78267294984312,-64.41451740575536
-4,-1,82,123/563,STABLE,NONZERO_FIXED_POINT,-1.8962537009831397,-7.836133120960994,-66.62982535095799,-67.29042863436996
-4,-1,83,1411/6921,STABLE,NONZERO_FIXED_POINT,-1.9259504549615176,-8.136545872892853,-69.60366923435447,-70.29431106984089
-4,-1,84,84/443,STABLE,NONZERO_FIXED_POINT,-1.9570985223842854,-8.4513979630754,-72.72047313895712,-73.44259757911829
-4,-1,85,425/2419,STABLE,NONZERO_FIXED_POINT,-1.9898935177918542,-8.782647861427606,-75.99962537187355,-76.75487231018508
-4,-1,86,301/1857,STABLE,NONZERO_FIXED_POINT,-2.024571302240071,-9.132656407224225,-79.4644977325326,-80.25474314067856
-4,-1,87,1131/7601,STABLE,NONZERO_FIXED_POINT,-2.0614199452482964,-9.504306433502144,-83.14362979065834,-83.97103791826527
-4,-1,88,11/81,STABLE,NONZERO_FIXED_POINT,-2.1007964837210853,-9.901170360865923,-87.07238806203826,-87.93948039575868
-4,-1,89,89/723,STABLE,NONZERO_FIXED_POINT,-2.143150989599844,-10.327750878296605,-91.29534874613302,-92.20509703678266
-4,-1,90,225/2033,STABLE,NONZERO_FIXED_POINT,-2.18906214031405,-10.789836651691324,-95.86981923857257,-96.82577409909925
-4,-1,91,273/2771,STABLE,NONZERO_FIXED_POINT,-2.2392915937114495,-11.295046076951962,-100.87122128494548,-101.87769516368695
-4,-1,92,46/531,STABLE,NONZERO_FIXED_POINT,-2.294870523177547,-11.853692634746025,-106.40165799133732,-107.46399468073716
-4,-1,93,651/8681,STABLE,NONZERO_FIXED_POINT,-2.3572442396446007,-12.480231113958908,-112.60423143506443,-113.72922020271727
-4,-1,94,47/739,STABLE,NONZERO_FIXED_POINT,-2.428529052051836,-13.195826219468827,-119.68847188032947,-120.88501846078859
-4,-1,95,475/9057,STABLE,NONZERO_FIXED_POINT,-2.5120054385921833,-14.033284287610606,-127.97916176010312,-129.25945251822105
-4,-1,96,12/289,STABLE,NONZERO_FIXED_POINT,-2.6131685488815215,-15.047558310699603,-138.02033541779377,-139.4020520145027
-4,-1,97,97/3147,STABLE,NONZERO_FIXED_POINT,-2.7423191542572365,-16.34165744269437,-150.83178321227518,-152.34290822092217
-4,-1,98,49/2409,STABLE,NONZERO_FIXED_POINT,-2.9225818448236414,-18.146828972183336,-168.7028530494982,-170.39449376946803
-4,-1,99,99/9833,STABLE,NONZERO_FIXED_POINT,-3.227743603448607,-21.2009440647478,-198.93846923099522,-200.93552007555982
-4,-1,100,0,STABLE,NONZERO_FIXED_POINT,,,,
-4,0,1,99/65,UNSTABLE,SINGULAR_BOUNDARY_LIMIT,0.3750529971289609,0.667890609692364,0.6587196398060371,0.6587196398060371
-4,0,2,49/17,UNSTABLE,SINGULAR_BOUNDARY_LIMIT,0.25719408502502894,0.5071404770631247,0.5071158717442188,0.5071158717442472
-4,0,3,291/73,UNSTABLE,SINGULAR_BOUNDARY_LIMIT,0.09849889906334397,0.3659704636490346,0.3659690091214429,0.3659690091214429
-4,0,4,24/5,UNSTABLE,SINGULAR_BOUNDARY_LIMIT,0.01318125095354894,0.3102121703821865,0.31021185518858374,0.31021185518858374
-4,0,5,475/89,UNSTABLE,SINGULAR_BOUNDARY_LIMIT,-0.038594111989368685,0.2912640280489782,0.29126388747243936,0.29126388747243936
-4,0,6,141/25,UNSTABLE,SINGULAR_BOUNDARY_LIMIT,-0.07032287343803745,0.29282227164080865,0.2928221733031364,0.292822173303108
-4,0,7,651/113,UNSTABLE,SINGULAR_BOUNDARY_LIMIT,-0.08797007617386399,0.3078782472025665,0.30787815476236347,0.3078781547624203
-4,0,8,23/4,UNSTABLE,SINGULAR_BOUNDARY_LIMIT,-0.09442270257014584,0.3331481785417125,0.33314807257170287,0.33314807257170287
-4,0,9,819/145,UNSTABLE,SINGULAR_BOUNDARY_LIMIT,-0.09097162387501712,0.3672114735517411,0.36721133460616784,0.367211334606111
-4,0,10,225/41,UNSTABLE,SINGULAR_BOUNDARY_LIMIT,-0.07786495916044345,0.40980770683732004,0.4098075073301004,0.4098075073301004
-4,0,11,979/185,UNSTABLE,SINGULAR_BOUNDARY_LIMIT,-0.05445809053694539,0.4616215844892224,0.4616212800390258,0.4616212800390258
-4,0,12,66/13,UNSTABLE,SINGULAR_BOUNDARY_LIMIT,-0.019085628436549484,0.5243808623492328,0.5243803787604406,0.5243803787604406
-4,0,13,1131/233,UNSTABLE,SINGULAR_BOUNDARY_LIMIT,0.031419750850433914,0.6013230207296942,0.601322232745872,0.601322232745872
-4,0,14,301/65,UNSTABLE,SINGULAR_BOUNDARY_LIMIT,0.10293044551026931,0.6983913492993992,0.6983900455174421,0.6983900455174421
-4,0,15,75/17,UNSTABLE,SINGULAR_BOUNDARY_LIMIT,0.20722390618085118,0.8274315620049251,0.8274293871769487,0.8274293871769487
-4,0,16,21/5,UNSTABLE,SINGULAR_BOUNDARY_LIMIT,0.3726752741580448,1.0168829644641733,1.0168793253678245,1.0168793253678245
-4,0,17,1411/353,UNSTABLE,SINGULAR_BOUNDARY_LIMIT,0.7031630168522707,1.3706836105591975,1.370677523775612,1.370677523775612
-4,0,18,369/97,UNSTABLE,SINGULAR_BOUNDARY_LIMIT,1.2333782174455052,1.923579645679645,1.9235694935705965,1.9235694935706533
-4,0,19,1539/425,UNSTABLE,SINGULAR_BOUNDARY_LIMIT,0.45957351372489086,1.1718745996568956,1.1718577424549608,1.1718577424549608
-4,0,20,100/29,UNSTABLE,SINGULAR_BOUNDARY_LIMIT,0.17420308649404692,0.9080699231331266,0.9080420871912054,0.908042087191177
-4,0,21,1659/505,UNSTABLE,SINGULAR_BOUNDARY_LIMIT,-0.011907133174862139,0.7430359063024241,0.7429902265038777,0.7429902265038777
-4,0,22,429/137,UNSTABLE,SINGULAR_BOUNDARY_LIMIT,-0.15345793444028288,0.6221141082270165,0.6220396393746341,0.6220396393746341
-4,0,23,1771/593,UNSTABLE,SINGULAR_BOUNDARY_LIMIT,-0.26949985292531764,0.5262954937930004,0.5261749111679705,0.5261749111679137
-4,0,24,57/20,UNSTABLE,SINGULAR_BOUNDARY_LIMIT,-0.36895997030439887,0.44669519296039084,0.44650126083999453,0.44650126083999453
-4,0,25,1875/689,UNSTABLE,SINGULAR_BOUNDARY_LIMIT,-0.45675513780057564,0.3784414394611417,0.3781316153184662,0.378131615318523
-4,0,26,13/5,UNSTABLE,SINGULAR_BOUNDARY_LIMIT,-0.535889420817127,0.3185812066812552,0.31808943360655917,0.31808943360655917
-4,0,27,1971/793,UNSTABLE,SINGULAR_BOUNDARY_LIMIT,-0.6083368648061089,0.26520191385103686,0.2644261819116309,0.26442618191168776
-4,0,28,126/53,UNSTABLE,SINGULAR_BOUNDARY_LIMIT,-0.6754668860469479,0.2170126110595305,0.21579615829975296,0.21579615829975296
-4,0,29,2059/905,UNSTABLE,SINGULAR_BOUNDARY_LIMIT,-0.7382702254441345,0.1731277855724258,0.17123073122849064,0.1712307312284338
-4,0,30,525/241,UNSTABLE,SINGULAR_BOUNDARY_LIMIT,-0.7974881658937196,0.13295275173818766,0.1300092938958528,0.13000929389590965
-4,0,31,2139/1025,UNSTABLE,SINGULAR_BOUNDARY_LIMIT,-0.8536908508757524,0.09612739997725583,0.09158109911857082,0.09158109911857082
-4,0,32,2,UNSTABLE,SINGULAR_BOUNDARY_LIMIT,-0.9073270399351983,0.06251019867240615,0.055515641266040916,0.055515641266040916
-4,0,33,2211/1153,UNSTABLE,SINGULAR_BOUNDARY_LIMIT,-0.9587569727451601,0.032197899366003924,0.021469915539171325,0.021469915539171325
-4,0,34,561/305,UNSTABLE,SINGULAR_BOUNDARY_LIMIT,-0.997440898120999,0.016421010509432676,0.0,0.0
-4,0,35,2275/1289,UNSTABLE,SINGULAR_BOUNDARY_LIMIT,-1.0145002299135744,0.02512191615601722,0.0,0.0
-4,0,36,144/85,UNSTABLE,SINGULAR_BOUNDARY_LIMIT,-1.0314196861862737,0.03849594689361169,0.0,0.0
-4,0,37,2331/1433,UNSTABLE,SINGULAR_BOUNDARY_LIMIT,-1.0482134356914,0.059281644336664385,0.0,0.0
-4,0,38,589/377,UNSTABLE,SINGULAR_BOUNDARY_LIMIT,-1.0648950893181617,0.09223709272131231,0.0,0.0
-4,0,39,2379/1585,UNSTABLE,SINGULAR_BOUNDARY_LIMIT,-1.0814777699731177,0.1463998722926192,0.0,0.0
-4,0,40,75/52,UNSTABLE,SINGULAR_BOUNDARY_LIMIT,-1.0979741772952334,0.24177479466851537,0.0,0.0
-4,0,41,2419/1745,UNSTABLE,SINGULAR_BOUNDARY_LIMIT,-1.1143966479778253,0.43828992591186733,-5.684341886080802e-14,5.684341886080802e-14
-4,0,42,609/457,UNSTABLE,SINGULAR_BOUNDARY_LIMIT,-1.130757212393414,1.2532555818270694,-3.240074875066057e-12,2.4442670110147446e-12
-4,0,43,2451/1913,UNSTABLE,SINGULAR_BOUNDARY_LIMIT,-1.147067648153783,0.397338125229183,-1.603552846063394e-10,1.2516920833149925e-10
-4,0,44,154/125,UNSTABLE,SINGULAR_BOUNDARY_LIMIT,-1.163339531185585,-0.03128590488528005,-7.76935848989524e-09,6.306322575255763e-09
-4,0,45,2475/2089,UNSTABLE,SINGULAR_BOUNDARY_LIMIT,-1.1795842848603044,-0.31597071102596885,-3.7260684848661185e-07,3.144954234812758e-07
-4,0,46,621/545,UNSTABLE,SINGULAR_BOUNDARY_LIMIT,-1.1958132276854307,-0.5488920625040024,-1.7737029111231095e-05,1.5566910690267832e-05
-4,0,47,2491/2273,UNSTABLE,SINGULAR_BOUNDARY_LIMIT,-1.2120376200409346,-0.7564486632183929,-0.0008394900303301256,0.0007674405230773118
-4,0,48,39/37,UNSTABLE,SINGULAR_BOUNDARY_LIMIT,-1.2282687104307826,-0.9498371554987699,-0.03800861338828554,0.03942060304026995
-4,0,49,147/145,UNSTABLE,SINGULAR_BOUNDARY_LIMIT,-1.2445177817133146,-1.1347801603428564,-0.7263460074682087,-0.5140794329932703
-4,0,50,625/641,STABLE,NONZERO_FIXED_POINT,-1.2607961977765854,-1.3145421625871805,-2.3142520357427543,-2.3210498545491873
-4,0,51,2499/2665,STABLE,NONZERO_FIXED_POINT,-1.2771154511357832,-1.4911261329613765,-3.990821334023451,-4.018666331542647
-4,0,52,156/173,STABLE,NONZERO_FIXED_POINT,-1.2934872119494933,-1.6658288074404126,-5.673118566153704,-5.718038317788768
-4,0,53,2491/2873,STABLE,NONZERO_FIXED_POINT,-1.3099233789811215,-1.8395278764136833,-7.360376117693875,-7.422337980785301
-4,0,54,621/745,STABLE,NONZERO_FIXED_POINT,-1.3264361330717627,-2.0128425951460898,-9.053794517367294,-9.132859189235432
-4,0,55,2475/3089,STABLE,NONZERO_FIXED_POINT,-1.3430379937429144,-2.186228907884569,-10.754648979666229,-10.85089168468437
-4,0,56,77/100,STABLE,NONZERO_FIXED_POINT,-1.359741879613022,-2.360038238648748,-12.46425517063139,-12.577764445458655
-4,0,57,2451/3313,STABLE,NONZERO_FIXED_POINT,-1.3765611733936556,-2.5345550198276356,-14.183974584786938,-14.314852709416868
-4,0,58,609/857,STABLE,NONZERO_FIXED_POINT,-1.393509792331491,-2.710021271417965,-15.915221319113527,-16.063584848403877
-4,0,59,2419/3545,STABLE,NONZERO_FIXED_POINT,-1.4106022650853216,-2.8866530621207858,-17.659469537476127,-17.825449908633345
-4,0,60,150/229,STABLE,NONZERO_FIXED_POINT,-1.4278538161771621,-3.064651779762734,-19.418261715689056,-19.602005938973264
-4,0,61,2379/3785,STABLE,NONZERO_FIXED_POINT,-1.445280459339486,-3.2442120446831595,-21.193217792608948,-21.394889234407742
-4,0,62,589/977,STABLE,NONZERO_FIXED_POINT,-1.46289910130354,-3.425527445586326,-22.986045375911658,-23.20582464484329
-4,0,63,63/109,STABLE,NONZERO_FIXED_POINT,-1.4807276578463782,-3.6087948738361035,-24.79855117891566,-25.036637127402685
-4,0,64,36/65,STABLE,NONZERO_FIXED_POINT,-1.4987851842483977,-3.7942179776093283,-26.632653898486808,-26.889264754362358
-4,0,65,2275/4289,STABLE,NONZERO_FIXED_POINT,-1.5170920227243965,-3.9820100945069825,-28.490398785255593,-28.765773430501554
-4,0,66,33/65,STABLE,NONZERO_FIXED_POINT,-1.5356699698991179,-4.172396916676938,-30.373974208082956,-30.668373624847902
-4,0,67,2211/4553,STABLE,NONZERO_FIXED_POINT,-1.5545424680290623,-4.365619076033106,-32.28573057749338,-32.59943948522283
-4,0,68,136/293,STABLE,NONZERO_FIXED_POINT,-1.573734824459681,-4.561934796331748,-34.228202071027994,-34.56153078301185
-4,0,69,2139/4825,STABLE,NONZERO_FIXED_POINT,-1.5932744647955737,-4.761622735973326,-36.20413170157127,-36.557418234679574
-4,0,70,525/1241,STABLE,NONZERO_FIXED_POINT,-1.6131912265103416,-4.96498513573367,-38.216500393560864,-38.590112871653616
-4,0,71,2059/5105,STABLE,NONZERO_FIXED_POINT,-1.63351770131176,-5.172351386496658,-40.26856088945942,-40.662900289264314
-4,0,72,63/164,STABLE,NONZERO_FIXED_POINT,-1.6542896366139512,-5.38408214221635,-42.36387751059226,-42.779380809186364
-4,0,73,1971/5393,STABLE,NONZERO_FIXED_POINT,-1.6755464090982493,-5.600574122691015,-44.50637305692288,-44.94351685293162
-4,0,74,481/1385,STABLE,NONZERO_FIXED_POINT,-1.697331586769483,-5.822265780254334,-46.700384469535265,-47.15968916656186
-4,0,75,1875/5689,STABLE,NONZERO_FIXED_POINT,-1.7196936004161003,-6.0496440462842145,-48.95072932532577,-49.43276398702983
-4,0,76,114/365,STABLE,NONZERO_FIXED_POINT,-1.7426865513560266,-6.283252430971359,-51.26278582487197,-51.76817383799198
-4,0,77,1771/5993,STABLE,NONZERO_FIXED_POINT,-1.7663711903605321,-6.523700828399072,-53.642589727511506,-54.172015444017916
-4,0,78,429/1537,STABLE,NONZERO_FIXED_POINT,-1.7908161135106937,-6.771677486594093,-56.096952763100376,-56.6511693384154
-4,0,79,1659/6305,STABLE,NONZERO_FIXED_POINT,-1.8160992356514711,-7.027963750622632,-58.63360852608565,-59.21344723097042
-4,0,80,25/101,STABLE,NONZERO_FIXED_POINT,-1.842309622846762,-7.293452393721253,-61.261393910662036,-61.86777527577263
-4,0,81,1539/6625,STABLE,NONZERO_FIXED_POINT,-1.8695497944996973,-7.569170643745522,-63.99047704264268,-64.62442430542006
-4,0,82,369/1697,STABLE,NONZERO_FIXED_POINT,-1.897938647740327,-7.856309431384524,-66.83264681554738,-67.49530229170603
-4,0,83,83/409,STABLE,NONZERO_FIXED_POINT,-1.927615217831443,-8.156260997931994,-69.80168519214538,-70.49433040777669
-4,0,84,84/445,STABLE,NONZERO_FIXED_POINT,-1.9587435792069243,-8.470667908945238,-72.91385242821002,-73.63793315312904
-4,0,85,1275/7289,STABLE,NONZERO_FIXED_POINT,-1.9915193296368638,-8.80148789885773,-76.18852902536037,-76.94568679081897
-4,0,86,301/1865,STABLE,NONZERO_FIXED_POINT,-2.0261783141824807,-9.151081113256339,-79.64907942258986,-80.4411917631407
-4,0,87,1131/7633,STABLE,NONZERO_FIXED_POINT,-2.063008587099864,-9.522329730466431,-83.32403624419351,-84.15326890164965
-4,0,88,33/244,STABLE,NONZERO_FIXED_POINT,-2.102367170720317,-9.918805552757526,-87.24875944782482,-88.11763533428564
-4,0,89,979/7985,STABLE,NONZERO_FIXED_POINT,-2.1447041230634696,-10.34501068475339,-91.46781903652442,-92.37931126519578
-4,0,90,225/2041,STABLE,NONZERO_FIXED_POINT,-2.1905981082524786,-10.806733239755907,-96.03851654758171,-96.99617703418642
-4,0,91,819/8345,STABLE,NONZERO_FIXED_POINT,-2.2408107714106116,-11.311591090785,-101.0362681844685,-102.04441062372331
-4,0,92,46/533,STABLE,NONZERO_FIXED_POINT,-2.29637327374925,-11.869897223443353,-106.56317180714879,-107.62714118449381
-4,0,93,651/8713,STABLE,NONZERO_FIXED_POINT,-2.3587309145474737,-12.496105957612166,-112.7623245240759,-113.88891124954176
-4,0,94,141/2225,STABLE,NONZERO_FIXED_POINT,-2.429999991584676,-13.211381553597583,-119.8432518904774,-121.04136279313892
-4,0,95,475/9089,STABLE,NONZERO_FIXED_POINT,-2.513460972361502,-14.048529926083411,-128.13073187412095,-129.41255436791914
-4,0,96,6/145,STABLE,NONZERO_FIXED_POINT,-2.6146089962448293,-15.062503667251736,-138.16879458202024,-139.55201133387155
-4,0,97,291/9473,STABLE,NONZERO_FIXED_POINT,-2.743744824743608,-16.356311551141523,-150.9772263515577,-152.48982089987697
-4,0,98,49/2417,STABLE,NONZERO_FIXED_POINT,-2.9239930385329203,-18.161200505422343,-168.8453712691655,-170.53845183954465
-4,0,99,99/9865,STABLE,NONZERO_FIXED_POINT,-3.229140611430548,-21.215041352628475,-199.07815000679722,-201.0766119017879
-4,0,100,0,STABLE,NONZERO_FIXED_POINT,,,,
-4,1,1,33/43,STABLE,NONZERO_FIXED_POINT,-0.25420505056662535,-1.0604672123753431,-11.316100265330647,-11.431054781029871
-4,1,2,49/33,UNSTABLE,SINGULAR_BOUNDARY_LIMIT,0.7520032300067161,1.1114233940598837,1.096194933567773,1.096194933567773
-4,1,3,291/137,UNSTABLE,SINGULAR_BOUNDARY_LIMIT,0.34484716586578656,0.6832407126285815,0.682659661288028,0.6826596612879712
-4,1,4,8/3,UNSTABLE,SINGULAR_BOUNDARY_LIMIT,0.19005042470893496,0.5432769082117694,0.5431969709229207,0.5431969709229207
-4,1,5,475/153,UNSTABLE,SINGULAR_BOUNDARY_LIMIT,0.11259953499245334,0.4891604402282752,0.4891380742080855,0.4891380742080855
-4,1,6,141/41,UNSTABLE,SINGULAR_BOUNDARY_LIMIT,0.0707424613385026,0.47386068316428975,0.4738508080246788,0.4738508080246788
-4,1,7,217/59,UNSTABLE,SINGULAR_BOUNDARY_LIMIT,0.05086818653008862,0.4816593776903133,0.48165339567552223,0.48165339567552223
-4,1,8,23/6,UNSTABLE,SINGULAR_BOUNDARY_LIMIT,0.047516617454739674,0.5061261819643619,0.5061216263365793,0.5061216263365793
-4,1,9,819/209,UNSTABLE,SINGULAR_BOUNDARY_LIMIT,0.05873730628820262,0.5448404567943328,0.5448363455257663,0.5448363455257663
-4,1,10,75/19,UNSTABLE,SINGULAR_BOUNDARY_LIMIT,0.08475805150665039,0.597802205384518,0.5977979896854606,0.5977979896854606
-4,1,11,979/249,UNSTABLE,SINGULAR_BOUNDARY_LIMIT,0.127887659066376,0.6672171784845489,0.6672124161336228,0.6672124161336228
-4,1,12,66/17,UNSTABLE,SINGULAR_BOUNDARY_LIMIT,0.19345808043713397,0.7583808801820666,0.7583750887197596,0.7583750887197596
-4,1,13,377/99,UNSTABLE,SINGULAR_BOUNDARY_LIMIT,0.2928983295776746,0.8827220985035424,0.8827146485928097,0.8827146485928097
-4,1,14,301/81,UNSTABLE,SINGULAR_BOUNDARY_LIMIT,0.4543795732375404,1.0684314526220646,1.0684214507620027,1.0684214507620027
-4,1,15,1275/353,UNSTABLE,SINGULAR_BOUNDARY_LIMIT,0.7818820247728588,1.4195190280861425,1.419505157598337,1.419505157598337
-4,1,16,7/2,UNSTABLE,SINGULAR_BOUNDARY_LIMIT,1.3051323355224964,1.9657465143468187,1.965726802920429,1.965726802920443
-4,1,17,1411/417,UNSTABLE,SINGULAR_BOUNDARY_LIMIT,0.5313299471927486,1.2143505928944407,1.2143220647180897,1.2143220647180897
-4,1,18,369/113,UNSTABLE,SINGULAR_BOUNDARY_LIMIT,0.24398519806571883,0.9488794437244437,0.9488375957396897,0.9488375957397466
-4,1,19,513/163,UNSTABLE,SINGULAR_BOUNDARY_LIMIT,0.056023108048325554,0.7822957908244135,0.7822338039887313,0.7822338039887313
-4,1,20,100/33,UNSTABLE,SINGULAR_BOUNDARY_LIMIT,-0.08718965524094013,0.6600037225323945,0.6599112761240349,0.6599112761240349
-4,1,21,1659/569,UNSTABLE,SINGULAR_BOUNDARY_LIMIT,-0.20471249936040792,0.5629812968226986,0.5628427903855027,0.5628427903855027
-4,1,22,143/51,UNSTABLE,SINGULAR_BOUNDARY_LIMIT,-0.30549121433630155,0.48232101895027313,0.48211291294026637,0.48211291294023795
-4,1,23,1771/657,UNSTABLE,SINGULAR_BOUNDARY_LIMIT,-0.3944611998421603,0.41312792600037795,0.41281477444510983,0.41281477444510983
-4,1,24,57/22,UNSTABLE,SINGULAR_BOUNDARY_LIMIT,-0.47464295530575384,0.35242609641522193,0.35195464195660975,0.35195464195660975
-4,1,25,625/251,UNSTABLE,SINGULAR_BOUNDARY_LIMIT,-0.5480246296055498,0.2982790614570945,0.2975694635544528,0.2975694635544528
-4,1,26,481/201,UNSTABLE,SINGULAR_BOUNDARY_LIMIT,-0.6159876230209953,0.24936855391489843,0.24830137688888954,0.2483013768888327
-4,1,27,1971/857,UNSTABLE,SINGULAR_BOUNDARY_LIMIT,-0.67953283749946,0.2047746508899877,0.20317157564102217,0.20317157564102217
-4,1,28,42/19,UNSTABLE,SINGULAR_BOUNDARY_LIMIT,-0.7394101784653557,0.16385570129154559,0.16145092463187893,0.16145092463187893
-4,1,29,2059/969,UNSTABLE,SINGULAR_BOUNDARY_LIMIT,-0.7961971203759539,0.12618375425739004,0.12258150781735822,0.12258150781735822
-4,1,30,525/257,UNSTABLE,SINGULAR_BOUNDARY_LIMIT,-0.8503486688299713,0.09151555297646752,0.08612677438685523,0.08612677438685523
-4,1,31,713/363,UNSTABLE,SINGULAR_BOUNDARY_LIMIT,-0.9022303949502746,0.05979128857873661,0.05173860626842952,0.051738606268486365
-4,1,32,17/9,UNSTABLE,SINGULAR_BOUNDARY_LIMIT,-0.9521410054370714,0.031161146726052635,0.01913484330103188,0.01913484330103188
-4,1,33,2211/1217,UNSTABLE,SINGULAR_BOUNDARY_LIMIT,-0.9884117144096418,0.017963838067878157,0.0,0.0
-4,1,34,187/107,UNSTABLE,SINGULAR_BOUNDARY_LIMIT,-1.0053915912354707,0.026869423906745737,0.0,0.0
-4,1,35,2275/1353,UNSTABLE,SINGULAR_BOUNDARY_LIMIT,-1.0222298129367946,0.0403189191602209,0.0,0.0
-4,1,36,144/89,UNSTABLE,SINGULAR_BOUNDARY_LIMIT,-1.0389401248724042,0.06087145075169076,0.0,0.0
-4,1,37,777/499,UNSTABLE,SINGULAR_BOUNDARY_LIMIT,-1.0555357500409865,0.09290930474145398,0.0,0.0
-4,1,38,589/393,UNSTABLE,SINGULAR_BOUNDARY_LIMIT,-1.0720294506896177,0.14459682769869175,0.0,0.0
-4,1,39,2379/1649,UNSTABLE,SINGULAR_BOUNDARY_LIMIT,-1.088433586041461,0.23345830009690616,-5.684341886080802e-14,0.0
-4,1,40,25/18,UNSTABLE,SINGULAR_BOUNDARY_LIMIT,-1.1047601666385258,0.408758067729174,-5.684341886080802e-14,2.842170943040401e-14
-4,1,41,2419/1809,UNSTABLE,SINGULAR_BOUNDARY_LIMIT,-1.1210209057747154,0.9724252096024699,-2.2737367544323206e-12,1.7053025658242404e-12
-4,1,42,609/473,UNSTABLE,SINGULAR_BOUNDARY_LIMIT,-1.1372272684734117,0.5117161107447359,-9.680434231995605e-11,7.5203843152849e-11
-4,1,43,817/659,UNSTABLE,SINGULAR_BOUNDARY_LIMIT,-1.1533905184441622,0.03949833435390104,-4.09784206567565e-09,3.3053311199182644e-09
-4,1,44,154/129,UNSTABLE,SINGULAR_BOUNDARY_LIMIT,-1.1695217634362791,-0.2545697190474172,-1.7283457509620348e-07,1.447770898721501e-07
-4,1,45,2475/2153,UNSTABLE,SINGULAR_BOUNDARY_LIMIT,-1.1856319993938413,-0.4897446150122917,-7.278937289356691e-06,6.332039390599675e-06
-4,1,46,207/187,UNSTABLE,SINGULAR_BOUNDARY_LIMIT,-1.2017321538076722,-0.6968497886459062,-0.00030659026921853183,0.0002771542239088376
-4,1,47,2491/2337,UNSTABLE,SINGULAR_BOUNDARY_LIMIT,-1.2178331286555064,-0.8884663657729988,-0.012764921100313131,0.012326790936356247
-4,1,48,39/38,UNSTABLE,SINGULAR_BOUNDARY_LIMIT,-1.2339458433224735,-1.0709007320867272,-0.35518270187904477,0.6323720256283138
-4,1,49,833/843,STABLE,NONZERO_FIXED_POINT,-1.2500812779005432,-1.247711186642583,-1.7408033359436104,-1.730012798809014
-4,1,50,625/657,STABLE,NONZERO_FIXED_POINT,-1.2662505172780492,-1.4210660288159502,-3.367415062097905,-3.3887366050135483
-4,1,51,2499/2729,STABLE,NONZERO_FIXED_POINT,-1.282464796449906,-1.5923614568779172,-5.006446625427486,-5.044675707614374
-4,1,52,52/59,STABLE,NONZERO_FIXED_POINT,-1.2987355475058386,-1.762536931929219,-6.651507617532133,-6.706356103255814
-4,1,53,2491/2937,STABLE,NONZERO_FIXED_POINT,-1.3150744487892592,-1.932250062897893,-8.303486265996582,-8.375016480992315
-4,1,54,621/761,STABLE,NONZERO_FIXED_POINT,-1.3314934767644289,-2.1019797093576287,-9.963482274784667,-10.051775331292902
-4,1,55,825/1051,STABLE,NONZERO_FIXED_POINT,-1.348004961185616,-2.2720895999023654,-11.63264482946164,-11.737793596938161
-4,1,56,77/102,STABLE,NONZERO_FIXED_POINT,-1.3646216442311108,-2.442868960526397,-13.312173334495384,-13.43428278108479
-4,1,57,2451/3377,STABLE,NONZERO_FIXED_POINT,-1.381356744349656,-2.6145591646277495,-15.003322514211959,-15.14251026359534
-4,1,58,203/291,STABLE,NONZERO_FIXED_POINT,-1.3982240256696912,-2.7873716070023207,-16.70740829384502,-16.863805244917728
-4,1,59,2419/3609,STABLE,NONZERO_FIXED_POINT,-1.4152378739469587,-2.9614999420847,-18.425814454704152,-18.599565468401806
-4,1,60,150/233,STABLE,NONZERO_FIXED_POINT,-1.432413380177712,-3.137128650834782,-20.1600001563136,-20.351264818283937
-4,1,61,793/1283,STABLE,NONZERO_FIXED_POINT,-1.4497664331891862,-3.314439200716002,-21.911508440884916,-22.120461909942208
-4,1,62,589/993,STABLE,NONZERO_FIXED_POINT,-1.4673138227432734,-3.4936146320103774,-23.68197585981102,-23.908809813519326
-4,1,63,2331/4097,STABLE,NONZERO_FIXED_POINT,-1.4850733549631414,-3.674843131111338,-25.473143390727273,-25.718067081159802
-4,1,64,6/11,STABLE,NONZERO_FIXED_POINT,-1.5030639822276726,-3.858320976039508,-27.286868848353194,-27.55011028312778
-4,1,65,2275/4353,STABLE,NONZERO_FIXED_POINT,-1.5213059500906407,-4.04425512558462,-29.125141034383716,-29.406948300548038
-4,1,66,561/1121,STABLE,NONZERO_FIXED_POINT,-1.539820964290243,-4.232865649762267,-30.990095923142007,-31.29073867448085
-4,1,67,737/1539,STABLE,NONZERO_FIXED_POINT,-1.5586323815460545,-4.424388152472524,-32.884035243133724,-33.20380637510618
-4,1,68,136/297,STABLE,NONZERO_FIXED_POINT,-1.5777654286283234,-4.619076309092129,-34.809447893429564,-35.14866543437654
-4,1,69,2139/4889,STABLE,NONZERO_FIXED_POINT,-1.5972474551735374,-4.8172046270633615,-36.769034732387524,-37.128043985079785
-4,1,70,175/419,STABLE,NONZERO_FIXED_POINT,-1.6171082269696484,-5.019071533244805,-38.76573740050134,-39.14491337478137
-4,1,71,2059/5169,STABLE,NONZERO_FIXED_POINT,-1.6373802680236587,-5.225002896176022,-40.80277199699856,-41.20252218254825
-4,1,72,63/166,STABLE,NONZERO_FIXED_POINT,-1.658099261760718,-5.435356103878824,-42.883668631851435,-43.304436170437896
-4,1,73,657/1819,STABLE,NONZERO_FIXED_POINT,-1.6793045243340146,-5.650524838698189,-45.012318135616624,-45.45458546512032
-4,1,74,481/1401,STABLE,NONZERO_FIXED_POINT,-1.7010395664502411,-5.870944721219374,-47.193027548956024,-47.65732060786797
-4,1,75,1875/5753,STABLE,NONZERO_FIXED_POINT,-1.7233527646170668,-6.097100037761379,-49.43058645964163,-49.917479561603386
-4,1,76,38/123,STABLE,NONZERO_FIXED_POINT,-1.7462981686929773,-6.3295318239342535,-51.73034684649838,-52.24046836132098
-4,1,77,1771/6057,STABLE,NONZERO_FIXED_POINT,-1.7699364806301716,-6.56884765565286,-54.098319882972476,-54.63235889544575
-4,1,78,429/1553,STABLE,NONZERO_FIXED_POINT,-1.794336250163834,-6.815733606806994,-56.54129422859029,-57.1000083921341
-4,1,79,553/2123,STABLE,NONZERO_FIXED_POINT,-1.819575348111547,-7.07096898133473,-59.06698181287254,-59.651206675733874
-4,1,80,25/102,STABLE,NONZERO_FIXED_POINT,-1.8457427986851558,-7.335444634451939,-61.68419916951166,-62.29485933260156
-4,1,81,1539/6689,STABLE,NONZERO_FIXED_POINT,-1.8729410814783485,-7.610185990145382,-64.40309527558423,-65.04121785170543
-4,1,82,123/571,STABLE,NONZERO_FIXED_POINT,-1.901289055731242,-7.896382281243724,-67.23544100253096,-67.90217199933744
-4,1,83,1411/7017,STABLE,NONZERO_FIXED_POINT,-1.93092572062187,-8.19542414975362,-70.19500133945047,-70.89162580222495
-4,1,84,84/449,STABLE,NONZERO_FIXED_POINT,-1.9620151161983106,-8.508952653708747,-73.29802054484242,-74.02598759978383
-4,1,85,425/2451,STABLE,NONZERO_FIXED_POINT,-1.9947528074449696,-8.838924105529259,-76.5638640331158,-77.32481841431752
-4,1,86,301/1881,STABLE,NONZERO_FIXED_POINT,-2.029374608145501,-9.187697308545978,-80.01588200495956,-80.81170430491608
-4,1,87,1131/7697,STABLE,NONZERO_FIXED_POINT,-2.0661685427008134,-9.558153173283522,-83.68259363883186,-84.51545252046583
-4,1,88,11/82,STABLE,NONZERO_FIXED_POINT,-2.1054916049294654,-9.953862303773082,-87.59934618689014,-88.47176735411561
-4,1,89,979/8049,STABLE,NONZERO_FIXED_POINT,-2.1477938256061684,-10.37932567144167,-91.81069763883306,-92.72565687442153
-4,1,90,225/2057,STABLE,NONZERO_FIXED_POINT,-2.193653842807297,-10.840330317254391,-96.37393816617987,-97.3349899397632
-4,1,91,273/2803,STABLE,NONZERO_FIXED_POINT,-2.2438332767423077,-11.344493098882886,-101.36447321292303,-102.37593366364257
-4,1,92,46/537,STABLE,NONZERO_FIXED_POINT,-2.2993632647808298,-11.902126039982349,-106.88439044758323,-107.95160690160125
-4,1,93,651/8777,STABLE,NONZERO_FIXED_POINT,-2.361689083375172,-12.527682548559824,-113.07677731972746,-114.20654242951582
-4,1,94,47/747,STABLE,NONZERO_FIXED_POINT,-2.432927008439524,-13.242326020031953,-120.15115022532359,-121.35237296920329
-4,1,95,475/9153,STABLE,NONZERO_FIXED_POINT,-2.516357486520757,-14.078861548308431,-128.4322784419195,-129.71714829465668
-4,1,96,3/73,STABLE,NONZERO_FIXED_POINT,-2.617475636896433,-15.092240946245271,-138.46418382691587,-139.85038543231667
-4,1,97,97/3179,STABLE,NONZERO_FIXED_POINT,-2.7465822018065005,-16.38547224752169,-151.26664488224066,-152.78216367588922
-4,1,98,49/2433,STABLE,NONZERO_FIXED_POINT,-2.9268017434359166,-18.189801676103478,-169.12899824840858,-170.82494427731095
-4,1,99,99/9929,STABLE,NONZERO_FIXED_POINT,-3.2319212178522587,-21.2430993853245,-199.35615751805688,-201.35742783415495
-4,1,100,0,STABLE,NONZERO_FIXED_POINT,,,,
-4,2,1,99/257,STABLE,NONZERO_FIXED_POINT,-0.9736059396407573,-4.583228052865017,-41.4557692887592,-41.87006721749296
-4,2,2,49/65,STABLE,NONZERO_FIXED_POINT,-0.37264510573358933,-1.2891940621281464,-12.227839889946665,-12.350557166560662
-4,2,3,291/265,UNSTABLE,SINGULAR_BOUNDARY_LIMIT,0.17170113022525513,1.2952157544401999,0.6230621876189844,0.6232197548238219
-4,2,4,24/17,UNSTABLE,SINGULAR_BOUNDARY_LIMIT,0.4726207534929867,0.9566625730620331,0.920037216548792,0.920037216548792
-4,2,5,475/281,UNSTABLE,SINGULAR_BOUNDARY_LIMIT,0.8436472036793505,1.30799491098292,1.3007478946590254,1.3007478946589686
-4,2,6,141/73,UNSTABLE,SINGULAR_BOUNDARY_LIMIT,1.4650959336356202,1.940844819652341,1.9385466656859194,1.9385466656859194
-4,2,7,651/305,UNSTABLE,SINGULAR_BOUNDARY_LIMIT,1.7855192249525729,2.2797313050179824,2.2787319895892324,2.2787319895892324
-4,2,8,23/10,UNSTABLE,SINGULAR_BOUNDARY_LIMIT,1.6597865921658084,2.1750555462236214,2.1745075430265786,2.17450754302655
-4,2,9,819/337,UNSTABLE,SINGULAR_BOUNDARY_LIMIT,1.981913438288034,2.5193362675907878,2.518977196950857,2.518977196950857
-4,2,10,225/89,UNSTABLE,SINGULAR_BOUNDARY_LIMIT,1.117258757800423,1.67724993423505,1.6769792357331141,1.6769792357331141
-4,2,11,979/377,UNSTABLE,SINGULAR_BOUNDARY_LIMIT,0.7608357598528297,1.3434501957454046,1.3432218396459348,1.3432218396459916
-4,2,12,66/25,UNSTABLE,SINGULAR_BOUNDARY_LIMIT,0.5221800398131613,1.1272713721614025,1.1270603480408,1.1270603480408
-4,2,13,1131/425,UNSTABLE,SINGULAR_BOUNDARY_LIMIT,0.3401329747459343,0.9674407762126194,0.9672306789746017,0.9672306789745448
-4,2,14,301/113,UNSTABLE,SINGULAR_BOUNDARY_LIMIT,0.19186522837799735,0.8410664766358735,0.8408440841116658,0.8408440841116658
-4,2,15,1275/481,UNSTABLE,SINGULAR_BOUNDARY_LIMIT,0.06612872931339453,0.736869592489299,0.7366219731557635,0.7366219731557635
-4,2,16,21/8,UNSTABLE,SINGULAR_BOUNDARY_LIMIT,-0.04350099531464835,0.648415199361196,0.6481277058232706,0.6481277058232706
-4,2,17,1411/545,UNSTABLE,SINGULAR_BOUNDARY_LIMIT,-0.14105343882166466,0.5716769166301248,0.5713313377574423,0.5713313377574423
-4,2,18,369/145,UNSTABLE,SINGULAR_BOUNDARY_LIMIT,-0.22922652349464556,0.5039695033559255,0.5035419549357698,0.5035419549357698
-4,2,19,1539/617,UNSTABLE,SINGULAR_BOUNDARY_LIMIT,-0.30991643199878816,0.443416858207911,0.4428750697950363,0.4428750697950363
-4,2,20,100/41,UNSTABLE,SINGULAR_BOUNDARY_LIMIT,-0.38450701982711877,0.38866175844583495,0.3879613832261839,0.3879613832261555
-4,2,21,1659/697,UNSTABLE,SINGULAR_BOUNDARY_LIMIT,-0.4540392330474461,0.3386966867484986,0.33777615631180424,0.33777615631180424
-4,2,22,429/185,UNSTABLE,SINGULAR_BOUNDARY_LIMIT,-0.5193158064472652,0.2927604402005599,0.2915337073205819,0.2915337073205251
-4,2,23,1771/785,UNSTABLE,SINGULAR_BOUNDARY_LIMIT,-0.5809688571335627,0.25027304406602013,0.2486192842368382,0.2486192842368382
-4,2,24,57/26,UNSTABLE,SINGULAR_BOUNDARY_LIMIT,-0.6395051270898264,0.21079453302684925,0.2085434712581673,0.2085434712581673
-4,2,25,1875/881,UNSTABLE,SINGULAR_BOUNDARY_LIMIT,-0.6953371989559685,0.1739998168077932,0.17091074655189686,0.17091074655189686
-4,2,26,481/233,UNSTABLE,SINGULAR_BOUNDARY_LIMIT,-0.7488055997381302,0.13966557463946572,0.1353972372914427,0.13539723729138586
-4,2,27,1971/985,UNSTABLE,SINGULAR_BOUNDARY_LIMIT,-0.8001948076106231,0.10766750614600795,0.10173463012779393,0.10173463012779393
-4,2,28,126/65,UNSTABLE,SINGULAR_BOUNDARY_LIMIT,-0.8497450735002445,0.07798814629211392,0.06969830711426539,0.06969830711429381
-4,2,29,2059/1097,UNSTABLE,SINGULAR_BOUNDARY_LIMIT,-0.8976613046502795,0.05073742641619816,0.03909844725245648,0.03909844725239964
-4,2,30,525/289,UNSTABLE,SINGULAR_BOUNDARY_LIMIT,-0.9441198444985801,0.02619090108704114,0.009773250547596035,0.009773250547596035
-4,2,31,2139/1217,UNSTABLE,SINGULAR_BOUNDARY_LIMIT,-0.9708574273253721,0.023271480661648525,0.0,0.0
-4,2,32,17/10,UNSTABLE,SINGULAR_BOUNDARY_LIMIT,-0.9876662649262746,0.03316956175913788,0.0,0.0
-4,2,33,2211/1345,UNSTABLE,SINGULAR_BOUNDARY_LIMIT,-1.0043326534566575,0.047601828874839214,0.0,0.0
-4,2,34,561/353,UNSTABLE,SINGULAR_BOUNDARY_LIMIT,-1.020869201837483,0.06894060964408055,0.0,0.0
-4,2,35,2275/1481,UNSTABLE,SINGULAR_BOUNDARY_LIMIT,-1.0372881181428113,0.10116521678595802,0.0,0.0
-4,2,36,144/97,UNSTABLE,SINGULAR_BOUNDARY_LIMIT,-1.0536012464212554,0.15150658530653516,0.0,0.0
-4,2,37,2331/1625,UNSTABLE,SINGULAR_BOUNDARY_LIMIT,-1.0698201038613213,0.23492911176271747,0.0,0.0
-4,2,38,589/425,UNSTABLE,SINGULAR_BOUNDARY_LIMIT,-1.0859559178999856,0.39067681171979274,-5.684341886080802e-14,0.0
-4,2,39,2379/1777,UNSTABLE,SINGULAR_BOUNDARY_LIMIT,-1.10201966304502,0.8044133956220065,-1.9895196601282805e-12,1.4210854715202004e-12
-4,2,40,75/58,UNSTABLE,SINGULAR_BOUNDARY_LIMIT,-1.118022097306362,0.7006678326221234,-6.042455424903892e-11,4.675371201301459e-11
-4,2,41,2419/1937,UNSTABLE,SINGULAR_BOUNDARY_LIMIT,-1.1339737982230638,0.15045943654304494,-1.9098820303042885e-09,1.5293153410311788e-09
-4,2,42,609/505,UNSTABLE,SINGULAR_BOUNDARY_LIMIT,-1.1498851985405718,-0.15609820726540846,-6.107069339122972e-08,5.0641517645999556e-08
-4,2,43,2451/2105,UNSTABLE,SINGULAR_BOUNDARY_LIMIT,-1.1657666216445417,-0.39256499149070123,-1.976519456547976e-06,1.6975075141090201e-06
-4,2,44,154/137,UNSTABLE,SINGULAR_BOUNDARY_LIMIT,-1.1816283168978963,-0.596912027059588,-6.477311347907744e-05,5.7630955694776276e-05
-4,2,45,2475/2281,UNSTABLE,SINGULAR_BOUNDARY_LIMIT,-1.1974804950607822,-0.7838139010761296,-0.002145973863207473,0.001987198081110364
-4,2,46,621/593,UNSTABLE,SINGULAR_BOUNDARY_LIMIT,-1.2133333640016737,-0.9604378963609577,-0.06701058262490278,0.0753669912494388
-4,2,47,2491/2465,UNSTABLE,SINGULAR_BOUNDARY_LIMIT,-1.2291971649342202,-1.1307748043525905,-0.826371076954274,-0.666988558263995
-4,2,48,39/40,STABLE,NONZERO_FIXED_POINT,-1.245082209440433,-1.2972395971592583,-2.299384549940555,-2.306053518267362
-4,2,49,2499/2657,STABLE,NONZERO_FIXED_POINT,-1.2609989175679885,-1.4613803080328296,-3.845851012570222,-3.8723561080073523
-4,2,50,625/689,STABLE,NONZERO_FIXED_POINT,-1.2769578573190117,-1.62423331476149,-5.402620545675859,-5.4449564727481174
-4,2,51,2499/2857,STABLE,NONZERO_FIXED_POINT,-1.29296978588137,-1.7865181415650824,-6.968375501113201,-7.026519397802815
-4,2,52,156/185,STABLE,NONZERO_FIXED_POINT,-1.309045692992017,-1.9487516765488309,-8.543805852619528,-8.617852980379496
-4,2,53,2491/3065,STABLE,NONZERO_FIXED_POINT,-1.3251968468671382,-2.1113186130041015,-10.129717520062002,-10.219774271321569
-4,2,54,621/793,STABLE,NONZERO_FIXED_POINT,-1.3414348431871304,-2.274516587786863,-11.726979900940478,-11.833161488080066
-4,2,55,2475/3281,STABLE,NONZERO_FIXED_POINT,-1.3577716576874757,-2.438585965027393,-13.33652647448531,-13.45895750160173
-4,2,56,77/106,STABLE,NONZERO_FIXED_POINT,-1.3742197029816463,-2.603729947161092,-14.95935764016511,-15.098172780257386
-4,2,57,2451/3505,STABLE,NONZERO_FIXED_POINT,-1.3907918903318421,-2.7701284214968496,-16.596544399606955,-16.751889110657544
-4,2,58,609/905,STABLE,NONZERO_FIXED_POINT,-1.407501697190435,-2.9379476706763583,-18.2492328856095,-18.421264172181907
-4,2,59,2419/3737,STABLE,NONZERO_FIXED_POINT,-1.4243632414638032,-3.1073473202677704,-19.918649797570595,-20.107537027058356
-4,2,60,150/241,STABLE,NONZERO_FIXED_POINT,-1.4413913636049553,-3.2784854332642155,-21.60610882349465,-21.81203460701383
-4,2,61,2379/3977,STABLE,NONZERO_FIXED_POINT,-1.4586017178284454,-3.451522367572238,-23.313018151154267,-23.536179300102958
-4,2,62,589/1025,STABLE,NONZERO_FIXED_POINT,-1.4760108739676685,-3.626623821932519,-25.04088919673171,-25.28149776733636
-4,2,63,2331/4225,STABLE,NONZERO_FIXED_POINT,-1.4936364317702946,-3.8039633699386712,-26.791346709422896,-27.04963114918803
-4,2,64,9/17,STABLE,NONZERO_FIXED_POINT,-1.5114971497645353,-3.9837246982072188,-28.566140446292337,-28.84234685823128
-4,2,65,2275/4481,STABLE,NONZERO_FIXED_POINT,-1.5296130912423127,-4.16610370934923,-30.3671586547282,-30.661552197648177
-4,2,66,561/1153,STABLE,NONZERO_FIXED_POINT,-1.5480057904155267,-4.351310614409293,-32.196443652175674,-32.50931009821426
-4,2,67,2211/4745,STABLE,NONZERO_FIXED_POINT,-1.5666984424340313,-4.539572117248454,-34.056209857032684,-34.387857331217276
-4,2,68,136/305,STABLE,NONZERO_FIXED_POINT,-1.5857161217427969,-4.731133781372925,-35.94886470406985,-36.29962563504637
-4,2,69,2139/5017,STABLE,NONZERO_FIXED_POINT,-1.6050860342456144,-4.926262665738911,-37.8770329769269,-38.24726629338312
-4,2,70,525/1289,STABLE,NONZERO_FIXED_POINT,-1.6248378099928686,-5.125250318868488,-39.843585215051576,-40.23367882899902
-4,2,71,2059/5297,STABLE,NONZERO_FIXED_POINT,-1.6450038447008062,-5.328416229728958,-41.85167101075683,-42.26204463707444
-4,2,72,63/170,STABLE,NONZERO_FIXED_POINT,-1.6656197004468467,-5.536111849456788,-43.904758214535434,-44.3358665864601
-4,2,73,1971/5585,STABLE,NONZERO_FIXED_POINT,-1.686724578516067,-5.748725321001473,-46.00667932789224,-46.45901588106443
-4,2,74,481/1433,STABLE,NONZERO_FIXED_POINT,-1.7083618807998278,-5.966687085713595,-48.16168670272435,-48.635787816747836
-4,2,75,1875/5881,STABLE,NONZERO_FIXED_POINT,-1.730579880649767,-6.1904765793162255,-50.37451861252134,-50.87096851985967
-4,2,76,114/377,STABLE,NONZERO_FIXED_POINT,-1.7534325300644333,-6.420630288325221,-52.65047885256939,-53.1699153514387
-4,2,77,1771/6185,STABLE,NONZERO_FIXED_POINT,-1.7769804380966043,-6.65775151732047,-54.99553331980769,-55.53865446258277
-4,2,78,429/1585,STABLE,NONZERO_FIXED_POINT,-1.8012920662321754,-6.902522325568462,-57.41642809877135,-57.98400007314041
-4,2,79,1659/6497,STABLE,NONZERO_FIXED_POINT,-1.8264452014022012,-7.155718240241569,-59.92083505653483,-60.513701537275836
-4,2,80,25/104,STABLE,NONZERO_FIXED_POINT,-1.8525287880284482,-7.418226560620305,-62.517533002979405,-63.13662633360613
-4,2,81,1539/6817,STABLE,NONZERO_FIXED_POINT,-1.8796452297639341,-7.6910693601118325,-65.21663536981816,-65.86299004398518
-4,2,82,369/1745,STABLE,NONZERO_FIXED_POINT,-1.907913313528132,-7.975432712189445,-68.02987951390145,-68.70464857903761
-4,2,83,1411/7145,STABLE,NONZERO_FIXED_POINT,-1.9374719695852978,-8.272704277775347,-70.97099880425822,-71.6754740236309
-4,2,84,84/457,STABLE,NONZERO_FIXED_POINT,-1.9684851722783065,-8.584522300182016,-74.05620764802171,-74.79184456202967
-4,2,85,1275/7481,STABLE,NONZERO_FIXED_POINT,-2.0011484239103563,-8.91284043250051,-77.3048432606621,-78.0732927306355
-4,2,86,301/1913,STABLE,NONZERO_FIXED_POINT,-2.0356974784358837,-9.26001496399767,-80.7402291888136,-81.54337766324704
-4,2,87,1131/7825,STABLE,NONZERO_FIXED_POINT,-2.0724203031181876,-9.628924427037887,-84.39085940221969,-85.2308811435127
-4,2,88,33/250,STABLE,NONZERO_FIXED_POINT,-2.1116738371801578,-10.023137174731133,-88.29205729745166,-89.17148336624581
-4,2,89,979/8177,STABLE,NONZERO_FIXED_POINT,-2.1539080592029514,-10.447152046793676,-92.48835827626732,-93.41016958221627
-4,2,90,225/2089,STABLE,NONZERO_FIXED_POINT,-2.1997015573408305,-10.906754064244183,-97.03703111058576,-98.00478703245471
-4,2,91,819/8537,STABLE,NONZERO_FIXED_POINT,-2.249815904030367,-11.409558169660016,-102.0134609595134,-103.0314823391746
-4,2,92,46/545,STABLE,NONZERO_FIXED_POINT,-2.305282190903071,-11.965874570032668,-107.51971625299424,-108.59335492358932
-4,2,93,651/8905,STABLE,NONZERO_FIXED_POINT,-2.367545650600727,-12.590154949165637,-113.69886618473106,-114.83491911996208
-4,2,94,141/2273,STABLE,NONZERO_FIXED_POINT,-2.438722517054096,-13.303561065177128,-120.76040981837076,-121.9677901414403
-4,2,95,475/9281,STABLE,NONZERO_FIXED_POINT,-2.5220931965594566,-14.138896456411459,-129.02909996759655,-130.32000113064356
-4,2,96,3/74,STABLE,NONZERO_FIXED_POINT,-2.623152769788124,-15.15111145707323,-139.04894284308017,-140.44105330809145
-4,2,97,291/9665,STABLE,NONZERO_FIXED_POINT,-2.752201941935011,-16.44321269461141,-151.83970206931258,-153.36101093869127
-4,2,98,49/2465,STABLE,NONZERO_FIXED_POINT,-2.932365239623145,-18.246445054991014,-169.69070013403243,-171.39232097761717
-4,2,99,99/10057,STABLE,NONZERO_FIXED_POINT,-3.2374295847677637,-21.29867741786147,-199.90683716010113,-201.9136704156319
-4,2,100,0,STABLE,NONZERO_FIXED_POINT,,,,
-4,3,1,11/57,STABLE,NONZERO_FIXED_POINT,-1.2737901814212784,-7.63890462163479,-71.22781782353188,-71.94229999404614
-4,3,2,49/129,STABLE,NONZERO_FIXED_POINT,-1.0358175831566783,-4.717767021901572,-42.132818953685046,-42.5532125839558
-4,3,3,291/521,STABLE,NONZERO_FIXED_POINT,-0.7419652123329863,-2.8973192775320484,-25.410135378855784,-25.66308011316943
-4,3,4,8/11,STABLE,NONZERO_FIXED_POINT,-0.5604934873942256,-1.6677347249910213,-13.98529901374468,-14.12360171191095
-4,3,5,475/537,STABLE,NONZERO_FIXED_POINT,-0.48607267103719565,-0.7803790866036522,-5.576365438764583,-5.629644381277842
-4,3,6,141/137,UNSTABLE,SINGULAR_BOUNDARY_LIMIT,-0.4360500580225395,0.06796500025171781,0.08259449758602955,0.2297799387335715
-4,3,7,217/187,UNSTABLE,SINGULAR_BOUNDARY_LIMIT,-0.40511334140998123,0.8338423528078849,0.1911435557016432,0.19114466359167182
-4,3,8,23/18,UNSTABLE,SINGULAR_BOUNDARY_LIMIT,-0.3896898622179812,0.39809795798940684,0.21930100543548292,0.2193010055230502
-4,3,9,819/593,UNSTABLE,SINGULAR_BOUNDARY_LIMIT,-0.3869938967068052,0.32069587735698946,0.23694672458731247,0.23694672458731247
-4,3,10,25/17,UNSTABLE,SINGULAR_BOUNDARY_LIMIT,-0.3946671581225756,0.29364754378577373,0.24561547157412633,0.24561547157412633
-4,3,11,979/633,UNSTABLE,SINGULAR_BOUNDARY_LIMIT,-0.4106597179758307,0.2783527451000154,0.24683170975532676,0.24683170975532676
-4,3,12,66/41,UNSTABLE,SINGULAR_BOUNDARY_LIMIT,-0.43320030953337607,0.2649589652630482,0.24202238405837306,0.24202238405837306
-4,3,13,377/227,UNSTABLE,SINGULAR_BOUNDARY_LIMIT,-0.4607884949513341,0.2506080294306656,0.2324578099644441,0.2324578099644441
-4,3,14,301/177,UNSTABLE,SINGULAR_BOUNDARY_LIMIT,-0.4921825658506034,0.2346293479544741,0.21922384537430162,0.21922384537430162
-4,3,15,1275/737,UNSTABLE,SINGULAR_BOUNDARY_LIMIT,-0.5263774407688082,0.21709762798781185,0.2032192678873912,0.20321926788733435
-4,3,16,7/4,UNSTABLE,SINGULAR_BOUNDARY_LIMIT,-0.5625751603459257,0.19832847887340677,0.1851694827709025,0.18516948277091672
-4,3,17,1411/801,UNSTABLE,SINGULAR_BOUNDARY_LIMIT,-0.6001525144689399,0.17869057601782856,0.1656485342912788,0.1656485342912788
-4,3,18,369/209,UNSTABLE,SINGULAR_BOUNDARY_LIMIT,-0.6386295468460617,0.15853820758282922,0.14510365100960598,0.14510365100960598
-4,3,19,171/97,UNSTABLE,SINGULAR_BOUNDARY_LIMIT,-0.6776412070539308,0.1381930637714106,0.12387884169328345,0.12387884169328345
-4,3,20,100/57,UNSTABLE,SINGULAR_BOUNDARY_LIMIT,-0.7169131357733249,0.11794711884924425,0.10223580703379298,0.10223580703379298
-4,3,21,1659/953,UNSTABLE,SINGULAR_BOUNDARY_LIMIT,-0.7562417108379194,0.09807513117724653,0.08037156500932952,0.08037156500932952
-4,3,22,143/83,UNSTABLE,SINGULAR_BOUNDARY_LIMIT,-0.7954780096577823,0.07885247438258602,0.05843282683593998,0.05843282683593998
-4,3,23,1771/1041,UNSTABLE,SINGULAR_BOUNDARY_LIMIT,-0.8345151411812548,0.06057754604352539,0.036527467050575524,0.036527467050575524
-4,3,24,57/34,UNSTABLE,SINGULAR_BOUNDARY_LIMIT,-0.8732783589305875,0.043600218175690486,0.014733539362424608,0.014733539362424608
-4,3,25,625/379,UNSTABLE,SINGULAR_BOUNDARY_LIMIT,-0.9048236998009447,0.03525360032899982,0.0,0.0
-4,3,26,481/297,UNSTABLE,SINGULAR_BOUNDARY_LIMIT,-0.9214842222430697,0.04375609998687224,0.0,0.0
-4,3,27,27/17,UNSTABLE,SINGULAR_BOUNDARY_LIMIT,-0.9380005446222484,0.05515850860528815,0.0,0.0
-4,3,28,14/9,UNSTABLE,SINGULAR_BOUNDARY_LIMIT,-0.9543803588237241,0.07061356519759698,0.0,0.0
-4,3,29,2059/1353,UNSTABLE,SINGULAR_BOUNDARY_LIMIT,-0.9706317798607955,0.09186865665274269,0.0,0.0
-4,3,30,525/353,UNSTABLE,SINGULAR_BOUNDARY_LIMIT,-0.9867632060630829,0.12169096108073063,0.0,0.0
-4,3,31,713/491,UNSTABLE,SINGULAR_BOUNDARY_LIMIT,-1.0027832168101778,0.1647474409177363,0.0,0.0
-4,3,32,17/12,UNSTABLE,SINGULAR_BOUNDARY_LIMIT,-1.0187004986662433,0.22969019295083726,0.0,0.0
-4,3,33,2211/1601,UNSTABLE,SINGULAR_BOUNDARY_LIMIT,-1.0345237931247695,0.3352174344405938,-5.684341886080802e-14,5.684341886080802e-14
-4,3,34,187/139,UNSTABLE,SINGULAR_BOUNDARY_LIMIT,-1.0502618608912524,0.5352766295295126,-1.0800249583553523e-12,7.673861546209082e-13
-4,3,35,2275/1737,UNSTABLE,SINGULAR_BOUNDARY_LIMIT,-1.0659234588971174,1.2087028608707584,-1.5120349416974932e-11,1.1596057447604835e-11
-4,3,36,144/113,UNSTABLE,SINGULAR_BOUNDARY_LIMIT,-1.0815173271776803,0.6046960586674643,-2.311537627974758e-10,1.8138734958483838e-10
-4,3,37,259/209,UNSTABLE,SINGULAR_BOUNDARY_LIMIT,-1.0970521834496303,0.17453712816146805,-3.7118752516107634e-09,2.9953071134514175e-09
-4,3,38,589/489,UNSTABLE,SINGULAR_BOUNDARY_LIMIT,-1.1125367237533883,-0.09369487845317082,-6.257647555685253e-08,5.195221319809207e-08
-4,3,39,2379/2033,UNSTABLE,SINGULAR_BOUNDARY_LIMIT,-1.127979627928033,-0.30542085035823874,-1.1039732612516673e-06,9.434143635189685e-07
-4,3,40,25/22,UNSTABLE,SINGULAR_BOUNDARY_LIMIT,-1.1433895689946567,-0.4894478293650977,-2.0326824426319945e-05,1.78883925059381e-05
-4,3,41,2419/2193,UNSTABLE,SINGULAR_BOUNDARY_LIMIT,-1.1587752257619872,-0.6578652674934347,-0.0003895907380524477,0.0003534947207413097
-4,3,42,609/569,UNSTABLE,SINGULAR_BOUNDARY_LIMIT,-1.1741452981539435,-0.8168758484819705,-0.00769979034635071,0.0073195450742105095
-4,3,43,817/787,UNSTABLE,SINGULAR_BOUNDARY_LIMIT,-1.1895085249052837,-0.9700607397480212,-0.13673366833461387,0.19142008076647699
-4,3,44,154/153,UNSTABLE,SINGULAR_BOUNDARY_LIMIT,-1.2048737033891754,-1.1196521820247725,-0.9511636754423591,-0.8378968118111345
-4,3,45,2475/2537,STABLE,NONZERO_FIXED_POINT,-1.2202497114362423,-1.267116983615459,-2.2487672572888755,-2.2546469012430634
-4,3,46,69/73,STABLE,NONZERO_FIXED_POINT,-1.235645531084817,-1.4134565615196735,-3.6081757932396954,-3.632441267958427
-4,3,47,2491/2721,STABLE,NONZERO_FIXED_POINT,-1.2510702742707416,-1.559375092388258,-4.984774523428314,-5.0231207219836165
-4,3,48,39/44,STABLE,NONZERO_FIXED_POINT,-1.2665332105260667,-1.7053802551330577,-6.376394005306224,-6.4287817304033865
-4,3,49,833/971,STABLE,NONZERO_FIXED_POINT,-1.2820437968122071,-1.8518468375985506,-7.783019161078414,-7.849593376281746
-4,3,50,625/753,STABLE,NONZERO_FIXED_POINT,-1.2976117096668567,-1.9990585826637783,-9.204820625930381,-9.285735584291103
-4,3,51,2499/3113,STABLE,NONZERO_FIXED_POINT,-1.3132468798977222,-2.1472366134168652,-10.642064783595288,-10.737477648133563
-4,3,52,52/67,STABLE,NONZERO_FIXED_POINT,-1.3289595301117139,-2.296559225293194,-12.095107500870057,-12.205178959935466
-4,3,53,2491/3321,STABLE,NONZERO_FIXED_POINT,-1.344760215427545,-2.4471759350096747,-13.56439233736694,-13.689287485428792
-4,3,54,621/857,STABLE,NONZERO_FIXED_POINT,-1.3606598677850563,-2.5992176091275567,-15.050449837291751,-15.190339059038422
-4,3,55,275/393,STABLE,NONZERO_FIXED_POINT,-1.376669844337778,-2.7528038668727675,-16.553897749256635,-16.708957605801743
-4,3,56,77/114,STABLE,NONZERO_FIXED_POINT,-1.3928019804989447,-2.90804856592689,-18.075442168291147,-18.245856294455137
-4,3,57,2451/3761,STABLE,NONZERO_FIXED_POINT,-1.4090686483082244,-3.065063933551812,-19.61587961566977,-19.801839637840146
-4,3,58,203/323,STABLE,NONZERO_FIXED_POINT,-1.4254828208997825,-3.2239637428278414,-21.176100089413723,-21.377806573831606
-4,3,59,2419/3993,STABLE,NONZERO_FIXED_POINT,-1.4420581439864701,-3.3848658235308378,-22.757091136710926,-22.97475457854341
-4,3,60,150/257,STABLE,NONZERO_FIXED_POINT,-1.4588090154343085,-3.547894120886852,-24.359943019777205,-24.59378488405278
-4,3,61,793/1411,STABLE,NONZERO_FIXED_POINT,-1.4757506741925148,-3.713180462006065,-25.98585506954123,-26.236108895977964
-4,3,62,589/1089,STABLE,NONZERO_FIXED_POINT,-1.4928993000742974,-3.880866152244657,-27.63614334779379,-27.90305593276247
-4,3,63,2331/4481,STABLE,NONZERO_FIXED_POINT,-1.5102721261623984,-4.051103497572704,-29.312249769098173,-29.5960824394906
-4,3,64,1/2,STABLE,NONZERO_FIXED_POINT,-1.527887565952705,-4.224057331258511,-31.01575287006944,-31.316782865733423
-4,3,65,2275/4737,STABLE,NONZERO_FIXED_POINT,-1.5457653577650987,-4.39990661182302,-32.74838045717115,-33.066902440906006
-4,3,66,561/1217,STABLE,NONZERO_FIXED_POINT,-1.563926729462544,-4.578846152949957,-34.512024416974725,-34.84835213394865
-4,3,67,737/1667,STABLE,NONZERO_FIXED_POINT,-1.582394587153722,-4.76108854402144,-36.308758037473126,-36.663226149442096
-4,3,68,136/321,STABLE,NONZERO_FIXED_POINT,-1.6011937323448073,-4.9468663217262545,-38.14085626893464,-38.513822392969246
-4,3,69,2139/5273,STABLE,NONZERO_FIXED_POINT,-1.6203511129971382,-5.136434458618538,-40.01081945236308,-40.40266643912304
-4,3,70,175/451,STABLE,NONZERO_FIXED_POINT,-1.6398961151988836,-5.330073243749929,-41.92140116880881,-42.3325396620005
-4,3,71,2059/5553,STABLE,NONZERO_FIXED_POINT,-1.659860903749749,-5.528091644031669,-43.875641021421586,-44.30651234827616
-4,3,72,63/178,STABLE,NONZERO_FIXED_POINT,-1.680280821995698,-5.7308312536436645,-45.87690336491349,-46.3279828177688
-4,3,73,219/649,STABLE,NONZERO_FIXED_POINT,-1.7011948638820877,-5.938670963881975,-47.92892325850909,-48.40072384046931
-4,3,74,481/1497,STABLE,NONZERO_FIXED_POINT,-1.7226462346201643,-6.152032519214906,-50.03586125849682,-50.52893798246606
-4,3,75,1875/6137,STABLE,NONZERO_FIXED_POINT,-1.7446830208646382,-6.3713871697142395,-52.202369112981785,-52.71732396420202
-4,3,76,38/131,STABLE,NONZERO_FIXED_POINT,-1.7673589972748012,-6.597263689329495,-54.433669013575724,-54.971156712614686
-4,3,77,1771/6441,STABLE,NONZERO_FIXED_POINT,-1.7907346043427612,-6.830258109274091,-56.73564985243223,-57.29638459039808
-4,3,78,429/1649,STABLE,NONZERO_FIXED_POINT,-1.8148781432357346,-7.071045624210072,-59.11498500900734,-59.69974837246713
-4,3,79,553/2251,STABLE,NONZERO_FIXED_POINT,-1.8398672483103837,-7.320395277884529,-61.57927766758036,-62.18892803127625
-4,3,80,25/108,STABLE,NONZERO_FIXED_POINT,-1.8657907186962852,-7.5791882421643635,-64.13724172013602,-64.77272546695093
-4,3,81,1539/7073,STABLE,NONZERO_FIXED_POINT,-1.8927508196071123,-7.848440795969992,-66.79892920646284,-67.46129424471377
-4,3,82,41/201,STABLE,NONZERO_FIXED_POINT,-1.9208662059764805,-8.129333529954977,-69.57601939554644,-70.2664315962472
-4,3,83,1411/7401,STABLE,NONZERO_FIXED_POINT,-1.9502756821645377,-8.423248914249072,-72.4821906663874,-73.20195405684245
-4,3,84,84/473,STABLE,NONZERO_FIXED_POINT,-1.9811431023454666,-8.731820275213295,-75.53360534217637,-76.28418719685232
-4,3,85,425/2579,STABLE,NONZERO_FIXED_POINT,-2.013663854066257,-9.056996605956883,-78.74955128213651,-79.5326136942241
-4,3,86,301/1977,STABLE,NONZERO_FIXED_POINT,-2.0480735816362614,-9.401129777059836,-82.15330523829704,-82.97074541201692
-4,3,87,1131/8081,STABLE,NONZERO_FIXED_POINT,-2.0846601475033886,-9.767094128914565,-85.7733167927845,-86.6273192946249
-4,3,88,11/86,STABLE,NONZERO_FIXED_POINT,-2.123780390641775,-10.158454035798666,-89.6448672174243,-90.53797298350965
-4,3,89,979/8433,STABLE,NONZERO_FIXED_POINT,-2.1658841937044286,-10.579704559085158,-93.8124519177295,-94.74765132625345
-4,3,90,225/2153,STABLE,NONZERO_FIXED_POINT,-2.211550053007773,-11.03662713014117,-98.33330167252427,-99.3141631842364
-4,3,91,91/977,STABLE,NONZERO_FIXED_POINT,-2.261539453025115,-11.536833279574857,-103.28276553396961,-104.31361870536725
-4,3,92,46/561,STABLE,NONZERO_FIXED_POINT,-2.3168834010970727,-12.09062996981065,-108.76287760194927,-109.84908263152388
-4,3,93,651/9161,STABLE,NONZERO_FIXED_POINT,-2.3790270490572354,-12.712465797881862,-114.91667441489636,-116.06503630946952
-4,3,94,47/779,STABLE,NONZERO_FIXED_POINT,-2.4500865533328096,-13.423499583953976,-121.95362396053338,-123.17306356027021
-4,3,95,475/9537,STABLE,NONZERO_FIXED_POINT,-2.53334224585395,-14.256532068836883,-130.1984494666885,-131.5011676396981
-4,3,96,3/76,STABLE,NONZERO_FIXED_POINT,-2.6342891359060836,-15.266510921758575,-140.19512896469905,-141.59882130226015
-4,3,97,97/3307,STABLE,NONZERO_FIXED_POINT,-2.7632278601306695,-16.5564402303889,-152.96339922801263,-154.49606168866015
-4,3,98,49/2529,STABLE,NONZERO_FIXED_POINT,-2.9432828792905905,-18.357562459215842,-170.79255714833013,-172.50530989764607
-4,3,99,99/10313,STABLE,NONZERO_FIXED_POINT,-3.2482410520032783,-21.407744178250574,-200.98747843879062,-203.0052282619428
-4,3,100,0,STABLE,NONZERO_FIXED_POINT,,,,
-4,4,1,99/1025,STABLE,NONZERO_FIXED_POINT,-1.5743966817012351,-10.675899795787956,-101.01879149649992,-102.03388016729414
-4,4,2,49/257,STABLE,NONZERO_FIXED_POINT,-1.3351609961887245,-7.75662948111065,-71.81322635502073,-72.53296339832352
-4,4,3,291/1033,STABLE,NONZERO_FIXED_POINT,-1.0392278105530837,-5.9212746734106645,-54.88972811512531,-55.43993544765908
-4,4,4,24/65,STABLE,NONZERO_FIXED_POINT,-0.8413659889950598,-4.657657683421878,-43.168156813258236,-43.600858928189496
-4,4,5,475/1049,STABLE,NONZERO_FIXED_POINT,-0.7615638624820207,-3.7756518495186455,-34.399011836212594,-34.74309371478131
-4,4,6,141/265,STABLE,NONZERO_FIXED_POINT,-0.7515629922782896,-3.1327841069976685,-27.521485632952988,-27.79551239423435
-4,4,7,651/1073,STABLE,NONZERO_FIXED_POINT,-0.7492921338492557,-2.6162205550719477,-21.931937463750103,-22.14895619714781
-4,4,8,23/34,STABLE,NONZERO_FIXED_POINT,-0.7520818666553524,-2.192474086933821,-17.30309949865324,-17.472850579677896
-4,4,9,63/85,STABLE,NONZERO_FIXED_POINT,-0.758310992280105,-1.8395165277703427,-13.422731436654345,-13.552809812915001
-4,4,10,225/281,STABLE,NONZERO_FIXED_POINT,-0.7669413466992543,-1.541902433049728,-10.144815551054876,-10.24133935279258
-4,4,11,979/1145,STABLE,NONZERO_FIXED_POINT,-0.7772809026715137,-1.2883278702804617,-7.36415929388744,-7.432182053928557
-4,4,12,66/73,STABLE,NONZERO_FIXED_POINT,-0.788853716160645,-1.0703436525129746,-5.002120604552658,-5.045891299890627
-4,4,13,1131/1193,STABLE,NONZERO_FIXED_POINT,-0.801324235293281,-0.881645118984622,-2.998497037700588,-3.0208250939603545
-4,4,14,301/305,STABLE,NONZERO_FIXED_POINT,-0.8144511387790541,-0.717657626139669,-1.3250932704197567,-1.2879598268668246
-4,4,15,1275/1249,UNSTABLE,SINGULAR_BOUNDARY_LIMIT,-0.828058082844378,-0.5752745326867625,-0.2457340093736775,0.5941090054424194
-4,4,16,21/20,UNSTABLE,SINGULAR_BOUNDARY_LIMIT,-0.8420145599586917,-0.4526648789918717,-0.021143177103965627,0.02114087627668937
-4,4,17,1411/1313,UNSTABLE,SINGULAR_BOUNDARY_LIMIT,-0.856223029368298,-0.3490866515399631,-0.002312205951170654,0.0021627272771524986
-4,4,18,369/337,UNSTABLE,SINGULAR_BOUNDARY_LIMIT,-0.8706100604869516,-0.2646430244225897,-0.0003841597896325766,0.0003511422543738263
-4,4,19,1539/1385,UNSTABLE,SINGULAR_BOUNDARY_LIMIT,-0.8851201135649482,-0.19992991562645557,-9.439074540296133e-05,8.496307970062844e-05
-4,4,20,100/89,UNSTABLE,SINGULAR_BOUNDARY_LIMIT,-0.8997110945711446,-0.15557065373627665,-3.305390168861777e-05,2.9420088480947015e-05
-4,4,21,1659/1465,UNSTABLE,SINGULAR_BOUNDARY_LIMIT,-0.9143511284494874,-0.13172128788907145,-1.595372367546588e-05,1.4088615785112779e-05
-4,4,22,33/29,UNSTABLE,SINGULAR_BOUNDARY_LIMIT,-0.9290161844317479,-0.12770788508603914,-1.0304374654879211e-05,9.055561378090715e-06
-4,4,23,1771/1553,UNSTABLE,SINGULAR_BOUNDARY_LIMIT,-0.9436883069961226,-0.14194208255628382,-8.676846789512638e-06,7.608919077028986e-06
-4,4,24,57/50,UNSTABLE,SINGULAR_BOUNDARY_LIMIT,-0.9583542836571297,-0.17213293222707193,-9.307161150218235e-06,8.16434067019145e-06
-4,4,25,1875/1649,UNSTABLE,SINGULAR_BOUNDARY_LIMIT,-0.9730046320122909,-0.21566761571174453,-1.245716072162395e-05,1.0955952916447131e-05
-4,4,26,481/425,UNSTABLE,SINGULAR_BOUNDARY_LIMIT,-0.9876328229301929,-0.26998622655816007,-2.04244780661611e-05,1.804737559041314e-05
-4,4,27,1971/1753,UNSTABLE,SINGULAR_BOUNDARY_LIMIT,-1.0022346803249107,-0.33283669647095593,-4.034851116330174e-05,3.588896419159937e-05
-4,4,28,126/113,UNSTABLE,SINGULAR_BOUNDARY_LIMIT,-1.0168079143149438,-0.40238758525351415,-9.462142406846397e-05,8.487643449939242e-05
-4,4,29,2059/1865,UNSTABLE,SINGULAR_BOUNDARY_LIMIT,-1.0313517560732208,-0.47723392478620497,-0.00025989649407165416,0.00023554323291818946
-4,4,30,525/481,UNSTABLE,SINGULAR_BOUNDARY_LIMIT,-1.0458666708768902,-0.5563446475532814,-0.0008258400420686485,0.0007580077459579115
-4,4,31,2139/1985,UNSTABLE,SINGULAR_BOUNDARY_LIMIT,-1.0603541317801888,-0.6389892730554649,-0.0029989554382154893,0.0028016905927756852
-4,4,32,17/16,UNSTABLE,SINGULAR_BOUNDARY_LIMIT,-1.0748164406451748,-0.7246656066912287,-0.01224726705095236,0.011851146633688359
-4,4,33,2211/2113,UNSTABLE,SINGULAR_BOUNDARY_LIMIT,-1.0892565864397543,-0.8130379778257222,-0.05410968691091966,0.05888887517778585
-4,4,34,561/545,UNSTABLE,SINGULAR_BOUNDARY_LIMIT,-1.1036781330723322,-0.9038884281348345,-0.22694801007094156,0.47726380631269194
-4,4,35,175/173,UNSTABLE,SINGULAR_BOUNDARY_LIMIT,-1.1180851308021555,-0.9970799272526278,-0.6928972857027702,-0.46024379886975453
-4,4,36,144/145,STABLE,NONZERO_FIXED_POINT,-1.1324820466029344,-1.092529531256453,-1.4109641677570153,-1.3789978304426427
-4,4,37,2331/2393,STABLE,NONZERO_FIXED_POINT,-1.1468737098776582,-1.1901892801308094,-2.2345261966011662,-2.2409016296498976
-4,4,38,589/617,STABLE,NONZERO_FIXED_POINT,-1.1612652707067994,-1.2900329171337788,-3.107210037495122,-3.126716212235351
-4,4,39,2379/2545,STABLE,NONZERO_FIXED_POINT,-1.1756621684191586,-1.3920468989874593,-4.01645787023017,-4.045670305806198
-4,4,40,75/82,STABLE,NONZERO_FIXED_POINT,-1.1900701087485093,-1.4962245249591035,-4.958846862203018,-4.9975903094770615
-4,4,41,2419/2705,STABLE,NONZERO_FIXED_POINT,-1.2044950482119763,-1.6025623064827954,-5.932569130620664,-5.981099570847107
-4,4,42,609/697,STABLE,NONZERO_FIXED_POINT,-1.2189431846419172,-1.7110579252706941,-6.936202540871307,-6.994817932084118
-4,4,43,2451/2873,STABLE,NONZERO_FIXED_POINT,-1.2334209530401168,-1.821709297818984,-7.968523941895114,-8.037516247982126
-4,4,44,154/185,STABLE,NONZERO_FIXED_POINT,-1.2479350261150692,-1.934514390893817,-9.028474682887548,-9.1081256897088
-4,4,45,2475/3049,STABLE,NONZERO_FIXED_POINT,-1.2624923190207227,-2.0494715272992607,-10.115147382916462,-10.205729603951909
-4,4,46,621/785,STABLE,NONZERO_FIXED_POINT,-1.277099997946241,-2.1665799926185585,-11.227776394124135,-11.32955445068825
-4,4,47,47/61,STABLE,NONZERO_FIXED_POINT,-1.291765492317932,-2.2858408078710184,-12.365729727613115,-12.478961704687833
-4,4,48,3/4,STABLE,NONZERO_FIXED_POINT,-1.3064965104710868,-2.4072575744548974,-13.528502117455332,-13.653440854063604
-4,4,49,2499/3425,STABLE,NONZERO_FIXED_POINT,-1.321301058735795,-2.530837329356089,-14.715709127659068,-14.852603447360991
-4,4,50,625/881,STABLE,NONZERO_FIXED_POINT,-1.3361874639599307,-2.6565913725414276,-15.927082242771746,-16.076178133839733
-4,4,51,2499/3625,STABLE,NONZERO_FIXED_POINT,-1.3511643995676241,-2.7845360463272044,-17.162464897378243,-17.324006652158857
-4,4,52,156/233,STABLE,NONZERO_FIXED_POINT,-1.3662409153252284,-2.9146934595761635,-18.4218094117783,-18.596040734449844
-4,4,53,2491/3833,STABLE,NONZERO_FIXED_POINT,-1.3814264710617312,-3.0470921588599467,-19.705174812717303,-19.892339904435175
-4,4,54,621/985,STABLE,NONZERO_FIXED_POINT,-1.3967309746689125,-3.1817677550943912,-21.012725529635986,-21.213070159957056
-4,4,55,2475/4049,STABLE,NONZERO_FIXED_POINT,-1.4121648247911445,-3.3187635183419246,-22.344730968792362,-22.55850354229125
-4,4,56,77/130,STABLE,NONZERO_FIXED_POINT,-1.427738958708133,-3.4581309560948696,-23.701565980089782,-23.92901860722415
-4,4,57,2451/4273,STABLE,NONZERO_FIXED_POINT,-1.4434649060191376,-3.599930391916473,-25.083712244836647,-25.325101826401806
-4,4,58,609/1097,STABLE,NONZERO_FIXED_POINT,-1.4593548488578865,-3.7442315622403584,-26.49176062733852,-26.747349962280396
-4,4,59,2419/4505,STABLE,NONZERO_FIXED_POINT,-1.4754216895077192,-3.891114249752448,-27.9264145496104,-28.196473476563654
-4,4,60,150/289,STABLE,NONZERO_FIXED_POINT,-1.49167912645121,-4.040668972373858,-29.38849446711393,-29.673301050814786
-4,4,61,183/365,STABLE,NONZERO_FIXED_POINT,-1.5081417400843087,-4.192997747648491,-30.87894354489623,-31.17878531962228
-4,4,62,589/1217,STABLE,NONZERO_FIXED_POINT,-1.5248250895591031,-4.348214953502669,-32.398834658610724,-32.71400994205368
-4,4,63,2331/4993,STABLE,NONZERO_FIXED_POINT,-1.5417458225014933,-4.506448308050423,-33.94937887460344,-34.28019816713794
-4,4,64,9/20,STABLE,NONZERO_FIXED_POINT,-1.5589217996926727,-4.6678399935307695,-35.53193559877147,-35.878723084996125
-4,4,65,2275/5249,STABLE,NONZERO_FIXED_POINT,-1.5763722372216833,-4.832547952757871,-37.1480246267962,-37.5111197985712
-4,4,66,561/1345,STABLE,NONZERO_FIXED_POINT,-1.5941178691306561,-5.000747390846733,-38.79934038062402,-39.17909980370632
-4,4,67,2211/5513,STABLE,NONZERO_FIXED_POINT,-1.612181134210715,-5.172632520701669,-40.48776868028813,-40.884567930188666
-4,4,68,136/353,STABLE,NONZERO_FIXED_POINT,-1.6305863913985785,-5.348418598152783,-42.21540647971423,-42.62964227673177
-4,4,69,2139/5785,STABLE,NONZERO_FIXED_POINT,-1.6493601692167879,-5.528344302130634,-43.98458509446368,-44.41667767317989
-4,4,70,525/1481,STABLE,NONZERO_FIXED_POINT,-1.6685314559531896,-5.7126745274619,-45.79789757432633,-46.248293329441594
-4,4,71,2059/6065,STABLE,NONZERO_FIXED_POINT,-1.6881320388675345,-5.901703673529937,-47.65823103215922,-48.1274054907438
-4,4,72,63/194,STABLE,NONZERO_FIXED_POINT,-1.7081969027521247,-6.095759532235526,-49.56880494301393,-50.057266123490564
-4,4,73,1971/6353,STABLE,NONZERO_FIXED_POINT,-1.7287647008058613,-6.295207904867432,-51.533216688913114,-52.041508919968976
-4,4,74,37/125,STABLE,NONZERO_FIXED_POINT,-1.7498783142084697,-6.500458111658006,-53.55549596460364,-54.0842042535447
-4,4,75,1875/6649,STABLE,NONZERO_FIXED_POINT,-1.7715855212852638,-6.711969602757662,-55.640170106056246,-56.18992516694391
-4,4,76,114/425,STABLE,NONZERO_FIXED_POINT,-1.793939803128204,-6.930259939063809,-57.792342995590104,-58.36382707430391
-4,4,77,1771/6953,STABLE,NONZERO_FIXED_POINT,-1.8170013205508688,-7.155914491424902,-60.01779099115788,-60.611744659353405
-4,4,78,429/1777,STABLE,NONZERO_FIXED_POINT,-1.8408381081187493,-7.389598315360168,-62.323080403300196,-62.94031053892081
-4,4,79,1659/7265,STABLE,NONZERO_FIXED_POINT,-1.8655275459078986,-7.6320708075442525,-64.71571251993817,-65.35710175254786
-4,4,80,25/116,STABLE,NONZERO_FIXED_POINT,-1.891158190384579,-7.8842039577008975,-67.20430423275528,-67.87082221331016
-4,4,81,1539/7585,STABLE,NONZERO_FIXED_POINT,-1.917832075060275,-8.147005302174762,-69.7988152161937,-70.49153218148496
-4,4,82,369/1937,STABLE,NONZERO_FIXED_POINT,-1.945667633515404,-8.421647104847644,-72.51083676233702,-73.23094001689708
-4,4,83,1411/7913,STABLE,NONZERO_FIXED_POINT,-1.974803458534348,-8.709503902571697,-75.35396342903084,-76.10277758100403
-4,4,84,84/505,STABLE,NONZERO_FIXED_POINT,-2.00540320195884,-9.012201460949314,-78.34427765442496,-79.12328974648176
-4,4,85,1275/8249,STABLE,NONZERO_FIXED_POINT,-2.037662057747305,-9.331681565108838,-81.50099114152846,-82.31188226036238
-4,4,86,301/2105,STABLE,NONZERO_FIXED_POINT,-2.071815484897005,-9.670289211833335,-84.84730801935422,-85.69199362393209
-4,4,87,87/661,STABLE,NONZERO_FIXED_POINT,-2.108151168382493,-10.030892184379148,-88.41160859558457,-89.29229080245159
-4,4,88,33/274,STABLE,NONZERO_FIXED_POINT,-2.147025777133054,-10.41704860002774,-92.2291080419269,-93.1483446648694
-4,4,89,979/8945,STABLE,NONZERO_FIXED_POINT,-2.188889030800617,-10.833247547714585,-96.34423867364353,-97.30503632674379
-4,4,90,225/2281,STABLE,NONZERO_FIXED_POINT,-2.2343192693832314,-11.285264756228742,-100.81417103394148,-101.82011380110674
-4,4,91,819/9305,STABLE,NONZERO_FIXED_POINT,-2.284077827379468,-11.78070630958971,-105.71419664745713,-106.7696291231635
-4,4,92,46/593,STABLE,NONZERO_FIXED_POINT,-2.339195568180216,-12.329873966532034,-111.14629465629153,-112.25659151797421
-4,4,93,651/9673,STABLE,NONZERO_FIXED_POINT,-2.401117505394719,-12.94721135094052,-117.25344908019923,-118.42542927940434
-4,4,94,141/2465,STABLE,NONZERO_FIXED_POINT,-2.471959662669331,-13.65387252870589,-124.24507770395627,-125.48767551491412
-4,4,95,475/10049,STABLE,NONZERO_FIXED_POINT,-2.5550022443314298,-14.482653694218463,-132.44585575164473,-133.77128498824504
-4,4,96,3/80,STABLE,NONZERO_FIXED_POINT,-2.6557401369917155,-15.488498167734166,-142.3997153399672,-143.82568407223948
-4,4,97,291/10433,STABLE,NONZERO_FIXED_POINT,-2.7844738593092977,-16.774405875565513,-155.12634931282383,-156.68086553122004
-4,4,98,49/2657,STABLE,NONZERO_FIXED_POINT,-2.964327758534811,-18.57161529916612,-172.91501251914312,-174.64920799352487
-4,4,99,99/10825,STABLE,NONZERO_FIXED_POINT,-3.269088584033776,-21.617989195053454,-203.0705404231324,-205.10933313356023
-4,4,100,0,STABLE,NONZERO_FIXED_POINT,,,,
-3,-4,1,11,UNSTABLE,SINGULAR_BOUNDARY_LIMIT,0.04051620760159658,0.11172852401076483,0.11172852397794486,0.11172852397794486
-3,-4,2,49/3,UNSTABLE,SINGULAR_BOUNDARY_LIMIT,0.07064455226213262,0.1609098050965443,0.16090980509534347,0.16090980509534347
-3,-4,3,291/17,UNSTABLE,SINGULAR_BOUNDARY_LIMIT,0.10142188138855524,0.21950129406640428,0.21950129406531005,0.21950129406531005
-3,-4,4,16,UNSTABLE,SINGULAR_BOUNDARY_LIMIT,0.13163891955937412,0.278541789490113,0.27854178948757635,0.27854178948757635
-3,-4,5,475/33,UNSTABLE,SINGULAR_BOUNDARY_LIMIT,0.06448675295128226,0.23978489129671487,0.23978489128853653,0.23978489128853653
-3,-4,6,141/11,UNSTABLE,SINGULAR_BOUNDARY_LIMIT,0.014828991524478141,0.21771518223651043,0.217715182208849,0.21771518220882058
-3,-4,7,217/19,UNSTABLE,SINGULAR_BOUNDARY_LIMIT,-0.022582863333166614,0.20699400423436742,0.20699400414287084,0.20699400414287084
-3,-4,8,92/9,UNSTABLE,SINGULAR_BOUNDARY_LIMIT,-0.05077413181517443,0.20460326295484776,0.20460326266959328,0.20460326266959328
-3,-4,9,819/89,UNSTABLE,SINGULAR_BOUNDARY_LIMIT,-0.07159417473559415,0.20873621976496537,0.20873621893264271,0.20873621893264271
-3,-4,10,25/3,UNSTABLE,SINGULAR_BOUNDARY_LIMIT,-0.08620158892335184,0.2182889411268576,0.21828893885012235,0.21828893885012235
-3,-4,11,979/129,UNSTABLE,SINGULAR_BOUNDARY_LIMIT,-0.09531017890261673,0.23260474481509164,0.23260473895032874,0.23260473895032874
-3,-4,12,132/19,UNSTABLE,SINGULAR_BOUNDARY_LIMIT,-0.0993193202953826,0.25133978145596814,0.25133976714840855,0.25133976714840855
-3,-4,13,377/59,UNSTABLE,SINGULAR_BOUNDARY_LIMIT,-0.09838132901404606,0.27439401071624303,0.27439397747468774,0.2743939774746309
-3,-4,14,301/51,UNSTABLE,SINGULAR_BOUNDARY_LIMIT,-0.09242905308136429,0.30188304966583246,0.30188297573170075,0.30188297573170075
-3,-4,15,1275/233,UNSTABLE,SINGULAR_BOUNDARY_LIMIT,-0.08117244652958888,0.33414154920638595,0.3341413910563915,0.3341413910563915
-3,-4,16,56/11,UNSTABLE,SINGULAR_BOUNDARY_LIMIT,-0.06406337826222064,0.3717585711216458,0.37175824443284,0.37175824443284
-3,-4,17,1411/297,UNSTABLE,SINGULAR_BOUNDARY_LIMIT,-0.0402180464764097,0.4156554631317775,0.4156548090923593,0.41565480909230246
-3,-4,18,369/83,UNSTABLE,SINGULAR_BOUNDARY_LIMIT,-0.00827045713344532,0.4672327109184735,0.4672314378576061,0.4672314378576061
-3,-4,19,171/41,UNSTABLE,SINGULAR_BOUNDARY_LIMIT,0.03390294098126745,0.5286456481651314,0.5286432322994017,0.5286432322994017
-3,-4,20,200/51,UNSTABLE,SINGULAR_BOUNDARY_LIMIT,0.08972971694640464,0.6033512712987346,0.6033467907342924,0.603346790734264
-3,-4,21,1659/449,UNSTABLE,SINGULAR_BOUNDARY_LIMIT,0.16513768851030086,0.6973048418926808,0.6972967030552581,0.6972967030552581
-3,-4,22,143/41,UNSTABLE,SINGULAR_BOUNDARY_LIMIT,0.2716018256909303,0.8220072006592787,0.821992693300615,0.821992693300615
-3,-4,23,1771/537,UNSTABLE,SINGULAR_BOUNDARY_LIMIT,0.4360579630981931,1.004418964693798,1.0043935464388483,1.0043935464388483
-3,-4,24,228/73,UNSTABLE,SINGULAR_BOUNDARY_LIMIT,0.7531008985288299,1.33915924064749,1.3391153985706126,1.3391153985706126
-3,-4,25,625/211,UNSTABLE,SINGULAR_BOUNDARY_LIMIT,1.447705007632777,2.051227066642028,2.05115252244741,2.051152522447353
-3,-4,26,481/171,UNSTABLE,SINGULAR_BOUNDARY_LIMIT,0.5659538216355422,1.1867321541292313,1.1866070574940863,1.1866070574940863
-3,-4,27,1971/737,UNSTABLE,SINGULAR_BOUNDARY_LIMIT,0.2733219315806039,0.911178478878071,0.910971049932698,0.9109710499326411
-3,-4,28,28/11,UNSTABLE,SINGULAR_BOUNDARY_LIMIT,0.08560506727460471,0.7403968472599871,0.7400566531655102,0.7400566531654817
-3,-4,29,2059/849,UNSTABLE,SINGULAR_BOUNDARY_LIMIT,-0.05611232475637351,0.6155161793347474,0.6149638145166705,0.6149638145166136
-3,-4,30,525/227,UNSTABLE,SINGULAR_BOUNDARY_LIMIT,-0.1718267354903773,0.5165994065333166,0.5157107187375232,0.51571071873758
-3,-4,31,713/323,UNSTABLE,SINGULAR_BOUNDARY_LIMIT,-0.27078724118748276,0.4344801780331622,0.43306222831643026,0.43306222831643026
-3,-4,32,272/129,UNSTABLE,SINGULAR_BOUNDARY_LIMIT,-0.3580451860262581,0.3642258031898109,0.3619802805325776,0.3619802805325776
-3,-4,33,2211/1097,UNSTABLE,SINGULAR_BOUNDARY_LIMIT,-0.43666777683361424,0.30294285070586824,0.2994103651172395,0.2994103651172395
-3,-4,34,187/97,UNSTABLE,SINGULAR_BOUNDARY_LIMIT,-0.5086608261189038,0.24888385674805136,0.24335884727352664,0.24335884727352664
-3,-4,35,2275/1233,UNSTABLE,SINGULAR_BOUNDARY_LIMIT,-0.5754103577785443,0.20105156062343355,0.19245142253913627,0.19245142253913627
-3,-4,36,288/163,UNSTABLE,SINGULAR_BOUNDARY_LIMIT,-0.6379159307636435,0.1590384982077424,0.1456998489493344,0.14569984894927757
-3,-4,37,259/153,UNSTABLE,SINGULAR_BOUNDARY_LIMIT,-0.6969234952064234,0.12301389688146003,0.10236914267096608,0.10236914267096608
-3,-4,38,589/363,UNSTABLE,SINGULAR_BOUNDARY_LIMIT,-0.7530056224633057,0.09384935214014689,0.06189739624471713,0.06189739624471713
-3,-4,39,2379/1529,UNSTABLE,SINGULAR_BOUNDARY_LIMIT,-0.8066123133186274,0.07344570867176259,0.023845015723964025,0.023845015723964025
-3,-4,40,100/67,UNSTABLE,SINGULAR_BOUNDARY_LIMIT,-0.8459657615454841,0.07759641164378195,0.0,0.0
-3,-4,41,2419/1689,UNSTABLE,SINGULAR_BOUNDARY_LIMIT,-0.8614383355765316,0.12333736951679697,0.0,0.0
-3,-4,42,609/443,UNSTABLE,SINGULAR_BOUNDARY_LIMIT,-0.8768849364534308,0.20236759639575297,-5.684341886080802e-14,5.684341886080802e-14
-3,-4,43,817/619,UNSTABLE,SINGULAR_BOUNDARY_LIMIT,-0.8923153534884865,0.3562820063909413,-4.547473508864641e-12,3.410605131648481e-12
-3,-4,44,308/243,UNSTABLE,SINGULAR_BOUNDARY_LIMIT,-0.9077393171627222,0.7939334993390759,-2.509636942704674e-10,1.9798562789219432e-10
-3,-4,45,2475/2033,UNSTABLE,SINGULAR_BOUNDARY_LIMIT,-0.9231665357860557,0.5915720703710505,-1.3578301150118932e-08,1.1153417744935723e-08
-3,-4,46,69/59,UNSTABLE,SINGULAR_BOUNDARY_LIMIT,-0.9386067319847369,0.05695424253453041,-7.236519650177797e-07,6.187758287978795e-07
-3,-4,47,2491/2217,UNSTABLE,SINGULAR_BOUNDARY_LIMIT,-0.9540696793553849,-0.25568497964128767,-3.811302588019316e-05,3.392355938558467e-05
-3,-4,48,312/289,UNSTABLE,SINGULAR_BOUNDARY_LIMIT,-0.9695652396287091,-0.5021688814145335,-0.001985729294460725,0.001847480858543804
-3,-4,49,833/803,UNSTABLE,SINGULAR_BOUNDARY_LIMIT,-0.985103400695877,-0.7182701009767172,-0.09271970031056753,0.1131856353131866
-3,-4,50,625/627,STABLE,NONZERO_FIXED_POINT,-1.0006943158663546,-0.9179783753975315,-1.1248561674726716,-1.0557702873360881
-3,-4,51,2499/2609,STABLE,NONZERO_FIXED_POINT,-1.016348344748847,-1.108138426493447,-2.8064153227131783,-2.823793271472084
-3,-4,52,104/113,STABLE,NONZERO_FIXED_POINT,-1.0320760961769615,-1.2925497027127122,-4.522173924985026,-4.55819396783437
-3,-4,53,2491/2817,STABLE,NONZERO_FIXED_POINT,-1.0478884736396186,-1.4735004177477933,-6.241626010439461,-6.29503866074856
-3,-4,54,621/731,STABLE,NONZERO_FIXED_POINT,-1.063796723724085,-1.6524522967286686,-7.965508293486266,-8.03633406157121
-3,-4,55,275/337,STABLE,NONZERO_FIXED_POINT,-1.0798124881382662,-1.8303850985592405,-9.695207557536548,-9.783504764418524
-3,-4,56,308/393,STABLE,NONZERO_FIXED_POINT,-1.0959478599505843,-2.007985400077672,-11.432151640738482,-11.537993474610687
-3,-4,57,2451/3257,STABLE,NONZERO_FIXED_POINT,-1.1122154447725912,-2.185756679996956,-13.17780487207358,-13.301279319386367
-3,-4,58,203/281,STABLE,NONZERO_FIXED_POINT,-1.128628427714542,-2.3640865325443983,-14.933675590446086,-15.074885872437903
-3,-4,59,2419/3489,STABLE,NONZERO_FIXED_POINT,-1.1452006470710554,-2.5432891606545454,-16.70132445047193,-16.86038955155817
-3,-4,60,300/451,STABLE,NONZERO_FIXED_POINT,-1.1619466758474424,-2.7236329975296556,-18.482373417675547,-18.659428704833886
-3,-4,61,793/1243,STABLE,NONZERO_FIXED_POINT,-1.1788819124232557,-2.905359105236215,-20.27851558668999,-20.473713528014002
-3,-4,62,589/963,STABLE,NONZERO_FIXED_POINT,-1.196022681875304,-3.0886937364144202,-22.091525981368136,-22.30503697370557
-3,-4,63,2331/3977,STABLE,NONZERO_FIXED_POINT,-1.213386349757421,-3.2738571614537904,-23.923273522072066,-24.15528683953744
-3,-4,64,32/57,STABLE,NONZERO_FIXED_POINT,-1.2309914504705688,-3.461070104156761,-25.77573437787737,-26.02645925522998
-3,-4,65,2275/4233,STABLE,NONZERO_FIXED_POINT,-1.2488578327699429,-3.6505586652220146,-27.651006961601183,-27.92067382908209
-3,-4,66,561/1091,STABLE,NONZERO_FIXED_POINT,-1.2670068254653994,-3.84255832335667,-29.551328875385934,-29.840190764718045
-3,-4,67,737/1499,STABLE,NONZERO_FIXED_POINT,-1.2854614270037477,-4.037317420855366,-31.4790961766069,-31.78743032159616
-3,-4,68,272/579,STABLE,NONZERO_FIXED_POINT,-1.3042465234102014,-4.235100424920276,-33.43688541145946,-33.76499507115267
-3,-4,69,2139/4769,STABLE,NONZERO_FIXED_POINT,-1.3233891400558147,-4.436191184490127,-35.42747896112451,-35.77569549898686
-3,-4,70,175/409,STABLE,NONZERO_FIXED_POINT,-1.3429187339679736,-4.640896360735589,-37.45389436879384,-37.82257962811491
-3,-4,71,2059/5049,STABLE,NONZERO_FIXED_POINT,-1.3628675349907766,-4.849549189094844,-39.519418472888674,-39.90896749696617
-3,-4,72,252/649,STABLE,NONZERO_FIXED_POINT,-1.3832709461391541,-5.062513726797107,-41.627647373172664,-42.03849152919145
-3,-4,73,219/593,STABLE,NONZERO_FIXED_POINT,-1.4041680161211731,-5.280189749762691,-43.78253351661979,-44.21514409514393
-3,-4,74,481/1371,STABLE,NONZERO_FIXED_POINT,-1.4256020004288423,-5.503018485981798,-45.98844152882282,-46.44333390723847
-3,-4,75,1875/5633,STABLE,NONZERO_FIXED_POINT,-1.4476210318998284,-5.731489410029411,-48.25021486222772,-48.72795334139937
-3,-4,76,76/241,STABLE,NONZERO_FIXED_POINT,-1.4702789276267296,-5.966148378065242,-50.57325592373823,-51.0744593740323
-3,-4,77,1771/5937,STABLE,NONZERO_FIXED_POINT,-1.4936361671011955,-6.2076074593567725,-52.9636231371224,-53.48897162485838
-3,-4,78,429/1523,STABLE,NONZERO_FIXED_POINT,-1.5177610873430964,-6.45655692667885,-55.428149470930634,-55.97839208208194
-3,-4,79,553/2083,STABLE,NONZERO_FIXED_POINT,-1.5427313556756665,-6.713780015486634,-57.97458843866468,-58.55055257730777
-3,-4,80,200/801,STABLE,NONZERO_FIXED_POINT,-1.5686358015463142,-6.980171268087339,-60.61179563094845,-61.21439815136873
-3,-4,81,1539/6569,STABLE,NONZERO_FIXED_POINT,-1.5955767180539535,-7.256759570934065,-63.34995673620796,-63.98021737824422
-3,-4,82,41/187,STABLE,NONZERO_FIXED_POINT,-1.6236727857819258,-7.544737412063803,-66.20087715814506,-66.85993490796182
-3,-4,83,1411/6897,STABLE,NONZERO_FIXED_POINT,-1.6530628326844035,-7.845498496865503,-69.17835439194283,-69.86748760417743
-3,-4,84,168/883,STABLE,NONZERO_FIXED_POINT,-1.6839107346381148,-8.160686768783144,-72.29866331658482,-73.01931473843649
-3,-4,85,425/2411,STABLE,NONZERO_FIXED_POINT,-1.7164118991511987,-8.492261260212345,-75.58119821072609,-76.3350064910532
-3,-4,86,301/1851,STABLE,NONZERO_FIXED_POINT,-1.7508019888900623,-8.842583340438992,-79.04933650221943,-79.83817642537849
-3,-4,87,1131/7577,STABLE,NONZERO_FIXED_POINT,-1.787368883181271,-9.214536342363274,-82.73162306946193,-83.55765775178588
-3,-4,88,44/323,STABLE,NONZERO_FIXED_POINT,-1.826469436514353,-9.611693158396719,-86.66342943870038,-87.52917928454531
-3,-4,89,979/7929,STABLE,NONZERO_FIXED_POINT,-1.8685535458000402,-10.038556923173296,-90.88933654150594,-91.7977722675542
-3,-4,90,225/2027,STABLE,NONZERO_FIXED_POINT,-1.9141997204516628,-10.500916723829235,-95.46665624560944,-96.4213274761911
-3,-4,91,91/921,STABLE,NONZERO_FIXED_POINT,-1.9641694569675678,-11.00639135469045,-100.47081452563697,-101.47603276351268
-3,-4,92,92/1059,STABLE,NONZERO_FIXED_POINT,-2.0194937737232515,-11.565294673506827,-106.00391848931974,-107.06502662208166
-3,-4,93,651/8657,STABLE,NONZERO_FIXED_POINT,-2.0816178326721566,-12.192081826265401,-112.2090740027354,-113.33286043168448
-3,-4,94,47/737,STABLE,NONZERO_FIXED_POINT,-2.1526577995154206,-12.907917856224756,-119.29581491940155,-120.49118454932486
-3,-4,95,475/9033,STABLE,NONZERO_FIXED_POINT,-2.2358940146748445,-13.745609420545883,-127.58892707461831,-128.86806547522588
-3,-4,96,48/1153,STABLE,NONZERO_FIXED_POINT,-2.336821495203811,-14.760109815898716,-137.63244803869964,-139.01303610861876
-3,-4,97,97/3139,STABLE,NONZERO_FIXED_POINT,-2.46574088484207,-16.054428485130288,-150.44617123273827,-151.95619081417206
-3,-4,98,49/2403,STABLE,NONZERO_FIXED_POINT,-2.6457766508309355,-17.85981299118577,-168.31944747019517,-170.01000516097056
-3,-4,99,99/9809,STABLE,NONZERO_FIXED_POINT,-2.9507156576923723,-20.914134760340723,-198.5572038146853,-200.5531933546217
-3,-4,100,0,STABLE,NONZERO_FIXED_POINT,,,,
-3,-3,1,99/17,UNSTABLE,SINGULAR_BOUNDARY_LIMIT,0.05368563635368062,0.15593220143573916,0.15593218646998253,0.15593218647001095
-3,-3,2,49/5,UNSTABLE,SINGULAR_BOUNDARY_LIMIT,0.07697264264606396,0.18362831181243422,0.18362831166743376,0.18362831166746219
-3,-3,3,291/25,UNSTABLE,SINGULAR_BOUNDARY_LIMIT,0.1065472325448269,0.23576301137792655,0.23576301133954303,0.23576301133954303
-3,-3,4,12,UNSTABLE,SINGULAR_BOUNDARY_LIMIT,0.1364218183017245,0.29175785580298097,0.2917578557667895,0.2917578557667895
-3,-3,5,475/41,UNSTABLE,SINGULAR_BOUNDARY_LIMIT,0.0691950502984966,0.2512791780392405,0.25127917797908594,0.2512791779790291
-3,-3,6,141/13,UNSTABLE,SINGULAR_BOUNDARY_LIMIT,0.019583321387077746,0.22814664509200355,0.2281466449631182,0.2281466449631182
-3,-3,7,651/65,UNSTABLE,SINGULAR_BOUNDARY_LIMIT,-0.017711219554799484,0.21674541284590987,0.21674541253929647,0.2167454125393533
-3,-3,8,46/5,UNSTABLE,SINGULAR_BOUNDARY_LIMIT,-0.045732460188295576,0.21392373302840184,0.21392373227575945,0.21392373227578787
-3,-3,9,819/97,UNSTABLE,SINGULAR_BOUNDARY_LIMIT,-0.0663358993411407,0.21780412131338522,0.21780411947383982,0.21780411947383982
-3,-3,10,225/29,UNSTABLE,SINGULAR_BOUNDARY_LIMIT,-0.08067992210881858,0.22724378590256578,0.2272437815030628,0.2272437815030628
-3,-3,11,979/137,UNSTABLE,SINGULAR_BOUNDARY_LIMIT,-0.08947387352436209,0.24156548875427575,0.2415654785377228,0.2415654785377228
-3,-3,12,33/5,UNSTABLE,SINGULAR_BOUNDARY_LIMIT,-0.09310888511511983,0.26041686595306857,0.2604168429802769,0.2604168429802769
-3,-3,13,1131/185,UNSTABLE,SINGULAR_BOUNDARY_LIMIT,-0.091724762764823,0.2836987390232508,0.28369868901353357,0.2836986890135904
-3,-3,14,301/53,UNSTABLE,SINGULAR_BOUNDARY_LIMIT,-0.08523624201063917,0.3115364908646683,0.31153638535005257,0.31153638535005257
-3,-3,15,1275/241,UNSTABLE,SINGULAR_BOUNDARY_LIMIT,-0.07332708663488496,0.3442848268584555,0.34428461071337324,0.34428461071337324
-3,-3,16,84/17,UNSTABLE,SINGULAR_BOUNDARY_LIMIT,-0.05541054223980524,0.382566823223101,0.382566392481408,0.382566392481408
-3,-3,17,1411/305,UNSTABLE,SINGULAR_BOUNDARY_LIMIT,-0.030543912555032193,0.4273591969567718,0.42735836017340034,0.42735836017340034
-3,-3,18,369/85,UNSTABLE,SINGULAR_BOUNDARY_LIMIT,0.002732835585835147,0.4801537364202346,0.4801521486226079,0.4801521486226079
-3,-3,19,1539/377,UNSTABLE,SINGULAR_BOUNDARY_LIMIT,0.046702865974520336,0.5432632400091464,0.5432602916670817,0.5432602916671385
-3,-3,20,50/13,UNSTABLE,SINGULAR_BOUNDARY_LIMIT,0.10508778831062404,0.6204370482480996,0.6204316813989976,0.6204316813989976
-3,-3,21,1659/457,UNSTABLE,SINGULAR_BOUNDARY_LIMIT,0.18442277332876067,0.7182364369130454,0.7182268446963462,0.7182268446963462
-3,-3,22,429/125,UNSTABLE,SINGULAR_BOUNDARY_LIMIT,0.2976719261501124,0.8496503392389627,0.849633480758996,0.8496334807590529
-3,-3,23,1771/545,UNSTABLE,SINGULAR_BOUNDARY_LIMIT,0.4766548724166171,1.0465223809573345,1.0464932063289325,1.0464932063289325
-3,-3,24,114/37,UNSTABLE,SINGULAR_BOUNDARY_LIMIT,0.8468180967043129,1.4343228198456615,1.4342730441094318,1.4342730441094318
-3,-3,25,1875/641,UNSTABLE,SINGULAR_BOUNDARY_LIMIT,1.1452919073542436,1.7502063469557143,1.7501225267834002,1.7501225267834002
-3,-3,26,481/173,UNSTABLE,SINGULAR_BOUNDARY_LIMIT,0.5096847714184491,1.1318076203008118,1.1316681598693208,1.1316681598693776
-3,-3,27,1971/745,UNSTABLE,SINGULAR_BOUNDARY_LIMIT,0.24240129233129437,0.8815609954121797,0.881331516278749,0.8813315162786921
-3,-3,28,63/25,UNSTABLE,SINGULAR_BOUNDARY_LIMIT,0.06437289184604378,0.7204338024903478,0.7200600247492446,0.720060024749273
-3,-3,29,2059/857,UNSTABLE,SINGULAR_BOUNDARY_LIMIT,-0.07222988407681896,0.6006425229778785,0.6000393726551465,0.6000393726551465
-3,-3,30,525/229,UNSTABLE,SINGULAR_BOUNDARY_LIMIT,-0.1847843346169995,0.5048716198517553,0.5039066248890549,0.5039066248890549
-3,-3,31,2139/977,UNSTABLE,SINGULAR_BOUNDARY_LIMIT,-0.2815996485788581,0.42489821512626946,0.42336625979669407,0.42336625979669407
-3,-3,32,136/65,UNSTABLE,SINGULAR_BOUNDARY_LIMIT,-0.3673066044032183,0.3562155629537358,0.353800542619922,0.353800542619922
-3,-3,33,2211/1105,UNSTABLE,SINGULAR_BOUNDARY_LIMIT,-0.4447560111298543,0.2961546296346427,0.29237115181877016,0.2923711518187133
-3,-3,34,561/293,UNSTABLE,SINGULAR_BOUNDARY_LIMIT,-0.515830965900431,0.24310256365702543,0.23720698341429625,0.2372069834143531
-3,-3,35,2275/1241,UNSTABLE,SINGULAR_BOUNDARY_LIMIT,-0.5818427154553252,0.19615471161118592,0.18700834657011,0.18700834657005316
-3,-3,36,72/41,UNSTABLE,SINGULAR_BOUNDARY_LIMIT,-0.6437426548350551,0.1549789347593915,0.14083501781129826,0.14083501781129826
-3,-3,37,2331/1385,UNSTABLE,SINGULAR_BOUNDARY_LIMIT,-0.7022443120293378,0.11981939169572797,0.09798430569719585,0.09798430569719585
-3,-3,38,589/365,UNSTABLE,SINGULAR_BOUNDARY_LIMIT,-0.7578976331788017,0.09163963469089254,0.05791681184882691,0.05791681184882691
-3,-3,39,2379/1537,UNSTABLE,SINGULAR_BOUNDARY_LIMIT,-0.8111363507674287,0.07247695428356593,0.020209106359516227,0.02020910635957307
-3,-3,40,150/101,UNSTABLE,SINGULAR_BOUNDARY_LIMIT,-0.8468317528232578,0.08170337876992306,0.0,0.0
-3,-3,41,2419/1697,UNSTABLE,SINGULAR_BOUNDARY_LIMIT,-0.8622832667416862,0.12991985160185493,0.0,0.0
-3,-3,42,609/445,UNSTABLE,SINGULAR_BOUNDARY_LIMIT,-0.8777098075122378,0.2137696819090138,-1.1368683772161603e-13,5.684341886080802e-14
-3,-3,43,2451/1865,UNSTABLE,SINGULAR_BOUNDARY_LIMIT,-0.8931210948734147,0.3799161330606182,-6.934897101018578e-12,5.343281372915953e-12
-3,-3,44,77/61,UNSTABLE,SINGULAR_BOUNDARY_LIMIT,-0.9085267960401353,0.8951237636326397,-3.7610448089253623e-10,2.979732016683556e-10
-3,-3,45,2475/2041,UNSTABLE,SINGULAR_BOUNDARY_LIMIT,-0.9239365616649167,0.5172324531085906,-1.999268306462909e-08,1.6486922049807617e-08
-3,-3,46,621/533,UNSTABLE,SINGULAR_BOUNDARY_LIMIT,-0.939360061717256,0.02433826032137887,-1.0480555374670075e-06,8.995408506962121e-07
-3,-3,47,2491/2225,UNSTABLE,SINGULAR_BOUNDARY_LIMIT,-0.9548070216070386,-0.27865225521534853,-5.43498500746864e-05,4.8551884219705244e-05
-3,-3,48,156/145,UNSTABLE,SINGULAR_BOUNDARY_LIMIT,-0.9702872588837934,-0.5208858574561646,-0.002788317799769402,0.002607857496172983
-3,-3,49,2499/2417,UNSTABLE,SINGULAR_BOUNDARY_LIMIT,-0.9858107208553264,-0.7345987719000178,-0.12383981633644225,0.1669400396320384
-3,-3,50,625/629,STABLE,NONZERO_FIXED_POINT,-1.0013875234866418,-0.9327660151540229,-1.2523043002126997,-1.2037238609306087
-3,-3,51,2499/2617,STABLE,NONZERO_FIXED_POINT,-1.0170279919640848,-1.1218332906950934,-2.9372956972028987,-2.956351175381201
-3,-3,52,78/85,STABLE,NONZERO_FIXED_POINT,-1.0327427033406886,-1.3054127806318263,-4.648268886258563,-4.6855744898160765
-3,-3,53,2491/2825,STABLE,NONZERO_FIXED_POINT,-1.0485425317179153,-1.4856944100786436,-6.363041600530721,-6.417685970899981
-3,-3,54,621/733,STABLE,NONZERO_FIXED_POINT,-1.0644386964675938,-1.6640842764036776,-8.082497453506846,-8.154509821337001
-3,-3,55,2475/3041,STABLE,NONZERO_FIXED_POINT,-1.080442814057193,-1.841528929465312,-9.808008013429287,-9.89744923018128
-3,-3,56,154/197,STABLE,NONZERO_FIXED_POINT,-1.0965669541137295,-2.018694314482417,-11.540984459304383,-11.64792996462728
-3,-3,57,2451/3265,STABLE,NONZERO_FIXED_POINT,-1.1128237004489137,-2.1960706763451796,-13.282875846624506,-13.407415720983465
-3,-3,58,609/845,STABLE,NONZERO_FIXED_POINT,-1.1292262178734855,-2.374036880210852,-15.03517653524574,-15.177415951562523
-3,-3,59,2419/3497,STABLE,NONZERO_FIXED_POINT,-1.1457883257559995,-2.5529012154992614,-16.79943436668424,-16.95949413063164
-3,-3,60,75/113,STABLE,NONZERO_FIXED_POINT,-1.1625245794349173,-2.7329279981142207,-18.577259544665424,-18.755276724757124
-3,-3,61,2379/3737,STABLE,NONZERO_FIXED_POINT,-1.1794503607791533,-2.9143553386862493,-20.370334351588667,-20.56646300740107
-3,-3,62,589/965,STABLE,NONZERO_FIXED_POINT,-1.1965819794180295,-3.097407307254791,-22.18042385819558,-22.394835876752325
-3,-3,63,2331/3985,STABLE,NONZERO_FIXED_POINT,-1.2139367864368111,-3.2823025068173806,-24.009387810298676,-24.242273862510217
-3,-3,64,144/257,STABLE,NONZERO_FIXED_POINT,-1.2315333026704938,-3.4692603451103636,-25.859193909095637,-26.110764540331672
-3,-3,65,2275/4241,STABLE,NONZERO_FIXED_POINT,-1.2493913641415944,-3.6585058511371074,-27.731932741926244,-28.002419613392817
-3,-3,66,561/1093,STABLE,NONZERO_FIXED_POINT,-1.2675322876975628,-3.850273605808738,-29.629834670297612,-29.91949197099109
-3,-3,67,2211/4505,STABLE,NONZERO_FIXED_POINT,-1.2859790605357109,-4.044811180621878,-31.555289044156268,-31.86439509689268
-3,-3,68,68/145,STABLE,NONZERO_FIXED_POINT,-1.304756558092313,-4.242382367406485,-33.51086618907641,-33.8397252786051
-3,-3,69,2139/4777,STABLE,NONZERO_FIXED_POINT,-1.323891795762279,-4.443270413612261,-35.49934271066678,-35.8482871673786
-3,-3,70,525/1229,STABLE,NONZERO_FIXED_POINT,-1.3434142211659328,-4.647781437862619,-37.523730783953795,-37.89312336343431
-3,-3,71,2059/5057,STABLE,NONZERO_FIXED_POINT,-1.363356055269401,-4.856248181421641,-39.58731225261772,-39.97754885963229
-3,-3,72,126/325,STABLE,NONZERO_FIXED_POINT,-1.383752692702032,-5.069034248067801,-41.693678564383276,-42.10519138024458
-3,-3,73,1971/5345,STABLE,NONZERO_FIXED_POINT,-1.4046431742450514,-5.286538995310771,-43.84677782907124,-44.28003891433656
-3,-3,74,481/1373,STABLE,NONZERO_FIXED_POINT,-1.426070747891405,-5.50920326342721,-46.050970624787965,-46.506496085650895
-3,-3,75,1875/5641,STABLE,NONZERO_FIXED_POINT,-1.448083539379006,-5.737516166559814,-48.31109662326526,-48.78945145092695
-3,-3,76,57/181,STABLE,NONZERO_FIXED_POINT,-1.4707353590737888,-5.9720232249541425,-50.632554696651624,-51.13435841584831
-3,-3,77,1771/5945,STABLE,NONZERO_FIXED_POINT,-1.4940866800896266,-6.21333619418828,-53.02139996097537,-53.547333258740025
-3,-3,78,429/1525,STABLE,NONZERO_FIXED_POINT,-1.5182058333951751,-6.462145053625413,-55.484462286798475,-56.03527483829657
-3,-3,79,1659/6257,STABLE,NONZERO_FIXED_POINT,-1.5431704805683886,-6.719232763902234,-58.02949228363292,-58.606012052586095
-3,-3,80,100/401,STABLE,NONZERO_FIXED_POINT,-1.5690694455982221,-6.985493609620654,-60.66534281772144,-61.26848719034163
-3,-3,81,1539/6577,STABLE,NONZERO_FIXED_POINT,-1.5960050163942903,-7.261956235325577,-63.40219701955675,-64.03298624158458
-3,-3,82,369/1685,STABLE,NONZERO_FIXED_POINT,-1.6240958686034066,-7.549812901761655,-66.25185788930543,-66.91143142835375
-3,-3,83,1411/6905,STABLE,NONZERO_FIXED_POINT,-1.6534808254807736,-7.850457100573422,-69.22812066196849,-69.91775733112871
-3,-3,84,42/221,STABLE,NONZERO_FIXED_POINT,-1.6843237584275936,-8.165532574037826,-72.34725808956608,-73.0684010728533
-3,-3,85,1275/7241,STABLE,NONZERO_FIXED_POINT,-1.7168200706867918,-8.496998165074963,-75.62866244770049,-76.3829508104111
-3,-3,86,301/1853,STABLE,NONZERO_FIXED_POINT,-1.7512054208576746,-8.84721506437566,-79.09570927652288,-79.88501820024794
-3,-3,87,1131/7585,STABLE,NONZERO_FIXED_POINT,-1.7877676843864325,-9.219066436381205,-82.77694167420265,-83.6034346543999
-3,-3,88,66/485,STABLE,NONZERO_FIXED_POINT,-1.8268637120583673,-9.616125014495665,-86.7077294869759,-87.57392729003632
-3,-3,89,979/7937,STABLE,NONZERO_FIXED_POINT,-1.8689433972462375,-10.042893783166463,-90.9326520599281,-91.84152574843063
-3,-3,90,225/2029,STABLE,NONZERO_FIXED_POINT,-1.9145852459824422,-10.505161687582486,-95.50901976165261,-96.46411929057456
-3,-3,91,819/8297,STABLE,NONZERO_FIXED_POINT,-1.9645507515327996,-11.010547387824282,-100.51225714928012,-101.5178943376111
-3,-3,92,23/265,STABLE,NONZERO_FIXED_POINT,-2.019870929180655,-11.569364614601682,-106.04446998941302,-107.10598802733219
-3,-3,93,651/8665,STABLE,NONZERO_FIXED_POINT,-2.081990937920107,-12.196068393607419,-112.24876287848292,-113.37295045696465
-3,-3,94,141/2213,STABLE,NONZERO_FIXED_POINT,-2.1530269406187355,-12.911823654125762,-119.33466846732298,-120.53043076859484
-3,-3,95,475/9041,STABLE,NONZERO_FIXED_POINT,-2.2362592749839294,-13.749436945268663,-127.62697145131727,-128.90649431093578
-3,-3,96,24/577,STABLE,NONZERO_FIXED_POINT,-2.3371829554676253,-14.76386146121617,-137.6697083197433,-139.05067289118747
-3,-3,97,291/9425,STABLE,NONZERO_FIXED_POINT,-2.466098623315265,-16.05810654754442,-150.48267146792557,-151.9930598378175
-3,-3,98,49/2405,STABLE,NONZERO_FIXED_POINT,-2.6461307433755437,-17.86341967483076,-168.35521073546974,-170.04612973615107
-3,-3,99,99/9817,STABLE,NONZERO_FIXED_POINT,-2.951066177874356,-20.917672181592025,-198.59225226092803,-200.5885958573251
-3,-3,100,0,STABLE,NONZERO_FIXED_POINT,,,,
-3,-2,1,3,UNSTABLE,SINGULAR_BOUNDARY_LIMIT,0.10230504489476244,0.26067724545456983,0.2606675369900131,0.2606675369900131
-3,-2,2,49/9,UNSTABLE,SINGULAR_BOUNDARY_LIMIT,0.09528513049021559,0.23297507179782428,0.232975033251563,0.232975033251563
-3,-2,3,291/41,UNSTABLE,SINGULAR_BOUNDARY_LIMIT,0.11956890453081748,0.2702356883516188,0.27023568441114776,0.2702356844112046
-3,-2,4,8,UNSTABLE,SINGULAR_BOUNDARY_LIMIT,0.1477349332748661,0.3194613884974373,0.3194613869280971,0.3194613869280971
-3,-2,5,25/3,UNSTABLE,SINGULAR_BOUNDARY_LIMIT,0.07987667370927554,0.27522273333050506,0.2752227320576992,0.2752227320576992
-3,-2,6,141/17,UNSTABLE,SINGULAR_BOUNDARY_LIMIT,0.03009304584254302,0.2497927370760067,0.2497927355365448,0.2497927355365448
-3,-2,7,217/27,UNSTABLE,SINGULAR_BOUNDARY_LIMIT,-0.007123953579128539,0.2369307396062581,0.23693073726553848,0.23693073726553848
-3,-2,8,23/3,UNSTABLE,SINGULAR_BOUNDARY_LIMIT,-0.03490224969125855,0.233187114362309,0.23318711030967165,0.23318711030967165
-3,-2,9,819/113,UNSTABLE,SINGULAR_BOUNDARY_LIMIT,-0.05513197168753692,0.23652849334694537,0.23652848581360786,0.23652848581355101
-3,-2,10,75/11,UNSTABLE,SINGULAR_BOUNDARY_LIMIT,-0.06898250575809772,0.24572720170846196,0.2457271871970761,0.2457271871970761
-3,-2,11,979/153,UNSTABLE,SINGULAR_BOUNDARY_LIMIT,-0.07716013677971567,0.26006147588358886,0.2600614475330758,0.2600614475330758
-3,-2,12,6,UNSTABLE,SINGULAR_BOUNDARY_LIMIT,-0.08004208772076149,0.279160828714744,0.2791607732663266,0.2791607732663266
-3,-2,13,377/67,UNSTABLE,SINGULAR_BOUNDARY_LIMIT,-0.07774337858008273,0.3029285164762143,0.3029284087546671,0.30292840875461025
-3,-2,14,301/57,UNSTABLE,SINGULAR_BOUNDARY_LIMIT,-0.07014059204896483,0.3315120068585031,0.33151179992984225,0.33151179992984225
-3,-2,15,1275/257,UNSTABLE,SINGULAR_BOUNDARY_LIMIT,-0.056860589485818736,0.36531106391863943,0.36531067186302835,0.36531067186302835
-3,-2,16,14/3,UNSTABLE,SINGULAR_BOUNDARY_LIMIT,-0.03723101665716122,0.40502544776556704,0.4050247160433287,0.4050247160433287
-3,-2,17,1411/321,UNSTABLE,SINGULAR_BOUNDARY_LIMIT,-0.010176503323632957,0.4517577182896275,0.45175637357345977,0.4517563735734029
-3,-2,18,369/89,UNSTABLE,SINGULAR_BOUNDARY_LIMIT,0.02597837179441953,0.5072097435002902,0.5072073099779573,0.5072073099779573
-3,-2,19,513/131,UNSTABLE,SINGULAR_BOUNDARY_LIMIT,0.07388958096929343,0.574062962408064,0.5740586239987806,0.5740586239988374
-3,-2,20,100/27,UNSTABLE,SINGULAR_BOUNDARY_LIMIT,0.13798335860258604,0.6567680512560727,0.656760427529349,0.656760427529349
-3,-2,21,1659/473,UNSTABLE,SINGULAR_BOUNDARY_LIMIT,0.2263046269608271,0.7633934495685537,0.7633802353198007,0.7633802353198007
-3,-2,22,143/43,UNSTABLE,SINGULAR_BOUNDARY_LIMIT,0.3557419526824859,0.9108505501914692,0.9108279415005427,0.9108279415005711
-3,-2,23,161/51,UNSTABLE,SINGULAR_BOUNDARY_LIMIT,0.5725250300537876,1.1453915664555865,1.1453533549977237,1.1453533549977521
-3,-2,24,3,UNSTABLE,SINGULAR_BOUNDARY_LIMIT,1.1363241321841935,1.7267095647292994,1.72664572024091,1.72664572024091
-3,-2,25,625/219,UNSTABLE,SINGULAR_BOUNDARY_LIMIT,0.8415088471181766,1.449198063231357,1.4490925311193905,1.4490925311193905
-3,-2,26,481/177,UNSTABLE,SINGULAR_BOUNDARY_LIMIT,0.41443726371518963,1.0392414955875395,1.0390687974557977,1.0390687974557409
-3,-2,27,1971/761,UNSTABLE,SINGULAR_BOUNDARY_LIMIT,0.1860263631003587,0.8277874999336561,0.8275075164488612,0.8275075164488044
-3,-2,28,42/17,UNSTABLE,SINGULAR_BOUNDARY_LIMIT,0.024485795357763074,0.683083523222912,0.6826335268086439,0.6826335268086154
-3,-2,29,2059/873,UNSTABLE,SINGULAR_BOUNDARY_LIMIT,-0.10299946451024589,0.5723637018356982,0.5716462385448722,0.5716462385448722
-3,-2,30,525/233,UNSTABLE,SINGULAR_BOUNDARY_LIMIT,-0.20976939897309244,0.48235490651805435,0.4812194202952469,0.4812194202952469
-3,-2,31,713/331,UNSTABLE,SINGULAR_BOUNDARY_LIMIT,-0.3025896877826959,0.40638550697782705,0.4046005249782638,0.4046005249782638
-3,-2,32,68/33,UNSTABLE,SINGULAR_BOUNDARY_LIMIT,-0.3853732283463227,0.34067819091487195,0.33788923070295596,0.33788923070295596
-3,-2,33,2211/1121,UNSTABLE,SINGULAR_BOUNDARY_LIMIT,-0.46059160343562944,0.2829602813425751,0.2786260303694803,0.2786260303694803
-3,-2,34,17/9,UNSTABLE,SINGULAR_BOUNDARY_LIMIT,-0.5299086984077626,0.23186358058260126,0.22515866806665485,0.22515866806668328
-3,-2,35,2275/1257,UNSTABLE,SINGULAR_BOUNDARY_LIMIT,-0.5945002175596485,0.1866571188080144,0.1763226729695475,0.1763226729695475
-3,-2,36,144/83,UNSTABLE,SINGULAR_BOUNDARY_LIMIT,-0.6552292424582244,0.14715529446311848,0.131265848233852,0.131265848233852
-3,-2,37,777/467,UNSTABLE,SINGULAR_BOUNDARY_LIMIT,-0.7127492957216681,0.1137537867632119,0.08934525175772023,0.08934525175777708
-3,-2,38,589/369,UNSTABLE,SINGULAR_BOUNDARY_LIMIT,-0.7675681267758279,0.08760866962328606,0.05006345262626155,0.05006345262626155
-3,-2,39,2379/1553,UNSTABLE,SINGULAR_BOUNDARY_LIMIT,-0.8200889309210044,0.07105118106708375,0.013027352234928458,0.013027352234985301
-3,-2,40,25/17,UNSTABLE,SINGULAR_BOUNDARY_LIMIT,-0.8485585721237641,0.09058491437495064,0.0,0.0
-3,-2,41,2419/1713,UNSTABLE,SINGULAR_BOUNDARY_LIMIT,-0.8639682134988753,0.14424238796914324,0.0,0.0
-3,-2,42,609/449,UNSTABLE,SINGULAR_BOUNDARY_LIMIT,-0.8793548643348768,0.23895973474287757,-2.8421709430404007e-13,1.7053025658242404e-13
-3,-2,43,43/33,UNSTABLE,SINGULAR_BOUNDARY_LIMIT,-0.8947281068158244,0.43453135778212726,-1.6143530956469476e-11,1.2391865311656147e-11
-3,-2,44,154/123,UNSTABLE,SINGULAR_BOUNDARY_LIMIT,-0.9100974830393671,1.24487465397592,-8.405152129853377e-10,6.713491984555731e-10
-3,-2,45,225/187,UNSTABLE,SINGULAR_BOUNDARY_LIMIT,-0.9254725296033461,0.3930953159960211,-4.314802026783582e-08,3.586080765671795e-08
-3,-2,46,207/179,UNSTABLE,SINGULAR_BOUNDARY_LIMIT,-0.9408628122889606,-0.037055115528907834,-2.1892475388085586e-06,1.8931263241483975e-06
-3,-2,47,2491/2241,UNSTABLE,SINGULAR_BOUNDARY_LIMIT,-0.9562779611398788,-0.3231499590215421,-0.00011009943824547008,9.907357139127271e-05
-3,-2,48,78/73,UNSTABLE,SINGULAR_BOUNDARY_LIMIT,-0.9717277062471013,-0.5575909015402942,-0.005471758749024502,0.0051842207035690535
-3,-2,49,833/811,UNSTABLE,SINGULAR_BOUNDARY_LIMIT,-0.9872219145646053,-0.7668200819512876,-0.21277346307630296,0.41510768706621093
-3,-2,50,625/633,STABLE,NONZERO_FIXED_POINT,-1.002770628101194,-0.962050114773163,-1.5122043982520381,-1.4903453915525233
-3,-2,51,2499/2633,STABLE,NONZERO_FIXED_POINT,-1.0183841038603596,-1.1490119385717819,-3.1979885422596794,-3.2201362371046116
-3,-2,52,52/57,STABLE,NONZERO_FIXED_POINT,-1.0340728559330365,-1.3309757944401355,-4.899355011660305,-4.939216052745763
-3,-2,53,2491/2841,STABLE,NONZERO_FIXED_POINT,-1.0498477001890425,-1.509949799809803,-6.604847247407861,-6.661944551126453
-3,-2,54,621/737,STABLE,NONZERO_FIXED_POINT,-1.0657198020629508,-1.6872361970723588,-8.31552352300372,-8.389899406816369
-3,-2,55,825/1019,STABLE,NONZERO_FIXED_POINT,-1.081700727990654,-1.863719099465726,-10.032723562568378,-10.124443797951983
-3,-2,56,7/9,STABLE,NONZERO_FIXED_POINT,-1.0978025011260373,-2.0400254440017207,-11.757825853183888,-11.866970322607628
-3,-2,57,2451/3281,STABLE,NONZERO_FIXED_POINT,-1.1140376620552885,-2.216620334785709,-13.492249489146445,-13.618912408280437
-3,-2,58,203/283,STABLE,NONZERO_FIXED_POINT,-1.130419335332423,-2.3938659829134963,-15.237461390349807,-15.381751787960866
-3,-2,59,2419/3513,STABLE,NONZERO_FIXED_POINT,-1.1469613027874885,-2.5720593500308198,-16.994984230868226,-17.157026512298387
-3,-2,60,150/227,STABLE,NONZERO_FIXED_POINT,-1.1636780847130481,-2.7514568342794092,-18.766405097845137,-18.946339695982573
-3,-2,61,793/1251,STABLE,NONZERO_FIXED_POINT,-1.1805850302212093,-2.9322908488691724,-20.553385011045123,-20.751369133420894
-3,-2,62,31/51,STABLE,NONZERO_FIXED_POINT,-1.197698418289681,-3.114781234961015,-22.35766945727252,-22.573877939536175
-3,-2,63,2331/4001,STABLE,NONZERO_FIXED_POINT,-1.2150355712908727,-3.2991433535689865,-24.181100120840142,-24.415726398698553
-3,-2,64,24/43,STABLE,NONZERO_FIXED_POINT,-1.2326149831347815,-3.4855940453137215,-26.02562802430006,-26.278885238168044
-3,-2,65,2275/4257,STABLE,NONZERO_FIXED_POINT,-1.2504564645697531,-3.6743562428249277,-27.893328334295347,-28.165450583479355
-3,-2,66,561/1097,STABLE,NONZERO_FIXED_POINT,-1.2685813086952908,-3.86566276658138,-29.78641713762312,-30.07766090394165
-3,-2,67,67/137,STABLE,NONZERO_FIXED_POINT,-1.2870124803734857,-4.059759673677078,-31.707270554980198,-32.017916319435784
-3,-2,68,136/291,STABLE,NONZERO_FIXED_POINT,-1.3057748340146187,-4.256909426913161,-33.65844663774672,-33.98880071836237
-3,-2,69,2139/4793,STABLE,NONZERO_FIXED_POINT,-1.3248953652022735,-4.4573940886075505,-35.64271059096478,-35.993107235385025
-3,-2,70,175/411,STABLE,NONZERO_FIXED_POINT,-1.3444035028736643,-4.661518707318912,-37.66306398926599,-38.03386776245577
-3,-2,71,2059/5073,STABLE,NONZERO_FIXED_POINT,-1.3643314503608295,-4.869615048876653,-39.72277880974775,-40.114387325447126
-3,-2,72,63/163,STABLE,NONZERO_FIXED_POINT,-1.3847145856354537,-5.082045821429759,-41.825437307326126,-42.23828436227649
-3,-2,73,657/1787,STABLE,NONZERO_FIXED_POINT,-1.405591933730853,-5.299209555626156,-43.974979018396255,-44.409538201342116
-3,-2,74,481/1377,STABLE,NONZERO_FIXED_POINT,-1.4270067277405492,-5.521546325197136,-46.1757565176772,-46.632545381560305
-3,-2,75,1875/5657,STABLE,NONZERO_FIXED_POINT,-1.4490070792951464,-5.749544531396694,-48.43260199872708,-48.91218690540376
-3,-2,76,38/121,STABLE,NONZERO_FIXED_POINT,-1.4716467853934105,-5.983749029842514,-50.75090733996356,-51.253909113663184
-3,-2,77,1771/5961,STABLE,NONZERO_FIXED_POINT,-1.4949863064742956,-6.224770955260411,-53.13672111099646,-53.663821671635844
-3,-2,78,39/139,STABLE,NONZERO_FIXED_POINT,-1.5190939614795411,-6.473299706124493,-55.59686704942479,-56.1488172426524
-3,-2,79,553/2091,STABLE,NONZERO_FIXED_POINT,-1.5440474005672957,-6.7301176988436,-58.139090014345754,-58.716718915858735
-3,-2,80,50/201,STABLE,NONZERO_FIXED_POINT,-1.569935436875996,-6.996118707549556,-60.7722374758867,-61.376463528971186
-3,-2,81,81/347,STABLE,NONZERO_FIXED_POINT,-1.5968603479989838,-7.272330897491095,-63.506487496877185,-64.13833195278937
-3,-2,82,123/563,STABLE,NONZERO_FIXED_POINT,-1.6249407997685612,-7.559946078969965,-66.35363831459631,-67.01424159800828
-3,-2,83,1411/6921,STABLE,NONZERO_FIXED_POINT,-1.6543156060970503,-7.86035731994199,-69.32748068422234,-70.0181225197087
-3,-2,84,84/443,STABLE,NONZERO_FIXED_POINT,-1.6851486294864007,-8.175207963840847,-72.4442831410878,-73.16640758124896
-3,-2,85,425/2419,STABLE,NONZERO_FIXED_POINT,-1.7176352646978987,-8.50645647784588,-75.72343398892855,-76.47868092724008
-3,-2,86,301/1857,STABLE,NONZERO_FIXED_POINT,-1.752011162242603,-8.856463698413329,-79.18830502400613,-79.97855043215208
-3,-2,87,1131/7601,STABLE,NONZERO_FIXED_POINT,-1.7885641898493159,-9.228112455790168,-82.86743581306717,-83.69484394067416
-3,-2,88,11/81,STABLE,NONZERO_FIXED_POINT,-1.8276511909357822,-9.624975167877988,-86.79619286909879,-87.66328520281921
-3,-2,89,89/723,STABLE,NONZERO_FIXED_POINT,-1.869722051837437,-10.051554521070841,-91.01915238892542,-91.92890067957501
-3,-2,90,225/2033,STABLE,NONZERO_FIXED_POINT,-1.9153552718613032,-10.513639178806706,-95.5936217656942,-96.54957662622087
-3,-2,91,273/2771,STABLE,NONZERO_FIXED_POINT,-1.9653123378426596,-11.018847534658413,-100.5950227426539,-101.60149662139543
-3,-2,92,46/531,STABLE,NONZERO_FIXED_POINT,-2.0206242589131733,-11.577493067091567,-106.1254584236834,-107.1877951130833
-3,-2,93,651/8681,STABLE,NONZERO_FIXED_POINT,-2.0827361881791795,-12.204030562911356,-112.32803088401704,-113.45301965166988
-3,-2,94,47/739,STABLE,NONZERO_FIXED_POINT,-2.153764282870391,-12.919624725030879,-119.41227038589159,-120.6088169663507
-3,-2,95,475/9057,STABLE,NONZERO_FIXED_POINT,-2.23698887529312,-13.757081887928173,-127.70295936042072,-128.9832501185386
-3,-2,96,12/289,STABLE,NONZERO_FIXED_POINT,-2.3379049747227114,-14.771355042163353,-137.7441321492575,-139.1258487459664
-3,-2,97,97/3147,STABLE,NONZERO_FIXED_POINT,-2.4668132174409543,-16.065453340034992,-150.5555791096158,-152.06670411826278
-3,-2,98,49/2409,STABLE,NONZERO_FIXED_POINT,-2.646838063534995,-17.87062406856076,-168.4266481458756,-170.11828886584547
-3,-2,99,99/9833,STABLE,NONZERO_FIXED_POINT,-2.9517663706610993,-20.924738391834886,-198.66226355808232,-200.6593144026469
-3,-2,100,0,STABLE,NONZERO_FIXED_POINT,,,,
-3,-1,1,99/65,UNSTABLE,SINGULAR_BOUNDARY_LIMIT,0.2575382785998688,0.5180109216183055,0.51017068753697,0.51017068753697
-3,-1,2,49/17,UNSTABLE,SINGULAR_BOUNDARY_LIMIT,0.15873514135572186,0.35255877511139744,0.3525409860959883,0.3525409860960167
-3,-1,3,291/73,UNSTABLE,SINGULAR_BOUNDARY_LIMIT,0.1580352258349187,0.3486662472391231,0.3486653056602904,0.3486653056602904
-3,-1,4,24/5,UNSTABLE,SINGULAR_BOUNDARY_LIMIT,0.1780491684475063,0.38081004688331177,0.38080985584068117,0.38080985584068117
-3,-1,5,475/89,UNSTABLE,SINGULAR_BOUNDARY_LIMIT,0.10676204044052895,0.32747565234578246,0.3274755704772474,0.3274755704772474
-3,-1,6,141/25,UNSTABLE,SINGULAR_BOUNDARY_LIMIT,0.055467254311201586,0.2966180009271824,0.29661794509084416,0.29661794509084416
-3,-1,7,651/113,UNSTABLE,SINGULAR_BOUNDARY_LIMIT,0.017717639256094486,0.2803546592298858,0.280354607618051,0.280354607618051
-3,-1,8,23/4,UNSTABLE,SINGULAR_BOUNDARY_LIMIT,-0.009996052944115874,0.2744837817263388,0.2744837232449697,0.27448372324499815
-3,-1,9,819/145,UNSTABLE,SINGULAR_BOUNDARY_LIMIT,-0.02973328221460747,0.2765883728786136,0.2765882968353708,0.2765882968353708
-3,-1,10,225/41,UNSTABLE,SINGULAR_BOUNDARY_LIMIT,-0.04273589514226117,0.28523583699968214,0.28523572848075673,0.28523572848075673
-3,-1,11,979/185,UNSTABLE,SINGULAR_BOUNDARY_LIMIT,-0.049729431475540764,0.29959887113191286,0.2995987062988661,0.2995987062988661
-3,-1,12,66/13,UNSTABLE,SINGULAR_BOUNDARY_LIMIT,-0.05107384025813211,0.31926564772873434,0.3192653868469222,0.31926538684689376
-3,-1,13,1131/233,UNSTABLE,SINGULAR_BOUNDARY_LIMIT,-0.046834290743626994,0.3441480659701526,0.34414764207730286,0.34414764207730286
-3,-1,14,301/65,UNSTABLE,SINGULAR_BOUNDARY_LIMIT,-0.03680043204608907,0.3744507184613681,0.37445001868326244,0.37445001868326244
-3,-1,15,75/17,UNSTABLE,SINGULAR_BOUNDARY_LIMIT,-0.020461732395328447,0.4106886775311125,0.41068751238074697,0.41068751238074697
-3,-1,16,21/5,UNSTABLE,SINGULAR_BOUNDARY_LIMIT,0.0030688641299434494,0.4537597110461249,0.4537577643672819,0.4537577643672819
-3,-1,17,1411/353,UNSTABLE,SINGULAR_BOUNDARY_LIMIT,0.03521079533529736,0.5050976172895929,0.5050943653468494,0.5050943653468494
-3,-1,18,369/97,UNSTABLE,SINGULAR_BOUNDARY_LIMIT,0.0782186359830348,0.566973431024941,0.5669680128527261,0.5669680128527261
-3,-1,19,1539/425,UNSTABLE,SINGULAR_BOUNDARY_LIMIT,0.135796834294581,0.6431092273154775,0.6431002386955242,0.6431002386955811
-3,-1,20,100/29,UNSTABLE,SINGULAR_BOUNDARY_LIMIT,0.21447852623217045,0.740056415834573,0.7400415845022223,0.7400415845022223
-3,-1,21,1659/505,UNSTABLE,SINGULAR_BOUNDARY_LIMIT,0.32725765633336934,0.8708276433669795,0.8708033207723247,0.8708033207723247
-3,-1,22,429/137,UNSTABLE,SINGULAR_BOUNDARY_LIMIT,0.5060974431117948,1.0674052926723263,1.0673656641805565,1.0673656641805565
-3,-1,23,1771/593,UNSTABLE,SINGULAR_BOUNDARY_LIMIT,0.8775203332835666,1.456331718970361,1.456267584349746,1.456267584349746
-3,-1,24,57/20,UNSTABLE,SINGULAR_BOUNDARY_LIMIT,1.1663625515590361,1.7624643710995542,1.7623612725074622,1.7623612725074622
-3,-1,25,1875/689,UNSTABLE,SINGULAR_BOUNDARY_LIMIT,0.5350245319527325,1.1482271718956838,1.1480625354554377,1.1480625354554377
-3,-1,26,13/5,UNSTABLE,SINGULAR_BOUNDARY_LIMIT,0.26804031765635017,0.8981813951494146,0.8979201869532858,0.8979201869532574
-3,-1,27,1971/793,UNSTABLE,SINGULAR_BOUNDARY_LIMIT,0.08996216039561133,0.7369125059109436,0.7365006574367499,0.736500657436693
-3,-1,28,126/53,UNSTABLE,SINGULAR_BOUNDARY_LIMIT,-0.04677119227565463,0.6169018123271286,0.6162563037932784,0.6162563037932784
-3,-1,29,2059/905,UNSTABLE,SINGULAR_BOUNDARY_LIMIT,-0.15947289247536567,0.5208931023274559,0.5198870439179473,0.5198870439179473
-3,-1,30,525/241,UNSTABLE,SINGULAR_BOUNDARY_LIMIT,-0.25643031483559575,0.44067784486863104,0.43911806843328804,0.43911806843328804
-3,-1,31,2139/1025,UNSTABLE,SINGULAR_BOUNDARY_LIMIT,-0.34226557168246785,0.371745950919518,0.3693393625181898,0.3693393625181898
-3,-1,32,2,UNSTABLE,SINGULAR_BOUNDARY_LIMIT,-0.4198258507652306,0.31141242180509465,0.30771540626332694,0.30771540626332694
-3,-1,33,2211/1153,UNSTABLE,SINGULAR_BOUNDARY_LIMIT,-0.4909928164373678,0.2580337593334363,0.2523758117588386,0.2523758117588386
-3,-1,34,561/305,UNSTABLE,SINGULAR_BOUNDARY_LIMIT,-0.5570772979971625,0.21065303802455304,0.20202067264591506,0.20202067264591506
-3,-1,35,2275/1289,UNSTABLE,SINGULAR_BOUNDARY_LIMIT,-0.6190307534453865,0.16885095539769424,0.15570913754311277,0.15570913754311277
-3,-1,36,144/85,UNSTABLE,SINGULAR_BOUNDARY_LIMIT,-0.6775669916521281,0.13272536717376937,0.11273772418670092,0.11273772418670092
-3,-1,37,2331/1433,UNSTABLE,SINGULAR_BOUNDARY_LIMIT,-0.733236322025391,0.10298823350579767,0.07256620513476264,0.07256620513476264
-3,-1,38,589/377,UNSTABLE,SINGULAR_BOUNDARY_LIMIT,-0.7864728503274527,0.08122499050362109,0.034770346411562514,0.034770346411562514
-3,-1,39,2379/1585,UNSTABLE,SINGULAR_BOUNDARY_LIMIT,-0.836636419809107,0.07144892924551982,0.0,0.0
-3,-1,40,75/52,UNSTABLE,SINGULAR_BOUNDARY_LIMIT,-0.8519917479621579,0.11142082635990391,0.0,0.0
-3,-1,41,2419/1745,UNSTABLE,SINGULAR_BOUNDARY_LIMIT,-0.8673186214897903,0.1783713152440214,-5.684341886080802e-14,0.0
-3,-1,42,609/457,UNSTABLE,SINGULAR_BOUNDARY_LIMIT,-0.8826264013262648,0.3013811957461101,-1.7053025658242404e-12,1.2505552149377763e-12
-3,-1,43,2451/1913,UNSTABLE,SINGULAR_BOUNDARY_LIMIT,-0.8979244007788463,0.5887558133787252,-8.498091119690798e-11,6.639311322942376e-11
-3,-1,44,154/125,UNSTABLE,SINGULAR_BOUNDARY_LIMIT,-0.9132219172485172,1.0025452547248008,-4.117111984669464e-09,3.341824594826903e-09
-3,-1,45,2475/2089,UNSTABLE,SINGULAR_BOUNDARY_LIMIT,-0.9285282641581638,0.2029055955353627,-1.9743907841984765e-07,1.6664660051901592e-07
-3,-1,46,621/545,UNSTABLE,SINGULAR_BOUNDARY_LIMIT,-0.9438528033205387,-0.1476984971320192,-9.398183749453892e-06,8.248171070590615e-06
-3,-1,47,2491/2273,UNSTABLE,SINGULAR_BOUNDARY_LIMIT,-0.9592049779947267,-0.4071968834374502,-0.0004449897382414747,0.0004064446623033291
-3,-1,48,39/37,UNSTABLE,SINGULAR_BOUNDARY_LIMIT,-0.974594346898705,-0.6283824848510591,-0.020550668857765686,0.020438937754477138
-3,-1,49,147/145,UNSTABLE,SINGULAR_BOUNDARY_LIMIT,-0.9900306194676034,-0.8296544736968698,-0.5173915705775869,-0.10047601010376184
-3,-1,50,625/641,STABLE,NONZERO_FIXED_POINT,-1.0055236926732807,-1.0195241504536483,-2.0401979875095435,-2.04328555922541
-3,-1,51,2499/2665,STABLE,NONZERO_FIXED_POINT,-1.0210836897518512,-1.2025649258844382,-3.714924420832517,-3.74269311113045
-3,-1,52,156/173,STABLE,NONZERO_FIXED_POINT,-1.0367210012227233,-1.3814735705949417,-5.397167579973797,-5.442085775203935
-3,-1,53,2491/2873,STABLE,NONZERO_FIXED_POINT,-1.0524463286267824,-1.5579458874355652,-7.084409774838662,-7.146371606532341
-3,-1,54,621/745,STABLE,NONZERO_FIXED_POINT,-1.068270731463981,-1.7331025790815815,-8.7778144910572,-8.856879162300686
-3,-1,55,2475/3089,STABLE,NONZERO_FIXED_POINT,-1.0842056778733884,-1.907717153579732,-10.47865610732805,-10.57489881233397
-3,-1,56,77/100,STABLE,NONZERO_FIXED_POINT,-1.1002630996736933,-2.08234669559333,-12.188250213097149,-12.301759487924187
-3,-1,57,2451/3313,STABLE,NONZERO_FIXED_POINT,-1.1164554524719321,-2.257410870661353,-13.907958247189924,-14.038836371819798
-3,-1,58,609/857,STABLE,NONZERO_FIXED_POINT,-1.1327957816555756,-2.4332415366364017,-15.639194256043936,-15.78755778533423
-3,-1,59,2419/3545,STABLE,NONZERO_FIXED_POINT,-1.1492977952121013,-2.6101148452956195,-17.383432357335096,-17.549412728492314
-3,-1,60,150/229,STABLE,NONZERO_FIXED_POINT,-1.1659759444753277,-2.7882725370266215,-19.142214984600116,-19.325959207884324
-3,-1,61,2379/3785,STABLE,NONZERO_FIXED_POINT,-1.1828455140852547,-2.967936397992915,-20.91716203794249,-21.118833479741284
-3,-1,62,589/977,STABLE,NONZERO_FIXED_POINT,-1.1999227226750602,-3.1493183237537963,-22.709981089466964,-22.929760358398596
-3,-1,63,63/109,STABLE,NONZERO_FIXED_POINT,-1.2172248360750988,-3.332627541864319,-24.52247881979784,-24.760564768284866
-3,-1,64,36/65,STABLE,NONZERO_FIXED_POINT,-1.2347702951609163,-3.5180760056000473,-26.356573895712103,-26.61318475158768
-3,-1,65,2275/4289,STABLE,NONZERO_FIXED_POINT,-1.252578860886178,-3.705882634323487,-28.214311540114693,-28.489686185360654
-3,-1,66,33/65,STABLE,NONZERO_FIXED_POINT,-1.2706717795518028,-3.8962768625399846,-30.097880096287412,-30.392279513052387
-3,-1,67,2211/4553,STABLE,NONZERO_FIXED_POINT,-1.2890719719954031,-4.089501823345479,-32.00962995112832,-32.32333885885777
-3,-1,68,136/293,STABLE,NONZERO_FIXED_POINT,-1.3078042511743195,-4.285817405514109,-33.95209526033054,-34.28542397231445
-3,-1,69,2139/4825,STABLE,NONZERO_FIXED_POINT,-1.326895573605686,-4.485503370390397,-35.928019016553435,-36.28130554966174
-3,-1,70,525/1241,STABLE,NONZERO_FIXED_POINT,-1.3463753313774625,-4.688862684918469,-37.940382125490885,-38.313994603583694
-3,-1,71,2059/5105,STABLE,NONZERO_FIXED_POINT,-1.366275693034508,-4.896225214444058,-39.99243731221736,-40.386776712022254
-3,-1,72,63/164,STABLE,NONZERO_FIXED_POINT,-1.3866320036811768,-5.107951919913333,-42.087748881910585,-42.50325218050466
-3,-1,73,1971/5393,STABLE,NONZERO_FIXED_POINT,-1.4074832572726512,-5.32443971723044,-44.23023961952407,-44.66738341553281
-3,-1,74,481/1385,STABLE,NONZERO_FIXED_POINT,-1.4288726574934074,-5.5461271818350255,-46.42424645217591,-46.8835511492025
-3,-1,75,1875/5689,STABLE,NONZERO_FIXED_POINT,-1.4508482881235203,-5.773501320481927,-48.67458694375597,-49.15662160546003
-3,-1,76,114/365,STABLE,NONZERO_FIXED_POINT,-1.473463919767859,-6.007105687791089,-50.986639282717675,-51.49202729583769
-3,-1,77,1771/5993,STABLE,NONZERO_FIXED_POINT,-1.4967799878341062,-6.247550202413713,-53.36643921708742,-53.89586493359383
-3,-1,78,429/1537,STABLE,NONZERO_FIXED_POINT,-1.5208647875085397,-6.495523124362968,-55.820798466158806,-56.37501504147383
-3,-1,79,1659/6305,STABLE,NONZERO_FIXED_POINT,-1.5457959463894024,-6.751805802856943,-58.35745061450797,-58.93728931939273
-3,-1,80,25/101,STABLE,NONZERO_FIXED_POINT,-1.5716622561765021,-7.017291010519088,-60.98523254709727,-61.59161391220786
-3,-1,81,1539/6625,STABLE,NONZERO_FIXED_POINT,-1.5985659740770153,-7.293005971792432,-63.71431238109773,-64.34825964387511
-3,-1,82,369/1697,STABLE,NONZERO_FIXED_POINT,-1.6266257465257485,-7.580141612397341,-66.5564790019335,-67.21913447809209
-3,-1,83,83/409,STABLE,NONZERO_FIXED_POINT,-1.6559803689669774,-7.880090167877505,-69.52551436478427,-70.21815958041557
-3,-1,84,84/445,STABLE,NONZERO_FIXED_POINT,-1.6867936863090396,-8.19449419773246,-72.6376787183031,-73.36175944322213
-3,-1,85,1275/7289,STABLE,NONZERO_FIXED_POINT,-1.7192610765429084,-8.525311430311923,-75.91235255742419,-76.66951032288279
-3,-1,86,301/1865,STABLE,NONZERO_FIXED_POINT,-1.7536181741850125,-8.874902005254512,-79.3729003148606,-80.16501265541149
-3,-1,87,1131/7633,STABLE,NONZERO_FIXED_POINT,-1.7901528317008815,-9.246148095159796,-83.04785460900285,-83.87708726645894
-3,-1,88,33/244,STABLE,NONZERO_FIXED_POINT,-1.8292218779350122,-9.642621496835716,-86.97257539194953,-87.8414512784104
-3,-1,89,979/7985,STABLE,NONZERO_FIXED_POINT,-1.8712751853010623,-10.068824309723773,-91.19163266151224,-92.10312489018361
-3,-1,90,225/2041,STABLE,NONZERO_FIXED_POINT,-1.9168912397997317,-10.53054464222268,-95.7623279500545,-96.71998843665921
-3,-1,91,819/8345,STABLE,NONZERO_FIXED_POINT,-1.9668315155418217,-11.035400362719841,-100.76007745640521,-101.76821989566008
-3,-1,92,46/533,STABLE,NONZERO_FIXED_POINT,-2.022127009484878,-11.593704452443532,-106.28697903614946,-107.35094841349448
-3,-1,93,651/8713,STABLE,NONZERO_FIXED_POINT,-2.0842228630820507,-12.219911227144365,-112.48612979360826,-113.61271651907407
-3,-1,94,141/2225,STABLE,NONZERO_FIXED_POINT,-2.155235222403231,-12.935184943227092,-119.56705528010693,-120.7651661827685
-3,-1,95,475/9089,STABLE,NONZERO_FIXED_POINT,-2.2384444090624385,-13.772331511689167,-127.85453345972672,-129.1363559535249
-3,-1,96,6/145,STABLE,NONZERO_FIXED_POINT,-2.3393454220860175,-14.786303521227747,-137.89259443599624,-139.27581118784755
-3,-1,97,291/9473,STABLE,NONZERO_FIXED_POINT,-2.468238887927324,-16.080109742585584,-150.70102454300172,-152.213619091321
-3,-1,98,49/2417,STABLE,NONZERO_FIXED_POINT,-2.648249257244272,-17.884997100312958,-168.56916786405614,-170.2622484344353
-3,-1,99,99/9865,STABLE,NONZERO_FIXED_POINT,-2.9531633786430405,-20.9388364139907,-198.80194506815945,-200.8004069631501
-3,-1,100,0,STABLE,NONZERO_FIXED_POINT,,,,
-3,0,1,33/43,STABLE,NONZERO_FIXED_POINT,-0.18626611073476163,-0.969685317666702,-11.228475855790066,-11.343430371488978
-3,0,2,49/33,UNSTABLE,SINGULAR_BOUNDARY_LIMIT,0.40129140236921224,0.7011766123426639,0.6893671639513173,0.6893671639513457
-3,0,3,291/137,UNSTABLE,SINGULAR_BOUNDARY_LIMIT,0.3064212121415508,0.5678003519948831,0.567393677331097,0.5673936773310402
-3,0,4,8/3,UNSTABLE,SINGULAR_BOUNDARY_LIMIT,0.27897985492090704,0.5379083940845035,0.5378564842930302,0.5378564842930444
-3,0,5,475/153,UNSTABLE,SINGULAR_BOUNDARY_LIMIT,0.18833801112283588,0.45574587440766123,0.45573208091337847,0.45573208091337847
-3,0,6,141/41,UNSTABLE,SINGULAR_BOUNDARY_LIMIT,0.12771359386401926,0.40883346057182024,0.4088275845886642,0.4088275845886642
-3,0,7,217/59,UNSTABLE,SINGULAR_BOUNDARY_LIMIT,0.08532591876678453,0.38290333571548274,0.38289986533791875,0.3828998653379472
-3,0,8,23/6,UNSTABLE,SINGULAR_BOUNDARY_LIMIT,0.0556156372420098,0.37113224192909655,0.3711296471710739,0.3711296471710739
-3,0,9,819/209,UNSTABLE,SINGULAR_BOUNDARY_LIMIT,0.03561619943157979,0.3698561691872868,0.36985385923799186,0.369853859237935
-3,0,10,75/19,UNSTABLE,SINGULAR_BOUNDARY_LIMIT,0.02366700652509035,0.37700844609846484,0.3770061018364004,0.3770061018364004
-3,0,11,979/249,UNSTABLE,SINGULAR_BOUNDARY_LIMIT,0.018873271039174355,0.3914494224671614,0.391446795304887,0.391446795304887
-3,0,12,66/17,UNSTABLE,SINGULAR_BOUNDARY_LIMIT,0.02086254748409999,0.41265595052672666,0.4126527756747862,0.4126527756747578
-3,0,13,377/99,UNSTABLE,SINGULAR_BOUNDARY_LIMIT,0.029685249484778353,0.44058508297232635,0.4405810194253945,0.4405810194253945
-3,0,14,301/81,UNSTABLE,SINGULAR_BOUNDARY_LIMIT,0.0458061014239437,0.4756442630306168,0.47563882967057225,0.47563882967057225
-3,0,15,1275/353,UNSTABLE,SINGULAR_BOUNDARY_LIMIT,0.07017934843014118,0.518753754878496,0.5187462450355156,0.5187462450355724
-3,0,16,7/2,UNSTABLE,SINGULAR_BOUNDARY_LIMIT,0.10443859992295046,0.571528559148085,0.5715179163484692,0.5715179163484692
-3,0,17,1411/417,UNSTABLE,SINGULAR_BOUNDARY_LIMIT,0.15129510113024303,0.6366716493193323,0.6366562817437966,0.6366562817437966
-3,0,18,369/113,UNSTABLE,SINGULAR_BOUNDARY_LIMIT,0.21539446922771788,0.7188274661934528,0.7188049676462356,0.7188049676462356
-3,0,19,513/163,UNSTABLE,SINGULAR_BOUNDARY_LIMIT,0.30537412462435043,0.826637266207328,0.8266039962357468,0.8266039962356899
-3,0,20,100/33,UNSTABLE,SINGULAR_BOUNDARY_LIMIT,0.43986335828465695,0.9787378941151204,0.978688347222544,0.978688347222544
-3,0,21,1659/569,UNSTABLE,SINGULAR_BOUNDARY_LIMIT,0.6723890748836592,1.2286668090683435,1.2285926693897977,1.2285926693897977
-3,0,22,143/51,UNSTABLE,SINGULAR_BOUNDARY_LIMIT,1.373168719236709,1.946654765390221,1.9465434937670807,1.9465434937671091
-3,0,23,1771/657,UNSTABLE,SINGULAR_BOUNDARY_LIMIT,0.8276642593141492,1.4181799928060812,1.4180127205743247,1.4180127205743247
-3,0,24,57/22,UNSTABLE,SINGULAR_BOUNDARY_LIMIT,0.4416156549221686,1.049002344798879,1.0487507419885276,1.0487507419885276
-3,0,25,625/251,UNSTABLE,SINGULAR_BOUNDARY_LIMIT,0.2232871962477887,0.84741091071254,0.8470325397914849,0.847032539791428
-3,0,26,481/201,UNSTABLE,SINGULAR_BOUNDARY_LIMIT,0.0660123595776394,0.70677093836008,0.7062023743607142,0.706202374360771
-3,0,27,1971/857,UNSTABLE,SINGULAR_BOUNDARY_LIMIT,-0.05926104168720059,0.5980721637670783,0.5972188217766643,0.5972188217766075
-3,0,28,42/19,UNSTABLE,SINGULAR_BOUNDARY_LIMIT,-0.1647531344741937,0.5091513136913406,0.5078724203453078,0.5078724203452794
-3,0,29,2059/969,UNSTABLE,SINGULAR_BOUNDARY_LIMIT,-0.2567816618870342,0.43376955528180616,0.43185594602704214,0.4318559460269853
-3,0,30,525/257,UNSTABLE,SINGULAR_BOUNDARY_LIMIT,-0.3390469688579074,0.36833811819418116,0.3654793978382713,0.3654793978382145
-3,0,31,713/363,UNSTABLE,SINGULAR_BOUNDARY_LIMIT,-0.413907828664307,0.31065831862578364,0.3063941567608026,0.3063941567608026
-3,0,32,17/9,UNSTABLE,SINGULAR_BOUNDARY_LIMIT,-0.482963330488964,0.25936355482895834,0.25301109407647004,0.25301109407647004
-3,0,33,2211/1217,UNSTABLE,SINGULAR_BOUNDARY_LIMIT,-0.5473497086348846,0.213658958249475,0.20420374568664101,0.20420374568664101
-3,0,34,187/107,UNSTABLE,SINGULAR_BOUNDARY_LIMIT,-0.6079048813738446,0.17321372281156044,0.1591437823837225,0.1591437823837225
-3,0,35,2275/1353,UNSTABLE,SINGULAR_BOUNDARY_LIMIT,-0.6652657279653518,0.13815510422740118,0.11720374604635708,0.11720374604635708
-3,0,36,144/89,UNSTABLE,SINGULAR_BOUNDARY_LIMIT,-0.719928642405737,0.10916048114651744,0.07789651211922433,0.07789651211922433
-3,0,37,777/499,UNSTABLE,SINGULAR_BOUNDARY_LIMIT,-0.7722888550105385,0.08768798108416576,0.0408359864991894,0.040835986499246246
-3,0,38,589/393,UNSTABLE,SINGULAR_BOUNDARY_LIMIT,-0.8226668853762291,0.07646569450200502,0.005710672734267064,0.005710672734267064
-3,0,39,2379/1649,UNSTABLE,SINGULAR_BOUNDARY_LIMIT,-0.8435922358774484,0.10830312909743611,-5.684341886080802e-14,0.0
-3,0,40,25/18,UNSTABLE,SINGULAR_BOUNDARY_LIMIT,-0.8587777373054495,0.1698220172398166,-2.842170943040401e-14,0.0
-3,0,41,2419/1809,UNSTABLE,SINGULAR_BOUNDARY_LIMIT,-0.8739428792866804,0.2790760854903169,-1.1937117960769683e-12,9.094947017729282e-13
-3,0,42,609/473,UNSTABLE,SINGULAR_BOUNDARY_LIMIT,-0.8890964574062625,0.5140592841994049,-5.1386450650170445e-11,3.9904080040287226e-11
-3,0,43,817/659,UNSTABLE,SINGULAR_BOUNDARY_LIMIT,-0.9042472710692255,1.8290419871366197,-2.17380602407502e-09,1.753392098180484e-09
-3,0,44,154/129,UNSTABLE,SINGULAR_BOUNDARY_LIMIT,-0.9194041494992078,0.3155209354813877,-9.167243320007401e-08,7.67905703469296e-08
-3,0,45,2475/2153,UNSTABLE,SINGULAR_BOUNDARY_LIMIT,-0.9345759786916972,-0.06755695432804032,-3.86036793997846e-06,3.3581580964892055e-06
-3,0,46,207/187,UNSTABLE,SINGULAR_BOUNDARY_LIMIT,-0.9497717294427801,-0.33622480805845356,-0.00016260867079154195,0.00014695005083353863
-3,0,47,2491/2337,UNSTABLE,SINGULAR_BOUNDARY_LIMIT,-0.9650004866092985,-0.5601081898665115,-0.006815142878451752,0.006492533514290244
-3,0,48,39/38,UNSTABLE,SINGULAR_BOUNDARY_LIMIT,-0.9802714797903951,-0.7613492320213453,-0.22297806796467512,0.46067411301544325
-3,0,49,833/843,STABLE,NONZERO_FIXED_POINT,-0.9955941156548302,-0.9497818466025691,-1.4721327863619535,-1.447179846082804
-3,0,50,625/657,STABLE,NONZERO_FIXED_POINT,-1.0109780121747427,-1.1305738341365625,-3.091939440238093,-3.1129384977793393
-3,0,51,2499/2729,STABLE,NONZERO_FIXED_POINT,-1.0264330350659758,-1.306731683361022,-4.730777116114837,-4.768998930763473
-3,0,52,52/59,STABLE,NONZERO_FIXED_POINT,-1.0419693367790686,-1.4801285322632864,-6.375803922214942,-6.430652246306948
-3,0,53,2491/2937,STABLE,NONZERO_FIXED_POINT,-1.05759739843492,-1.65199251406424,-8.027753884032222,-8.099284095488997
-3,0,54,621/761,STABLE,NONZERO_FIXED_POINT,-1.0733280751566472,-1.8231639259478172,-9.687723021573959,-9.77601607800608
-3,0,55,825/1051,STABLE,NONZERO_FIXED_POINT,-1.08917264531609,-1.994241237976624,-11.356860310687921,-11.462009078162794
-3,0,56,77/102,STABLE,NONZERO_FIXED_POINT,-1.1051428642917802,-2.1656687490020374,-13.036365036226954,-13.158474482816302
-3,0,57,2451/3377,STABLE,NONZERO_FIXED_POINT,-1.1212510234279343,-2.3377914596922906,-14.727491815044573,-14.866679564427955
-3,0,58,203/291,STABLE,NONZERO_FIXED_POINT,-1.1375100149937776,-2.510890540768436,-16.4315564742611,-16.58795342533375
-3,0,59,2419/3609,STABLE,NONZERO_FIXED_POINT,-1.1539334040737383,-2.6852068544410272,-18.149942705451224,-18.323693719148878
-3,0,60,150/233,STABLE,NONZERO_FIXED_POINT,-1.1705355084758793,-2.8609569083344155,-19.884109585948096,-20.075374247918433
-3,0,61,793/1283,STABLE,NONZERO_FIXED_POINT,-1.187331487934955,-3.0383439238428593,-21.635600082575593,-21.844553551632828
-3,0,62,589/993,STABLE,NONZERO_FIXED_POINT,-1.2043374441147936,-3.2175657179250763,-23.406050677485723,-23.632884631193974
-3,0,63,2331/4097,STABLE,NONZERO_FIXED_POINT,-1.221570533191862,-3.398820504779394,-25.19720228463507,-25.442125975067654
-3,0,64,6/11,STABLE,NONZERO_FIXED_POINT,-1.239049093140192,-3.582311355274882,-27.010912660105376,-27.27415409487996
-3,0,65,2275/4353,STABLE,NONZERO_FIXED_POINT,-1.2567927882524224,-3.768249817613629,-28.849170551528857,-29.130977817693122
-3,0,66,561/1121,STABLE,NONZERO_FIXED_POINT,-1.2748227739429296,-3.9568590517297366,-30.714111883325018,-31.014754634663802
-3,0,67,737/1539,STABLE,NONZERO_FIXED_POINT,-1.2931618855123954,-4.148376732603474,-32.608038337881396,-32.927809469853855
-3,0,68,136/297,STABLE,NONZERO_FIXED_POINT,-1.3118348553429602,-4.343057915960998,-34.53343877160128,-34.87265631254826
-3,0,69,2139/4889,STABLE,NONZERO_FIXED_POINT,-1.3308685639836497,-4.54117802262774,-36.493014003324674,-36.85202325601699
-3,0,70,175/419,STABLE,NONZERO_FIXED_POINT,-1.3502923318367674,-4.743036078251016,-38.48970563690574,-38.868881611185714
-3,0,71,2059/5169,STABLE,NONZERO_FIXED_POINT,-1.3701382597464082,-4.9489583391077545,-40.52672973756586,-40.92647992311555
-3,0,72,63/166,STABLE,NONZERO_FIXED_POINT,-1.3904416288279418,-5.159302440085099,-42.60761638368436,-43.02838392227082
-3,0,73,657/1819,STABLE,NONZERO_FIXED_POINT,-1.4112413725084165,-5.374462216938561,-44.736256376438064,-45.178523705941814
-3,0,74,481/1401,STABLE,NONZERO_FIXED_POINT,-1.4325806371741638,-5.59487338212783,-46.91695672914153,-47.38124978805348
-3,0,75,1875/5753,STABLE,NONZERO_FIXED_POINT,-1.4545074523244885,-5.821020273702615,-49.15450700408775,-49.64140010604956
-3,0,76,38/123,STABLE,NONZERO_FIXED_POINT,-1.4770755371048097,-6.053443953124166,-51.454259156342374,-51.964380671164975
-3,0,77,1771/6057,STABLE,NONZERO_FIXED_POINT,-1.5003452781037439,-6.2927520057333695,-53.822224337176465,-54.35626334964968
-3,0,78,429/1553,STABLE,NONZERO_FIXED_POINT,-1.5243849241616783,-6.539630504642695,-56.26519118540239,-56.823905348946255
-3,0,79,553/2123,STABLE,NONZERO_FIXED_POINT,-1.5492720588494784,-6.794858746869515,-58.79087161117599,-59.37509647403732
-3,0,80,25/102,STABLE,NONZERO_FIXED_POINT,-1.575095432014896,-7.059327577187517,-61.40808213007091,-62.01874229316081
-3,0,81,1539/6689,STABLE,NONZERO_FIXED_POINT,-1.6019572610556683,-7.3340624072911424,-64.12697170219826,-64.76509427831945
-3,0,82,123/571,STABLE,NONZERO_FIXED_POINT,-1.6299761545166636,-7.620252456914571,-66.95931118310057,-67.62604217990705
-3,0,83,1411/7017,STABLE,NONZERO_FIXED_POINT,-1.6592908717574044,-7.919288354810078,-69.91886554696765,-70.61549000974208
-3,0,84,84/449,STABLE,NONZERO_FIXED_POINT,-1.6900652233004259,-8.23281114597851,-73.02187903830765,-73.74984609324906
-3,0,85,425/2451,STABLE,NONZERO_FIXED_POINT,-1.7224945543510142,-8.562777130244264,-76.28771705839,-77.04867143959177
-3,0,86,301/1881,STABLE,NONZERO_FIXED_POINT,-1.7568144681480344,-8.911545098891267,-79.73972979555532,-80.53555209551189
-3,0,87,1131/7697,STABLE,NONZERO_FIXED_POINT,-1.793312787301831,-9.281995950994244,-83.40643641664934,-84.23929529828331
-3,0,88,11/82,STABLE,NONZERO_FIXED_POINT,-1.8323463121441605,-9.677700279741746,-87.32318416290171,-88.19560533012721
-3,0,89,979/8049,STABLE,NONZERO_FIXED_POINT,-1.8743648878437629,-10.103159046313749,-91.53453101372128,-92.44949024930975
-3,0,90,225/2057,STABLE,NONZERO_FIXED_POINT,-1.9199469743545503,-10.564159282000652,-96.09776713093169,-97.05881890451502
-3,0,91,273/2803,STABLE,NONZERO_FIXED_POINT,-1.9698540208735178,-11.06831783534264,-101.08829794938453,-102.09975840010407
-3,0,92,46/537,STABLE,NONZERO_FIXED_POINT,-2.025117000516456,-11.625946721375648,-106.60821112897705,-107.67542758299501
-3,0,93,651/8777,STABLE,NONZERO_FIXED_POINT,-2.0871810319097506,-12.251499339968454,-112.8005941111362,-113.93035922092457
-3,0,94,47/747,STABLE,NONZERO_FIXED_POINT,-2.158162239258079,-12.966139078850325,-119.87496328414198,-121.07618602802168
-3,0,95,475/9153,STABLE,NONZERO_FIXED_POINT,-2.241340923221694,-13.802671024665962,-128.15608791827702,-129.4409577710142
-3,0,96,3/73,STABLE,NONZERO_FIXED_POINT,-2.3422120627376195,-14.816046983401955,-138.18798986407256,-139.57419146947336
-3,0,97,97/3179,STABLE,NONZERO_FIXED_POINT,-2.4710762649902165,-16.109274982238745,-150.99044761695774,-152.50596641060625
-3,0,98,49/2433,STABLE,NONZERO_FIXED_POINT,-2.65105796214727,-17.913601238990765,-168.85279781129591,-170.54874384019823
-3,0,99,99/9929,STABLE,NONZERO_FIXED_POINT,-2.955943985064751,-20.96689590116636,-199.07995403389873,-201.0812243499968
-3,0,100,0,STABLE,NONZERO_FIXED_POINT,,,,
-3,1,1,99/257,STABLE,NONZERO_FIXED_POINT,-0.9425717059007881,-4.541926868689615,-41.414470656432826,-41.82876858516656
-3,1,2,49/65,STABLE,NONZERO_FIXED_POINT,-0.2845171559088353,-1.1673620304377863,-12.109779495090777,-12.232496771704689
-3,1,3,291/265,UNSTABLE,SINGULAR_BOUNDARY_LIMIT,0.527923922589487,1.2894471355647354,0.9024656362955739,0.902583672714286
-3,1,4,24/17,UNSTABLE,SINGULAR_BOUNDARY_LIMIT,0.9625728732162333,1.340901843098571,1.3157194194302235,1.3157194194302235
-3,1,5,475/281,UNSTABLE,SINGULAR_BOUNDARY_LIMIT,0.6123932876648475,0.9651088743930814,0.9603495092194407,0.9603495092193839
-3,1,6,141/73,UNSTABLE,SINGULAR_BOUNDARY_LIMIT,0.4442077052757689,0.7971130012703327,0.7956640813645492,0.7956640813645492
-3,1,7,651/305,UNSTABLE,SINGULAR_BOUNDARY_LIMIT,0.35325653269638835,0.7138681942850127,0.7132580347587236,0.7132580347587805
-3,1,8,23/10,UNSTABLE,SINGULAR_BOUNDARY_LIMIT,0.29921164899914565,0.6711679697665076,0.6708416009071527,0.6708416009071527
-3,1,9,819/337,UNSTABLE,SINGULAR_BOUNDARY_LIMIT,0.26790432204814607,0.6533164274557919,0.6531067012797962,0.6531067012797962
-3,1,10,225/89,UNSTABLE,SINGULAR_BOUNDARY_LIMIT,0.2531928787101858,0.6533682111700827,0.653212513775344,0.653212513775344
-3,1,11,979/377,UNSTABLE,SINGULAR_BOUNDARY_LIMIT,0.25238121728171414,0.6681458035619698,0.6680160642733313,0.6680160642733313
-3,1,12,66/25,UNSTABLE,SINGULAR_BOUNDARY_LIMIT,0.2647323740211842,0.696604609098685,0.6964859021568941,0.6964859021568941
-3,1,13,1131/425,UNSTABLE,SINGULAR_BOUNDARY_LIMIT,0.2910584967744345,0.7393528813516994,0.7392356519285386,0.7392356519285954
-3,1,14,301/113,UNSTABLE,SINGULAR_BOUNDARY_LIMIT,0.3339492596218072,0.7988422259929209,0.7987189660776153,0.7987189660776153
-3,1,15,1275/481,UNSTABLE,SINGULAR_BOUNDARY_LIMIT,0.3988279931980028,0.8804014761712509,0.8802650008203159,0.8802650008203159
-3,1,16,21/8,UNSTABLE,SINGULAR_BOUNDARY_LIMIT,0.4970063651761567,0.9952776216946404,0.9951199153416326,0.995119915341661
-3,1,17,1411/545,UNSTABLE,SINGULAR_BOUNDARY_LIMIT,0.6559936646305022,1.1709363150882837,1.1707475042978217,1.1707475042978217
-3,1,18,369/145,UNSTABLE,SINGULAR_BOUNDARY_LIMIT,0.975423337941459,1.5069827106119007,1.5067499171163945,1.5067499171163945
-3,1,19,1539/617,UNSTABLE,SINGULAR_BOUNDARY_LIMIT,1.5657802370514604,2.113885032086955,2.1135909145162373,2.1135909145162373
-3,1,20,100/41,UNSTABLE,SINGULAR_BOUNDARY_LIMIT,0.7472402954375514,1.3118119739053142,1.3114327560637378,1.3114327560637378
-3,1,21,1659/697,UNSTABLE,SINGULAR_BOUNDARY_LIMIT,0.45542981696150875,1.0363907798836465,1.0358935110809853,1.0358935110809853
-3,1,22,429/185,UNSTABLE,SINGULAR_BOUNDARY_LIMIT,0.2656024470453957,0.8628839068822245,0.862222608067043,0.862222608067043
-3,1,23,1771/785,UNSTABLE,SINGULAR_BOUNDARY_LIMIT,0.12128215929186226,0.7348325779975227,0.7339427876351579,0.7339427876351579
-3,1,24,57/26,UNSTABLE,SINGULAR_BOUNDARY_LIMIT,0.002982087967907887,0.6327771481484135,0.631568176119913,0.631568176119913
-3,1,25,1875/881,UNSTABLE,SINGULAR_BOUNDARY_LIMIT,-0.09839665176403756,0.5476586468038107,0.5460025441274752,0.5460025441274752
-3,1,26,481/233,UNSTABLE,SINGULAR_BOUNDARY_LIMIT,-0.1878588558237393,0.47452918448991,0.4722449960790982,0.47224499607904136
-3,1,27,1971/985,UNSTABLE,SINGULAR_BOUNDARY_LIMIT,-0.26846183148311553,0.41041184106080664,0.40724305657863624,0.40724305657863624
-3,1,28,126/65,UNSTABLE,SINGULAR_BOUNDARY_LIMIT,-0.342215669859268,0.35341002377732167,0.34899216247751497,0.34899216247748654
-3,1,29,2059/1097,UNSTABLE,SINGULAR_BOUNDARY_LIMIT,-0.4105161128523651,0.3022888524527261,0.2961026187710445,0.2961026187710445
-3,1,30,525/289,UNSTABLE,SINGULAR_BOUNDARY_LIMIT,-0.47437416021170087,0.2562667663410423,0.24756985831379552,0.24756985831379552
-3,1,31,2139/1217,UNSTABLE,SINGULAR_BOUNDARY_LIMIT,-0.534547270870263,0.21491630966126962,0.20264314066145062,0.20264314066145062
-3,1,32,17/10,UNSTABLE,SINGULAR_BOUNDARY_LIMIT,-0.5916188546394245,0.17813385285968764,0.1607459861141649,0.1607459861141649
-3,1,33,2211/1345,UNSTABLE,SINGULAR_BOUNDARY_LIMIT,-0.646048771190225,0.14616701054580972,0.12142562217832165,0.12142562217832165
-3,1,34,561/353,UNSTABLE,SINGULAR_BOUNDARY_LIMIT,-0.698206692898081,0.11970957806430249,0.08431958146150009,0.08431958146150009
-3,1,35,2275/1481,UNSTABLE,SINGULAR_BOUNDARY_LIMIT,-0.748394885839101,0.10010147279250958,0.049132893378668996,0.04913289337861215
-3,1,36,144/97,UNSTABLE,SINGULAR_BOUNDARY_LIMIT,-0.7968642100336769,0.08972774600656663,0.015622066040151594,0.015622066040151594
-3,1,37,2331/1625,UNSTABLE,SINGULAR_BOUNDARY_LIMIT,-0.8274091953300768,0.10927463428599538,0.0,0.0
-3,1,38,589/425,UNSTABLE,SINGULAR_BOUNDARY_LIMIT,-0.8423040253208196,0.16478942649595751,-5.684341886080802e-14,0.0
-3,1,39,2379/1777,UNSTABLE,SINGULAR_BOUNDARY_LIMIT,-0.8571783128810075,0.25852529406503066,-1.0800249583553523e-12,7.389644451905042e-13
-3,1,40,75/58,UNSTABLE,SINGULAR_BOUNDARY_LIMIT,-0.8720396679732865,0.44112391103649173,-3.214495336578693e-11,2.4868995751603507e-11
-3,1,41,2419/1937,UNSTABLE,SINGULAR_BOUNDARY_LIMIT,-0.8868957717350288,1.035208672498598,-1.015564521367196e-09,8.132019502227195e-10
-3,1,42,609/505,UNSTABLE,SINGULAR_BOUNDARY_LIMIT,-0.9017543874734208,0.532957876850098,-3.246503865739214e-08,2.6920929485640954e-08
-3,1,43,2451/2105,UNSTABLE,SINGULAR_BOUNDARY_LIMIT,-0.9166233742696033,0.07376903196431073,-1.0504512601983151e-06,9.021644018503139e-07
-3,1,44,154/137,UNSTABLE,SINGULAR_BOUNDARY_LIMIT,-0.9315107029608249,-0.21262970249618718,-3.441780947355255e-05,3.06207336677744e-05
-3,1,45,2475/2281,UNSTABLE,SINGULAR_BOUNDARY_LIMIT,-0.9464244743586399,-0.4409739548244289,-0.0011413170145146978,0.0010545187589627858
-3,1,46,621/593,UNSTABLE,SINGULAR_BOUNDARY_LIMIT,-0.9613729396367816,-0.6414607322560144,-0.03687264024938486,0.038396431415833376
-3,1,47,2491/2465,UNSTABLE,SINGULAR_BOUNDARY_LIMIT,-0.9763645228880122,-0.8265318421058581,-0.6052225382246093,-0.3005121349827391
-3,1,48,39/40,STABLE,NONZERO_FIXED_POINT,-0.9914078459083546,-1.0024753132033872,-2.026339488780536,-2.029186332696355
-3,1,49,2499/2657,STABLE,NONZERO_FIXED_POINT,-1.0065117553222755,-1.1728686485175999,-3.5708677088558147,-3.5972665681693456
-3,1,50,625/689,STABLE,NONZERO_FIXED_POINT,-1.0216853522157052,-1.339909976648613,-5.127517126778628,-5.169850156207758
-3,1,51,2499/2857,STABLE,NONZERO_FIXED_POINT,-1.0369380244974398,-1.5050254731790034,-6.693207894973625,-6.751351714221244
-3,1,52,156/185,STABLE,NONZERO_FIXED_POINT,-1.0522794822652486,-1.6691804269614607,-8.268579363199166,-8.342626488934627
-3,1,53,2491/3065,STABLE,NONZERO_FIXED_POINT,-1.0677197965127974,-1.8330525877059642,-9.85443575860387,-9.94449250981171
-3,1,54,621/793,STABLE,NONZERO_FIXED_POINT,-1.083269441579347,-1.99713508575703,-11.45164617341294,-11.55782776055122
-3,1,55,2475/3281,STABLE,NONZERO_FIXED_POINT,-1.0989393418179496,-2.161800536825183,-13.061143842638614,-13.183574869755034
-3,1,56,77/106,STABLE,NONZERO_FIXED_POINT,-1.1147409230423158,-2.3273424536035634,-14.683928943986757,-14.822744084079034
-3,1,57,2451/3505,STABLE,NONZERO_FIXED_POINT,-1.1306861694101187,-2.494002764411462,-16.321072276606003,-16.47641698765659
-3,1,58,609/905,STABLE,NONZERO_FIXED_POINT,-1.1467876865145215,-2.661990523570772,-17.973719788126857,-18.14575107469915
-3,1,59,2419/3737,STABLE,NONZERO_FIXED_POINT,-1.1630587715905865,-2.831494893995263,-19.643098008363665,-19.831985237851427
-3,1,60,150/241,STABLE,NONZERO_FIXED_POINT,-1.1795134919031227,-3.002694342433557,-21.33052046979364,-21.536446253312846
-3,1,61,2379/3977,STABLE,NONZERO_FIXED_POINT,-1.1961667725742142,-3.1757633091666264,-23.037395217359858,-23.26055636630855
-3,1,62,589/1025,STABLE,NONZERO_FIXED_POINT,-1.2130344953391852,-3.3508771944415585,-24.765233535904542,-25.00584210650925
-3,1,63,2331/4225,STABLE,NONZERO_FIXED_POINT,-1.2301336099990152,-3.5282162367668803,-26.515660053695512,-26.773944493460647
-3,1,64,9/17,STABLE,NONZERO_FIXED_POINT,-1.2474822606770548,-3.7079686844067545,-28.29042441631873,-28.566630828257672
-3,1,65,2275/4481,STABLE,NONZERO_FIXED_POINT,-1.2650999294040943,-3.8903335469839035,-30.091414768272614,-30.38580831119259
-3,1,66,561/1153,STABLE,NONZERO_FIXED_POINT,-1.2830076000682151,-4.075523138696937,-31.92067333192989,-32.23353977796842
-3,1,67,2211/4745,STABLE,NONZERO_FIXED_POINT,-1.301227946400374,-4.263765575738319,-33.78041443774072,-34.11206191192531
-3,1,68,136/305,STABLE,NONZERO_FIXED_POINT,-1.3197855484574337,-4.455307360198894,-35.673045439030176,-36.023806370006696
-3,1,69,2139/5017,STABLE,NONZERO_FIXED_POINT,-1.3387071430557285,-4.650416166109039,-37.601191043934364,-37.971424360390586
-3,1,70,525/1289,STABLE,NONZERO_FIXED_POINT,-1.3580219148599895,-4.849383937273522,-39.567721721833664,-39.95781533578116
-3,1,71,2059/5297,STABLE,NONZERO_FIXED_POINT,-1.377761836423554,-5.0525304095405374,-41.57578699995378,-41.986160626271385
-3,1,72,63/170,STABLE,NONZERO_FIXED_POINT,-1.3979620675140723,-5.260207181489108,-43.62885466826759,-44.05996304019226
-3,1,73,1971/5585,STABLE,NONZERO_FIXED_POINT,-1.418661426690469,-5.472802477515835,-45.730757171953826,-46.183093725126014
-3,1,74,481/1433,STABLE,NONZERO_FIXED_POINT,-1.4399029515237505,-5.690746777154665,-47.88574681043849,-48.35984792446203
-3,1,75,1875/5881,STABLE,NONZERO_FIXED_POINT,-1.461734568357187,-5.914519526411716,-50.09856180828763,-50.59501171562596
-3,1,76,114/377,STABLE,NONZERO_FIXED_POINT,-1.4842098984762657,-6.144657204499417,-52.37450591513155,-52.89394241400086
-3,1,77,1771/6185,STABLE,NONZERO_FIXED_POINT,-1.5073892355701783,-6.38176309797602,-54.719544985267305,-55.26266612804238
-3,1,78,429/1585,STABLE,NONZERO_FIXED_POINT,-1.5313407402300214,-6.626519241896773,-57.14042506336966,-57.70799703773872
-3,1,79,1659/6497,STABLE,NONZERO_FIXED_POINT,-1.5561419121401343,-6.8797011359824864,-59.64481797922275,-60.23768445996376
-3,1,80,25/104,STABLE,NONZERO_FIXED_POINT,-1.5818814213581875,-7.142196050711739,-62.24150250779502,-62.86059583842177
-3,1,81,1539/6817,STABLE,NONZERO_FIXED_POINT,-1.6086614093412521,-7.415026030524459,-64.94059204808707,-65.58694672225408
-3,1,82,369/1745,STABLE,NONZERO_FIXED_POINT,-1.6366004123135536,-7.69937712048182,-67.75382392627586,-68.42859299141202
-3,1,83,1411/7145,STABLE,NONZERO_FIXED_POINT,-1.6658371207208322,-7.996636954066368,-70.69493148260818,-71.39940670198075
-3,1,84,84/457,STABLE,NONZERO_FIXED_POINT,-1.6965352793804236,-8.308443748346,-73.78012909718996,-74.51576601119785
-3,1,85,1275/7481,STABLE,NONZERO_FIXED_POINT,-1.7288901708164008,-8.636751131461793,-77.02875396009489,-77.7972034300683
-3,1,86,301/1913,STABLE,NONZERO_FIXED_POINT,-1.7631373384384155,-8.983915369048972,-80.46412959407695,-81.2672780685104
-3,1,87,1131/7825,STABLE,NONZERO_FIXED_POINT,-1.799564547719207,-9.352814971137093,-84.11474994640957,-84.95477168770259
-3,1,88,33/250,STABLE,NONZERO_FIXED_POINT,-1.8385285443948547,-9.74701826975096,-88.01593839250808,-88.89536446130225
-3,1,89,979/8177,STABLE,NONZERO_FIXED_POINT,-1.880479121440544,-10.171024084711036,-92.21223031419845,-93.13404162014746
-3,1,90,225/2089,STABLE,NONZERO_FIXED_POINT,-1.9259946888880854,-10.63061741826354,-96.76089446460992,-97.72865038647888
-3,1,91,819/8537,STABLE,NONZERO_FIXED_POINT,-1.975836648161577,-11.13341319526976,-101.73731598512467,-102.75533736478587
-3,1,92,46/545,STABLE,NONZERO_FIXED_POINT,-2.0310359266386975,-11.689721605995977,-107.24356328895797,-108.31720195955305
-3,1,93,651/8905,STABLE,NONZERO_FIXED_POINT,-2.093037599135304,-12.313994318448792,-113.42270555401433,-114.55875848924535
-3,1,94,141/2273,STABLE,NONZERO_FIXED_POINT,-2.163957747872651,-13.027393075818878,-120.48424182901252,-121.69162215208206
-3,1,95,475/9281,STABLE,NONZERO_FIXED_POINT,-2.247076633260395,-13.86272140233713,-128.75292491352218,-130.04382607656925
-3,1,96,3/74,STABLE,NONZERO_FIXED_POINT,-2.3478891956293104,-14.874929618857495,-138.77276100486444,-140.16487146987572
-3,1,97,291/9665,STABLE,NONZERO_FIXED_POINT,-2.476696005118729,-16.167024340193144,-151.56351371489427,-153.08482258427296
-3,1,98,49/2465,STABLE,NONZERO_FIXED_POINT,-2.6566214583344987,-17.97025044034374,-169.4145055193852,-171.11612636296994
-3,1,99,99/10057,STABLE,NONZERO_FIXED_POINT,-2.961452351980256,-21.02247678762248,-199.63063652986216,-201.63746978539294
-3,1,100,0,STABLE,NONZERO_FIXED_POINT,,,,
-3,2,1,11/57,STABLE,NONZERO_FIXED_POINT,-1.2427559476813106,-7.602625680103227,-71.1915388842766,-71.90602105479086
-3,2,2,49/129,STABLE,NONZERO_FIXED_POINT,-0.9797016411777477,-4.645569483656452,-42.06062482229217,-42.48101845256292
-3,2,3,291/521,STABLE,NONZERO_FIXED_POINT,-0.7407573667335026,-2.8681875115517386,-25.38120384448763,-25.634148578801273
-3,2,4,8/11,STABLE,NONZERO_FIXED_POINT,-0.4237363973805026,-1.4898851018099109,-13.810561151870402,-13.948863850036673
-3,2,5,475/537,STABLE,NONZERO_FIXED_POINT,-0.16747513823639792,-0.3901975850612871,-5.211632846742759,-5.2649110441450375
-3,2,6,141/137,UNSTABLE,SINGULAR_BOUNDARY_LIMIT,0.04642206454153808,0.8299501362265502,0.46451265347295134,0.5626292866863878
-3,2,7,217/187,UNSTABLE,SINGULAR_BOUNDARY_LIMIT,0.14318778903258433,0.9064749195553503,0.6062336341013577,0.6062343500338727
-3,2,8,23/18,UNSTABLE,SINGULAR_BOUNDARY_LIMIT,0.21023807196724675,0.7795185343020385,0.6761379406862318,0.6761379407412278
-3,2,9,819/593,UNSTABLE,SINGULAR_BOUNDARY_LIMIT,0.2569694135441356,0.7784372405739433,0.7290486554070412,0.7290486554070412
-3,2,10,25/17,UNSTABLE,SINGULAR_BOUNDARY_LIMIT,0.2817751963712425,0.7905804491893207,0.7623569832003909,0.7623569832003909
-3,2,11,979/633,UNSTABLE,SINGULAR_BOUNDARY_LIMIT,0.28466072336833115,0.7937587588712205,0.7754009182979757,0.7754009182979757
-3,2,12,66/41,UNSTABLE,SINGULAR_BOUNDARY_LIMIT,0.26768447012906194,0.7830089991262525,0.7697803836288983,0.7697803836288699
-3,2,13,377/227,UNSTABLE,SINGULAR_BOUNDARY_LIMIT,0.23449030991516473,0.7591871974504727,0.7488160657563867,0.7488160657563867
-3,2,14,301/177,UNSTABLE,SINGULAR_BOUNDARY_LIMIT,0.18933494794323735,0.7252606206090562,0.7165322098902607,0.7165322098902607
-3,2,15,1275/737,UNSTABLE,SINGULAR_BOUNDARY_LIMIT,0.13620592290523703,0.6845498927672367,0.676746395341354,0.676746395341354
-3,2,16,7/4,UNSTABLE,SINGULAR_BOUNDARY_LIMIT,0.07834238961402917,0.6399205972845117,0.6325718817584516,0.6325718817584516
-3,2,17,1411/801,UNSTABLE,SINGULAR_BOUNDARY_LIMIT,0.01813018611247763,0.5935391327587638,0.5863002979609178,0.5863002979608609
-3,2,18,369/209,UNSTABLE,SINGULAR_BOUNDARY_LIMIT,-0.04279368460699473,0.5469128293185648,0.5394976139932055,0.5394976139932055
-3,2,19,171/97,UNSTABLE,SINGULAR_BOUNDARY_LIMIT,-0.10336831028098903,0.5010311146429842,0.49317091413718117,0.49317091413718117
-3,2,20,100/57,UNSTABLE,SINGULAR_BOUNDARY_LIMIT,-0.16294334701328417,0.4565153676458422,0.4479296533667707,0.4479296533667707
-3,2,21,1659/953,UNSTABLE,SINGULAR_BOUNDARY_LIMIT,-0.22114735462291613,0.4137435973124255,0.4041142259845856,0.4041142259845856
-3,2,22,143/83,UNSTABLE,SINGULAR_BOUNDARY_LIMIT,-0.2777922299686164,0.37294456632206874,0.36188925377894066,0.36188925377894066
-3,2,23,1771/1041,UNSTABLE,SINGULAR_BOUNDARY_LIMIT,-0.3328072760485643,0.33426663398788037,0.3213078191561749,0.3213078191561749
-3,2,24,57/34,UNSTABLE,SINGULAR_BOUNDARY_LIMIT,-0.38619505854672553,0.297829109764038,0.2823543295502873,0.2823543295502873
-3,2,25,625/379,UNSTABLE,SINGULAR_BOUNDARY_LIMIT,-0.43800240172109284,0.263763600534773,0.24497254846352234,0.2449725484634655
-3,2,26,481/297,UNSTABLE,SINGULAR_BOUNDARY_LIMIT,-0.48830158462084583,0.23225213220827357,0.20908365249545113,0.20908365249545113
-3,2,27,27/17,UNSTABLE,SINGULAR_BOUNDARY_LIMIT,-0.5371782921843424,0.20356880996185112,0.17459770276124686,0.1745977027612753
-3,2,28,14/9,UNSTABLE,SINGULAR_BOUNDARY_LIMIT,-0.5847239957647963,0.17813317778473348,0.14142081478115642,0.14142081478115642
-3,2,29,2059/1353,UNSTABLE,SINGULAR_BOUNDARY_LIMIT,-0.6310312209330409,0.15658734623645643,0.10945953864847979,0.10945953864847979
-3,2,30,525/353,UNSTABLE,SINGULAR_BOUNDARY_LIMIT,-0.6761906890612313,0.13991784816587227,0.07862344048112391,0.07862344048118075
-3,2,31,713/491,UNSTABLE,SINGULAR_BOUNDARY_LIMIT,-0.7202896694181984,0.12966326459896038,0.048826531598365364,0.04882653159830852
-3,2,32,17/12,UNSTABLE,SINGULAR_BOUNDARY_LIMIT,-0.7634111084136617,0.12829700218122753,0.019987966079895614,0.019987966079895614
-3,2,33,2211/1601,UNSTABLE,SINGULAR_BOUNDARY_LIMIT,-0.7976655330366302,0.14797179259232252,0.0,5.684341886080802e-14
-3,2,34,187/139,UNSTABLE,SINGULAR_BOUNDARY_LIMIT,-0.8119189334133363,0.2075852448843989,-5.684341886080801e-13,3.979039320256561e-13
-3,2,35,2275/1737,UNSTABLE,SINGULAR_BOUNDARY_LIMIT,-0.8261631199720583,0.30341746681690296,-8.128608897095546e-12,6.195932655828074e-12
-3,2,36,144/113,UNSTABLE,SINGULAR_BOUNDARY_LIMIT,-0.8404023568302517,0.47953692501801726,-1.2377654456940945e-10,9.711698112369049e-11
-3,2,37,259/209,UNSTABLE,SINGULAR_BOUNDARY_LIMIT,-0.8546412749183858,0.9708839916630723,-1.986109054996632e-09,1.602700194780482e-09
-3,2,38,589/489,UNSTABLE,SINGULAR_BOUNDARY_LIMIT,-0.8688848311742223,0.7029469957492296,-3.346053745190147e-08,2.777960617095232e-08
-3,2,39,2379/2033,UNSTABLE,SINGULAR_BOUNDARY_LIMIT,-0.8831382777640222,0.21182463109255423,-5.899451025470626e-07,5.041445092501817e-07
-3,2,40,25/22,UNSTABLE,SINGULAR_BOUNDARY_LIMIT,-0.8974071396615804,-0.07277724734772661,-1.0856204283982152e-05,9.553684236607296e-06
-3,2,41,2419/2193,UNSTABLE,SINGULAR_BOUNDARY_LIMIT,-0.911697199273954,-0.29263991535356126,-0.00020800422481670466,0.00018865714190496874
-3,2,42,609/569,UNSTABLE,SINGULAR_BOUNDARY_LIMIT,-0.9260144870867943,-0.4819088683430337,-0.004125042834061787,0.0038898338881949712
-3,2,43,817/787,UNSTABLE,SINGULAR_BOUNDARY_LIMIT,-0.9403652775303488,-0.654260822891473,-0.07821643818908797,0.09156374072995277
-3,2,44,154/153,UNSTABLE,SINGULAR_BOUNDARY_LIMIT,-0.9547560894521041,-0.816537707693989,-0.7185477362699828,-0.5055682497911391
-3,2,45,2475/2537,STABLE,NONZERO_FIXED_POINT,-0.9691936907340981,-0.9726282099062828,-1.9775082977639045,-1.9791224391855167
-3,2,46,69/73,STABLE,NONZERO_FIXED_POINT,-0.9836851067199248,-1.1249313772577665,-3.3347068216956472,-3.358789535499085
-3,2,47,2491/2721,STABLE,NONZERO_FIXED_POINT,-0.9982376322245337,-1.2750130180093109,-4.711064124093696,-4.7494027573821995
-3,2,48,39/44,STABLE,NONZERO_FIXED_POINT,-1.0128588469939857,-1.4239378442489397,-6.102538045767716,-6.154925468275508
-3,2,49,833/971,STABLE,NONZERO_FIXED_POINT,-1.027556634566496,-1.5724533246354184,-7.509030194617139,-7.575604398128064
-3,2,50,625/753,STABLE,NONZERO_FIXED_POINT,-1.0423392045635502,-1.721098750209471,-8.930707026444793,-9.011621984369185
-3,2,51,2499/3113,STABLE,NONZERO_FIXED_POINT,-1.0572151185137901,-1.870273540035278,-10.367834154693469,-10.463247019215942
-3,2,52,52/67,STABLE,NONZERO_FIXED_POINT,-1.0721933193849438,-2.0202818774264557,-11.82076686994489,-11.93083832900976
-3,2,53,2491/3321,STABLE,NONZERO_FIXED_POINT,-1.0872831650732042,-2.1713628627502644,-13.289948212322429,-13.414843360384225
-3,2,54,621/857,STABLE,NONZERO_FIXED_POINT,-1.1024944661772746,-2.323711416288411,-14.775908252711929,-14.915797474458543
-3,2,55,275/393,STABLE,NONZERO_FIXED_POINT,-1.1178375284682502,-2.477493068987087,-16.27926430764444,-16.434324164189547
-3,2,56,77/114,STABLE,NONZERO_FIXED_POINT,-1.133323200559614,-2.6328546087010096,-17.800722077120696,-17.971136203284686
-3,2,57,2451/3761,STABLE,NONZERO_FIXED_POINT,-1.1489629273865027,-2.7899318646129956,-19.341077720741282,-19.527037742911602
-3,2,58,203/323,STABLE,NONZERO_FIXED_POINT,-1.164768810223869,-2.9488554940753176,-20.901220904930284,-21.102927389348167
-3,2,59,2419/3993,STABLE,NONZERO_FIXED_POINT,-1.1807536741132516,-3.1097553704932395,-22.482138872443954,-22.699802314276383
-3,2,60,150/257,STABLE,NONZERO_FIXED_POINT,-1.1969311437324759,-3.2727639966180746,-24.084921605640915,-24.318763469916547
-3,2,61,793/1411,STABLE,NONZERO_FIXED_POINT,-1.2133157289382819,-3.4380192502635225,-25.710768177857858,-25.961022004294534
-3,2,62,589/1089,STABLE,NONZERO_FIXED_POINT,-1.2299229214458158,-3.6056666889495617,-27.360994413495348,-27.627906998464027
-3,2,63,2331/4481,STABLE,NONZERO_FIXED_POINT,-1.246769304391119,-3.775861584217388,-29.0370420080842,-29.320874678476628
-3,2,64,1/2,STABLE,NONZERO_FIXED_POINT,-1.2638726768652235,-3.948770817811141,-30.740489295910628,-31.04151929157461
-3,2,65,2275/4737,STABLE,NONZERO_FIXED_POINT,-1.2812521959268803,-4.124574745756995,-32.473063896329904,-32.79158588006476
-3,2,66,561/1217,STABLE,NONZERO_FIXED_POINT,-1.2989285391152308,-4.303469119441473,-34.23665752269187,-34.57298523966574
-3,2,67,737/1667,STABLE,NONZERO_FIXED_POINT,-1.3169240911200646,-4.485667143045092,-36.03334330245423,-36.3878114144232
-3,2,68,136/321,STABLE,NONZERO_FIXED_POINT,-1.3352631590594441,-4.671401742837482,-37.86539603695408,-38.23836216098874
-3,2,69,2139/5273,STABLE,NONZERO_FIXED_POINT,-1.353972221807254,-4.860928125163483,-39.73531592889128,-40.12716291565124
-3,2,70,175/451,STABLE,NONZERO_FIXED_POINT,-1.3730802200660044,-5.054526706195574,-41.64585643075583,-42.056994923947514
-3,2,71,2059/5553,STABLE,NONZERO_FIXED_POINT,-1.3926188954724967,-5.252506507871722,-43.600057026081345,-44.030928352935916
-3,2,72,63/178,STABLE,NONZERO_FIXED_POINT,-1.4126231890629235,-5.455209131500368,-45.60128195818319,-46.052361411038476
-3,2,73,219/649,STABLE,NONZERO_FIXED_POINT,-1.4331317120564888,-5.663013444426426,-47.653266182450665,-48.12506676441089
-3,2,74,481/1497,STABLE,NONZERO_FIXED_POINT,-1.454187305344087,-5.876341147685203,-49.76017015830075,-50.25324688226999
-3,2,75,1875/6137,STABLE,NONZERO_FIXED_POINT,-1.4758377085720582,-6.095663436355359,-51.92664554338677,-52.44160039460701
-3,2,76,38/131,STABLE,NONZERO_FIXED_POINT,-1.4981363656866336,-6.321509023180688,-54.15791444479294,-54.6954021438319
-3,2,77,1771/6441,STABLE,NONZERO_FIXED_POINT,-1.5211434018163352,-6.5544738755120235,-56.459865675617834,-57.02060041358368
-3,2,78,429/1649,STABLE,NONZERO_FIXED_POINT,-1.5449268172335806,-6.795233123809865,-58.83917254132223,-59.42393590478207
-3,2,79,553/2251,STABLE,NONZERO_FIXED_POINT,-1.5695639590483133,-7.044555748750135,-61.303438156873085,-61.91308852056892
-3,2,80,25/108,STABLE,NONZERO_FIXED_POINT,-1.5951433520260245,-7.30332286115258,-63.861376349280164,-64.49686009609508
-3,2,81,1539/7073,STABLE,NONZERO_FIXED_POINT,-1.6217669991844321,-7.5725506814220225,-66.52303909737896,-67.18540413562994
-3,2,82,41/201,STABLE,NONZERO_FIXED_POINT,-1.6495533047619038,-7.853419744480441,-69.30010561293395,-69.99051781363471
-3,2,83,1411/7401,STABLE,NONZERO_FIXED_POINT,-1.6786408333000722,-8.14731246759721,-72.20625422119042,-72.92601761164542
-3,2,84,84/473,STABLE,NONZERO_FIXED_POINT,-1.7091932094475837,-8.455862127127155,-75.2576471948052,-76.00822904948114
-3,2,85,425/2579,STABLE,NONZERO_FIXED_POINT,-1.7414056009722998,-8.781017668947015,-78.47357234546479,-79.25663475755243
-3,2,86,301/1977,STABLE,NONZERO_FIXED_POINT,-1.7755134416387932,-9.12513091906147,-81.87730638045184,-82.69474655417167
-3,2,87,1131/8081,STABLE,NONZERO_FIXED_POINT,-1.811804392104408,-9.491076175809695,-85.49729883974555,-86.35130134158595
-3,2,88,11/86,STABLE,NONZERO_FIXED_POINT,-1.8506350978564718,-9.882417773795883,-89.3688309554483,-90.26193672153364
-3,2,89,979/8433,STABLE,NONZERO_FIXED_POINT,-1.8924552559420214,-10.303650736957096,-93.53639809561156,-94.47159750413556
-3,2,90,225/2153,STABLE,NONZERO_FIXED_POINT,-1.9378431845550281,-10.760556461323446,-98.05723100371011,-99.03809251542219
-3,2,91,91/977,STABLE,NONZERO_FIXED_POINT,-1.9875601971563235,-11.26074644413297,-103.00667869852884,-104.03753186992648
-3,2,92,46/561,STABLE,NONZERO_FIXED_POINT,-2.042637136832699,-11.814527616282092,-108.48677524842103,-109.57298027799564
-3,2,93,651/9161,STABLE,NONZERO_FIXED_POINT,-2.1045189975918124,-12.436348545001437,-114.64055716201602,-115.78891905658918
-3,2,94,47/779,STABLE,NONZERO_FIXED_POINT,-2.1753217841513646,-13.147368022270015,-121.67749239884944,-122.89693199858627
-3,2,95,475/9537,STABLE,NONZERO_FIXED_POINT,-2.2583256825548865,-13.980386762225955,-129.9223041600776,-131.22502233308717
-3,2,96,3/76,STABLE,NONZERO_FIXED_POINT,-2.35902556174727,-14.990352408845732,-139.9189704517862,-141.32266278934736
-3,2,97,97/3307,STABLE,NONZERO_FIXED_POINT,-2.4877219233143855,-16.280269025880173,-152.6872280235039,-154.21989048415142
-3,2,98,49/2529,STABLE,NONZERO_FIXED_POINT,-2.667539098001944,-18.081379055149007,-170.5163737442633,-172.22912649357923
-3,2,99,99/10313,STABLE,NONZERO_FIXED_POINT,-2.9722638192157707,-21.13154904517007,-200.71128330571014,-202.72903312886226
-3,2,100,0,STABLE,NONZERO_FIXED_POINT,,,,
-3,3,1,99/1025,STABLE,NONZERO_FIXED_POINT,-1.5433624479612669,-10.64221412448515,-100.98510582519921,-102.00019449599344
-3,3,2,49/257,STABLE,NONZERO_FIXED_POINT,-1.279045054209793,-7.692163657319568,-71.74876053442406,-72.46849757772685
-3,3,3,291/1033,STABLE,NONZERO_FIXED_POINT,-1.1384790393760413,-6.005612508040414,-54.97406614882328,-55.524273481357056
-3,3,4,24/65,STABLE,NONZERO_FIXED_POINT,-1.048126067817194,-4.8431856459286315,-43.35368809694907,-43.78639021188033
-3,3,5,475/1049,STABLE,NONZERO_FIXED_POINT,-0.8881499229189664,-3.875415936599204,-34.498802681015206,-34.842884559583865
-3,3,6,141/265,STABLE,NONZERO_FIXED_POINT,-0.7630472393007981,-3.112689514168551,-27.50152661859741,-27.77555337987883
-3,3,7,651/1073,STABLE,NONZERO_FIXED_POINT,-0.6619553047460194,-2.493212329710232,-21.80942725071708,-22.026445984114844
-3,3,8,23/34,STABLE,NONZERO_FIXED_POINT,-0.6089908677025964,-2.009873076041181,-17.121943999803307,-17.291695080827964
-3,3,9,63/85,STABLE,NONZERO_FIXED_POINT,-0.606449612848925,-1.6439202121902312,-13.230645152466707,-13.360723528727362
-3,3,10,225/281,STABLE,NONZERO_FIXED_POINT,-0.5908500876435738,-1.3166201137672076,-9.926957122313183,-10.023480924017804
-3,3,11,979/1145,STABLE,NONZERO_FIXED_POINT,-0.5802840742049646,-1.0344431594957157,-7.124366179206049,-7.1923889176473494
-3,3,12,66/73,STABLE,NONZERO_FIXED_POINT,-0.5757338185169587,-0.7892630453228264,-4.745598521355248,-4.789363897428501
-3,3,13,1131/1193,STABLE,NONZERO_FIXED_POINT,-0.5764151881196629,-0.5730932124542605,-2.7302071838161055,-2.751966313079947
-3,3,14,301/305,STABLE,NONZERO_FIXED_POINT,-0.5816455502069786,-0.3796170067904825,-1.0625705287938558,-0.9957678995322681
-3,3,15,1275/1249,UNSTABLE,SINGULAR_BOUNDARY_LIMIT,-0.5908213434336194,-0.2040120537802892,-0.11183248795674672,0.2972084782908837
-3,3,16,21/20,UNSTABLE,SINGULAR_BOUNDARY_LIMIT,-0.6034055186827842,-0.042978957265802364,0.032705272391581275,0.05723048245167206
-3,3,17,1411/1313,UNSTABLE,SINGULAR_BOUNDARY_LIMIT,-0.6189201065895791,0.1049595507875054,0.038340346531299474,0.040914815455494136
-3,3,18,369/337,UNSTABLE,SINGULAR_BOUNDARY_LIMIT,-0.6369412133466597,0.23880754175326047,0.03200751697386295,0.0324274464672385
-3,3,19,1539/1385,UNSTABLE,SINGULAR_BOUNDARY_LIMIT,-0.6570949847718595,0.3541627561442766,0.022990744314881795,0.02309251076576402
-3,3,20,100/89,UNSTABLE,SINGULAR_BOUNDARY_LIMIT,-0.6790538257622067,0.44266226746970716,0.012362679060288428,0.012397923171477032
-3,3,21,1659/1465,UNSTABLE,SINGULAR_BOUNDARY_LIMIT,-0.7025325954370949,0.49351221070025986,0.0004578838737074875,0.0004747447747490696
-3,3,22,33/29,UNSTABLE,SINGULAR_BOUNDARY_LIMIT,-0.7147868316855845,0.5110612288409655,-5.756542947210619e-06,5.058843157712545e-06
-3,3,23,1771/1553,UNSTABLE,SINGULAR_BOUNDARY_LIMIT,-0.726760793969035,0.4845019525779435,-4.827194516110467e-06,4.233038566781033e-06
-3,3,24,57/50,UNSTABLE,SINGULAR_BOUNDARY_LIMIT,-0.7388917734611367,0.4224310289032118,-5.158463380894318e-06,4.525018312051543e-06
-3,3,25,1875/1649,UNSTABLE,SINGULAR_BOUNDARY_LIMIT,-0.7511558823959348,0.3372745606629266,-6.8809541176051425e-06,6.051659852346347e-06
-3,3,26,481/425,UNSTABLE,SINGULAR_BOUNDARY_LIMIT,-0.7635338378034255,0.2395567246704502,-1.1247227462263254e-05,9.938021321431734e-06
-3,3,27,1971/1753,UNSTABLE,SINGULAR_BOUNDARY_LIMIT,-0.7760101306482667,0.13617746823727828,-2.215701346131027e-05,1.970731437950235e-05
-3,3,28,126/113,UNSTABLE,SINGULAR_BOUNDARY_LIMIT,-0.7885723660371866,0.030978806658112035,-5.182962954108916e-05,4.6487389738558704e-05
-3,3,29,2059/1865,UNSTABLE,SINGULAR_BOUNDARY_LIMIT,-0.8012107357939158,-0.07417733713975849,-0.0001420415105144457,0.00012869839832774232
-3,3,30,525/481,UNSTABLE,SINGULAR_BOUNDARY_LIMIT,-0.8139175943562069,-0.17855715105049796,-0.0004505199729578635,0.00041317275099572726
-3,3,31,2139/1985,UNSTABLE,SINGULAR_BOUNDARY_LIMIT,-0.8266871159865339,-0.2820218523133775,-0.0016346862698242148,0.001522519200136685
-3,3,32,17/16,UNSTABLE,SINGULAR_BOUNDARY_LIMIT,-0.8395150164724887,-0.3847254155958666,-0.006696172506536868,0.006398013650340317
-3,3,33,2211/2113,UNSTABLE,SINGULAR_BOUNDARY_LIMIT,-0.852398326351615,-0.4869511589649633,-0.030179868464358606,0.030944671918518907
-3,3,34,561/545,UNSTABLE,SINGULAR_BOUNDARY_LIMIT,-0.8653352055944143,-0.5890259183992228,-0.13725255889238497,0.19455266157592632
-3,3,35,175/173,UNSTABLE,SINGULAR_BOUNDARY_LIMIT,-0.8783247918770964,-0.691276245067364,-0.49492291908927655,-0.0418791672863108
-3,3,36,144/145,STABLE,NONZERO_FIXED_POINT,-0.8913670762555057,-0.7940070792487361,-1.1575338816836336,-1.0957068013739502
-3,3,37,2331/2393,STABLE,NONZERO_FIXED_POINT,-0.904462801346412,-0.8974923904067609,-1.9686021022789078,-1.9706871866512188
-3,3,38,589/617,STABLE,NONZERO_FIXED_POINT,-0.9176133781276352,-1.0019721715985952,-2.838934046491829,-2.857872149926095
-3,3,39,2379/2545,STABLE,NONZERO_FIXED_POINT,-0.9308208182551461,-1.107652791856239,-3.7474751947037817,-3.7766182201129936
-3,3,40,75/82,STABLE,NONZERO_FIXED_POINT,-0.9440876794154338,-1.214709099247429,-4.689411544357057,-4.728147132638753
-3,3,41,2419/2705,STABLE,NONZERO_FIXED_POINT,-0.9574170217239395,-1.3232874038153,-5.662737936783117,-5.711267549363072
-3,3,42,609/697,STABLE,NONZERO_FIXED_POINT,-0.9708123735747662,-1.4335088599293613,-6.666004998819062,-6.724620308698263
-3,3,43,2451/2873,STABLE,NONZERO_FIXED_POINT,-0.9842777056651801,-1.5454729749373968,-7.697984487366682,-7.766976785973952
-3,3,44,154/185,STABLE,NONZERO_FIXED_POINT,-0.9978174121780015,-1.6592610824124563,-8.75761547566492,-8.837266481840885
-3,3,45,2475/3049,STABLE,NONZERO_FIXED_POINT,-1.0114362983185785,-1.7749396800951018,-9.843988782935583,-9.934571003918677
-3,3,46,621/785,STABLE,NONZERO_FIXED_POINT,-1.0251395735813489,-1.8925635692841283,-10.956337159378165,-11.058115215938244
-3,3,47,47/61,STABLE,NONZERO_FIXED_POINT,-1.038932850271724,-2.0121787565012212,-12.094027166955613,-12.207259144030047
-3,3,48,3/4,STABLE,NONZERO_FIXED_POINT,-1.0528221469390067,-2.133825095909577,-13.256552224557453,-13.38149096116571
-3,3,49,2499/3425,STABLE,NONZERO_FIXED_POINT,-1.0668138964900802,-2.257538664985937,-14.443526700438099,-14.58042102014008
-3,3,50,625/881,STABLE,NONZERO_FIXED_POINT,-1.080914958856626,-2.3833538774293856,-15.654680990231896,-15.803776881299882
-3,3,51,2499/3625,STABLE,NONZERO_FIXED_POINT,-1.095132638183692,-2.511305346592195,-16.889857535378383,-17.051399290158997
-3,3,52,156/233,STABLE,NONZERO_FIXED_POINT,-1.1094747045984583,-2.6414295199435927,-18.14900774902847,-18.323239071700016
-3,3,53,2491/3833,STABLE,NONZERO_FIXED_POINT,-1.1239494207073921,-2.7737661103210627,-19.432189828133403,-19.61935491985122
-3,3,54,621/985,STABLE,NONZERO_FIXED_POINT,-1.138565573061129,-2.9083593531587795,-20.73956744203707,-20.939912072358084
-3,3,55,2475/4049,STABLE,NONZERO_FIXED_POINT,-1.1533325089216184,-3.045259120768648,-22.071409299800507,-22.285181873299393
-3,3,56,77/130,STABLE,NONZERO_FIXED_POINT,-1.1682601787688043,-3.184521925409328,-23.428089610984642,-23.65554223811901
-3,3,57,2451/4273,STABLE,NONZERO_FIXED_POINT,-1.1833591850974141,-3.326211842660321,-24.81008946802359,-25.05147904958875
-3,3,58,609/1097,STABLE,NONZERO_FIXED_POINT,-1.198640838181971,-3.4704013858644416,-26.217999193010485,-26.4735885279523
-3,3,59,2419/4505,STABLE,NONZERO_FIXED_POINT,-1.2141172196345007,-3.617172361428274,-27.652521708112204,-27.9225806350654
-3,3,60,150/289,STABLE,NONZERO_FIXED_POINT,-1.2298012547493773,-3.7666167338533256,-29.114477007459783,-29.39928359116064
-3,3,61,183/365,STABLE,NONZERO_FIXED_POINT,-1.2457067948300775,-3.918837528745648,-30.60480782983629,-30.904649604562337
-3,3,62,589/1217,STABLE,NONZERO_FIXED_POINT,-1.2618487109306216,-4.073949801922822,-32.12458665659875,-32.439761940041706
-3,3,63,2331/4993,STABLE,NONZERO_FIXED_POINT,-1.278243000730214,-4.232081703280173,-33.675024188976465,-34.005843481510965
-3,3,64,9/20,STABLE,NONZERO_FIXED_POINT,-1.2949069106051923,-4.393375665463022,-35.25747949441839,-35.60426698064305
-3,3,65,2275/5249,STABLE,NONZERO_FIXED_POINT,-1.3118590753834631,-4.5579897497925685,-36.87347205456064,-37.236567226335694
-3,3,66,561/1345,STABLE,NONZERO_FIXED_POINT,-1.3291196787833428,-4.726099185510222,-38.52469599966065,-38.9044554227429
-3,3,67,2211/5513,STABLE,NONZERO_FIXED_POINT,-1.3467106381770577,-4.897898143484326,-40.21303687856755,-40.60983612846809
-3,3,68,136/353,STABLE,NONZERO_FIXED_POINT,-1.3646558181132153,-5.073601792383805,-41.940591392851246,-42.35482718986884
-3,3,69,2139/5785,STABLE,NONZERO_FIXED_POINT,-1.3829812780269037,-5.253448694385433,-43.70969062302481,-44.14178320174102
-3,3,70,525/1481,STABLE,NONZERO_FIXED_POINT,-1.4017155608203105,-5.437703609313658,-45.52292739975587,-45.97332315487114
-3,3,71,2059/6065,STABLE,NONZERO_FIXED_POINT,-1.4208900305902823,-5.626660791482017,-47.383188631450366,-47.85236309003494
-3,3,72,63/194,STABLE,NONZERO_FIXED_POINT,-1.4405392698193484,-5.82064788346441,-49.29369360223669,-49.78215478271332
-3,3,73,1971/6353,STABLE,NONZERO_FIXED_POINT,-1.4607015489802633,-6.020030537014563,-51.258039515701114,-51.76633174675692
-3,3,74,37/125,STABLE,NONZERO_FIXED_POINT,-1.4814193849323942,-6.2252179253729665,-53.28025589969036,-53.80896418863142
-3,3,75,1875/6649,STABLE,NONZERO_FIXED_POINT,-1.5027402089926838,-6.436669356046288,-55.36486993394408,-55.91462499483174
-3,3,76,114/425,STABLE,NONZERO_FIXED_POINT,-1.5247171715400363,-6.6549022527586175,-57.51698535442537,-58.08846943313924
-3,3,77,1771/6953,STABLE,NONZERO_FIXED_POINT,-1.5474101180244428,-6.880501855291946,-59.742378381880144,-60.33633205007567
-3,3,78,429/1777,STABLE,NONZERO_FIXED_POINT,-1.5708867821165935,-7.1141330945017955,-62.04761519812581,-62.66484533374643
-3,3,79,1659/7265,STABLE,NONZERO_FIXED_POINT,-1.5952242566458317,-7.3565552488638986,-64.44019697023396,-65.08158620284365
-3,3,80,25/116,STABLE,NONZERO_FIXED_POINT,-1.6205108237143193,-7.608640196273392,-66.92874047635189,-67.59525845690678
-3,3,81,1539/7585,STABLE,NONZERO_FIXED_POINT,-1.646848254637593,-7.871395367421286,-69.52320528418403,-70.21592224947534
-3,3,82,369/1937,STABLE,NONZERO_FIXED_POINT,-1.6743547323008254,-8.145992926453893,-72.23518258540145,-72.9552858399615
-3,3,83,1411/7913,STABLE,NONZERO_FIXED_POINT,-1.7031686096698806,-8.433807316115413,-75.07826684332628,-75.82708099529941
-3,3,84,84/505,STABLE,NONZERO_FIXED_POINT,-1.7334533090609554,-8.736464213222284,-78.06854040707242,-78.84755249912922
-3,3,85,1275/8249,STABLE,NONZERO_FIXED_POINT,-1.7654038046533476,-9.055905319131107,-81.22521489573018,-82.0361060145641
-3,3,86,301/2105,STABLE,NONZERO_FIXED_POINT,-1.799255344899537,-9.394475551565705,-84.57149435916892,-85.41617996374674
-3,3,87,87/661,STABLE,NONZERO_FIXED_POINT,-1.8352954129835126,-9.755042619145208,-88.13575903038648,-89.0164412372535
-3,3,88,33/274,STABLE,NONZERO_FIXED_POINT,-1.873880484347751,-10.141164568659399,-91.95322401057334,-92.87246063351583
-3,3,89,979/8945,STABLE,NONZERO_FIXED_POINT,-1.9154600930382095,-10.557330422436884,-96.0683215483715,-97.02911920147176
-3,3,90,225/2281,STABLE,NONZERO_FIXED_POINT,-1.9606124009304864,-11.009315846299899,-100.53822212401462,-101.54416489117989
-3,3,91,819/9305,STABLE,NONZERO_FIXED_POINT,-2.010098571510678,-11.50472686471241,-105.43821720258046,-106.49364967828683
-3,3,92,46/593,STABLE,NONZERO_FIXED_POINT,-2.064949303915842,-12.053865180051297,-110.87028586981094,-111.98058273149363
-3,3,93,651/9673,STABLE,NONZERO_FIXED_POINT,-2.1266094539292943,-12.671174362842834,-116.97741209210159,-118.1493922913067
-3,3,94,141/2465,STABLE,NONZERO_FIXED_POINT,-2.197194893487886,-13.377808428433326,-123.96901360368369,-125.21161141464154
-3,3,95,475/10049,STABLE,NONZERO_FIXED_POINT,-2.2799856810323664,-14.206563523310585,-132.16976558073685,-133.49519481733716
-3,3,96,3/80,STABLE,NONZERO_FIXED_POINT,-2.3804765628329037,-15.21238292230973,-142.12360009454272,-143.549568826815
-3,3,97,291/10433,STABLE,NONZERO_FIXED_POINT,-2.5089679224930155,-16.498266508654837,-154.85020994591315,-156.40472616430935
-3,3,98,49/2657,STABLE,NONZERO_FIXED_POINT,-2.6885839772461644,-18.295452722904557,-172.63884994288154,-174.37304541726334
-3,3,99,99/10825,STABLE,NONZERO_FIXED_POINT,-2.9931113512462684,-21.341804282745187,-202.79435551082412,-204.833148221252
-3,3,100,0,STABLE,NONZERO_FIXED_POINT,,,,
-3,4,1,33/683,STABLE,NONZERO_FIXED_POINT,-1.8441805409706888,-13.668400653700267,-130.7841026322247,-132.10000939602836
-3,4,2,49/513,STABLE,NONZERO_FIXED_POINT,-1.5792292959903147,-10.724586247396722,-101.49758061983403,-102.51750190491731
-3,4,3,291/2057,STABLE,NONZERO_FIXED_POINT,-1.4376130095511472,-9.035952433716645,-84.62732837589579,-85.47666967860465
-3,4,4,8/43,STABLE,NONZERO_FIXED_POINT,-1.345802421473587,-7.864265658173842,-72.86794937811514,-73.59832784670279
-3,4,5,475/2073,STABLE,NONZERO_FIXED_POINT,-1.1839737368192704,-6.8810649693687935,-63.83267171526995,-64.47257740773892
-3,4,6,141/521,STABLE,NONZERO_FIXED_POINT,-1.0566390886635135,-6.097724022060852,-56.615780937978826,-57.1833995486229
-3,4,7,217/699,STABLE,NONZERO_FIXED_POINT,-0.952954013245412,-5.453577122168959,-50.667131533586485,-51.175148975483665
-3,4,8,23/66,STABLE,NONZERO_FIXED_POINT,-0.8664799735880866,-4.912348711576506,-45.65798772676621,-46.11580382629049
-3,4,9,819/2129,STABLE,NONZERO_FIXED_POINT,-0.7930877101541824,-4.450590498755574,-41.37597254491658,-41.790864304594436
-3,4,10,75/179,STABLE,NONZERO_FIXED_POINT,-0.7850449583315449,-4.107321408394284,-37.730822642970224,-38.1086144105584
-3,4,11,979/2169,STABLE,NONZERO_FIXED_POINT,-0.7814098811475709,-3.8121022450638335,-34.55960973812813,-34.90508659833921
-3,4,12,66/137,STABLE,NONZERO_FIXED_POINT,-0.7802081737278197,-3.5559060996732015,-31.784747044102147,-32.10192367571668
-3,4,13,377/739,STABLE,NONZERO_FIXED_POINT,-0.7809530118216674,-3.3328559928221537,-29.348032598100133,-29.640335686289177
-3,4,14,301/561,STABLE,NONZERO_FIXED_POINT,-0.7832766311596213,-3.138364842887448,-27.20395707740687,-27.47435344306922
-3,4,15,1275/2273,STABLE,NONZERO_FIXED_POINT,-0.7868961072119216,-2.968779744069451,-25.316189492808235,-25.56727874376321
-3,4,16,7/12,STABLE,NONZERO_FIXED_POINT,-0.7915904079390259,-2.8211415427128124,-23.655201991104846,-23.88928519713822
-3,4,17,1411/2337,STABLE,NONZERO_FIXED_POINT,-0.7971845714314991,-2.693017503644228,-22.196618366817063,-22.415750065454915
-3,4,18,369/593,STABLE,NONZERO_FIXED_POINT,-0.8035385322174822,-2.5823817590384905,-20.92003746034078,-21.126065787545997
-3,4,19,513/803,STABLE,NONZERO_FIXED_POINT,-0.8105390649476645,-2.4875278548084125,-19.808176966704366,-20.002775146871215
-3,4,20,100/153,STABLE,NONZERO_FIXED_POINT,-0.8180938691466357,-2.407003410943787,-18.846238730054722,-19.030930160872316
-3,4,21,1659/2489,STABLE,NONZERO_FIXED_POINT,-0.82612715572143,-2.339560401107285,-18.02143043003764,-18.197608940621876
-3,4,22,143/211,STABLE,NONZERO_FIXED_POINT,-0.8345763066259444,-2.284116743857034,-17.322599789742554,-17.491546207575198
-3,4,23,1771/2577,STABLE,NONZERO_FIXED_POINT,-0.843389314271219,-2.2397262910491804,-16.739951103612384,-16.902846960973193
-3,4,24,57/82,STABLE,NONZERO_FIXED_POINT,-0.8525227960300228,-2.20555519475662,-16.26482289569296,-16.422761892404196
-3,4,25,625/891,STABLE,NONZERO_FIXED_POINT,-0.8619404386716223,-2.180863213279885,-15.889511586679816,-16.04350927337265
-3,4,26,481/681,STABLE,NONZERO_FIXED_POINT,-0.8716117681809248,-2.1649888941287045,-15.607130212413153,-15.758132247952062
-3,4,27,1971/2777,STABLE,NONZERO_FIXED_POINT,-0.8815111686215147,-2.157337821710442,-15.411494143730465,-15.560383399201271
-3,4,28,42/59,STABLE,NONZERO_FIXED_POINT,-0.8916170935913543,-2.1573732886218266,-15.297027819313769,-15.444630540558023
-3,4,29,2059/2889,STABLE,NONZERO_FIXED_POINT,-0.9019114280430873,-2.164608873289815,-15.258687986276357,-15.40577918150251
-3,4,30,525/737,STABLE,NONZERO_FIXED_POINT,-0.912378968544413,-2.1786025026152487,-15.291900024099391,-15.439208208552486
-3,4,31,713/1003,STABLE,NONZERO_FIXED_POINT,-0.923006997607402,-2.1989516573472656,-15.392504724694732,-15.54071612786322
-3,4,32,17/24,STABLE,NONZERO_FIXED_POINT,-0.9337849333143371,-2.2252894458200316,-15.556713495749278,-15.706475816082616
-3,4,33,2211/3137,STABLE,NONZERO_FIXED_POINT,-0.9447040396602873,-2.2572813307946404,-15.78107040215707,-15.932996178276142
-3,4,34,187/267,STABLE,NONZERO_FIXED_POINT,-0.9557571862025025,-2.294622345141498,-16.062419800601504,-16.21708945542963
-3,4,35,2275/3273,STABLE,NONZERO_FIXED_POINT,-0.9669386480249251,-2.3370346750217834,-16.397878583193688,-16.55584318750857
-3,4,36,144/209,STABLE,NONZERO_FIXED_POINT,-0.9782439388867807,-2.384265524135124,-16.784812247612706,-16.94659604162851
-3,4,37,777/1139,STABLE,NONZERO_FIXED_POINT,-0.989669671867123,-2.4360851998486126,-17.220814168065942,-17.38691687334409
-3,4,38,589/873,STABLE,NONZERO_FIXED_POINT,-1.0012134429453443,-2.4922853823179594,-17.70368756434084,-17.874586513259317
-3,4,39,2379/3569,STABLE,NONZERO_FIXED_POINT,-1.012873733845785,-2.552677552037437,-18.231429763228505,-18.407581869146895
-3,4,40,25/38,STABLE,NONZERO_FIXED_POINT,-1.0246498311794445,-2.6170915607402776,-18.80221842363295,-18.98406201157772
-3,4,41,2419/3729,STABLE,NONZERO_FIXED_POINT,-1.0365417594789985,-2.6853743363526235,-19.414399458252603,-19.60235597325203
-3,4,42,609/953,STABLE,NONZERO_FIXED_POINT,-1.0485502261769923,-2.7573887158321213,-20.066476434254298,-20.260952042259817
-3,4,43,817/1299,STABLE,NONZERO_FIXED_POINT,-1.0606765769453528,-2.833012401088901,-20.75710127550093,-20.95848837004155
-3,4,44,154/249,STABLE,NONZERO_FIXED_POINT,-1.072922760116029,-2.9121370335031997,-21.485066121667728,-21.693744747927013
-3,4,45,2475/4073,STABLE,NONZERO_FIXED_POINT,-1.0852912991518906,-2.994667382348709,-22.249296226586466,-22.465635433402895
-3,4,46,207/347,STABLE,NONZERO_FIXED_POINT,-1.0977852723456358,-3.0805206420692457,-23.048843800629186,-23.273202929963105
-3,4,47,2491/4257,STABLE,NONZERO_FIXED_POINT,-1.1104082991010742,-3.169625833068821,-23.882882720885505,-24.115612643526163
-3,4,48,39/68,STABLE,NONZERO_FIXED_POINT,-1.1231645323031216,-3.261923300589004,-24.75070404908385,-24.9921483547636
-3,4,49,833/1483,STABLE,NONZERO_FIXED_POINT,-1.1360586564159707,-3.3573643064160805,-25.651712311305857,-25.902208460927454
-3,4,50,625/1137,STABLE,NONZERO_FIXED_POINT,-1.1490958910679723,-3.4559107085884335,-26.585422506082523,-26.8453029534262
-3,4,51,2499/4649,STABLE,NONZERO_FIXED_POINT,-1.162281999991075,-3.557534724940247,-27.55145781888035,-27.821051108937013
-3,4,52,52/99,STABLE,NONZERO_FIXED_POINT,-1.1756233052855816,-3.6622187771852452,-28.5495480316863,-28.829179882649044
-3,4,53,2491/4857,STABLE,NONZERO_FIXED_POINT,-1.189126707080991,-3.769955413277785,-29.579528626722777,-29.86952300265932
-3,4,54,621/1241,STABLE,NONZERO_FIXED_POINT,-1.2027997087637914,-3.8807473069575096,-30.64134059360174,-30.94202077492389
-3,4,55,825/1691,STABLE,NONZERO_FIXED_POINT,-1.2166504480462734,-3.9946073346657727,-31.735030959772246,-32.04672061882002
-3,4,56,77/162,STABLE,NONZERO_FIXED_POINT,-1.2306877342600249,-4.111558731409076,-32.86075407525806,-33.18377836462821
-3,4,57,2451/5297,STABLE,NONZERO_FIXED_POINT,-1.244921092377055,-4.231635328639747,-34.01877369476654,-34.35346035645006
-3,4,58,203/451,STABLE,NONZERO_FIXED_POINT,-1.2593608143943964,-4.354881878844203,-35.20946591366058,-35.556146417625314
-3,4,59,2419/5529,STABLE,NONZERO_FIXED_POINT,-1.2740180188689205,-4.481354473305522,-36.4333230294701,-36.792333751046954
-3,4,60,150/353,STABLE,NONZERO_FIXED_POINT,-1.2889047195631846,-4.611121061484731,-37.69095841809721,-38.06264186442931
-3,4,61,793/1923,STABLE,NONZERO_FIXED_POINT,-1.3040339043669995,-4.744262082704786,-38.983112534274824,-39.36781863119569
-3,4,62,589/1473,STABLE,NONZERO_FIXED_POINT,-1.3194196259006326,-4.880871223401634,-40.31066016994902,-40.70874762200452
-3,4,63,2331/6017,STABLE,NONZERO_FIXED_POINT,-1.335077105493971,-5.021056316227877,-41.674619133038846,-42.08645687100989
-3,4,64,3/8,STABLE,NONZERO_FIXED_POINT,-1.3510228525841246,-5.1649404008832445,-43.07616054370429,-43.50212927597657
-3,4,65,2275/6273,STABLE,NONZERO_FIXED_POINT,-1.367274801997155,-5.312662970863052,-44.516620987371596,-44.95711487391583
-3,4,66,561/1601,STABLE,NONZERO_FIXED_POINT,-1.3838524720983276,-5.464381435566622,-45.99751681532672,-46.45294528598987
-3,4,67,737/2179,STABLE,NONZERO_FIXED_POINT,-1.4007771474352992,-5.620272833656863,-47.52056094726237,-47.99135068964961
-3,4,68,136/417,STABLE,NONZERO_FIXED_POINT,-1.4180720902942934,-5.780535841553295,-49.08768260912851,-49.57427975573199
-3,4,69,2139/6809,STABLE,NONZERO_FIXED_POINT,-1.4357627865849842,-5.945393130925353,-50.70105053841456,-51.203923088021384
-3,4,70,175/579,STABLE,NONZERO_FIXED_POINT,-1.4538772327253486,-6.115094141625953,-52.36310031347608,-52.88274082851723
-3,4,71,2059/7089,STABLE,NONZERO_FIXED_POINT,-1.4724462717922258,-6.289918352466117,-54.07656662156677,-54.61349525130083
-3,4,72,63/226,STABLE,NONZERO_FIXED_POINT,-1.4915039892446025,-6.470179152654424,-55.84452148250176,-56.39928937219557
-3,4,73,657/2459,STABLE,NONZERO_FIXED_POINT,-1.5110881811608623,-6.65622844307682,-57.670419705844154,-58.243612865023124
-3,4,74,481/1881,STABLE,NONZERO_FIXED_POINT,-1.5312409113604222,-6.848462130891697,-59.55815319916775,-60.150396918344256
-3,4,75,1875/7673,STABLE,NONZERO_FIXED_POINT,-1.5520091782852354,-7.0473267259731145,-61.512116191111204,-62.124080117248184
-3,4,76,38/163,STABLE,NONZERO_FIXED_POINT,-1.5734457184934492,-7.253327307509586,-63.537284024801494,-64.16968803258865
-3,4,77,1771/7977,STABLE,NONZERO_FIXED_POINT,-1.5956099816304672,-7.46703720920312,-65.63930897066246,-66.29293000152359
-3,4,78,429/2033,STABLE,NONZERO_FIXED_POINT,-1.6185693226077191,-7.689109880169674,-67.82463758339998,-68.5003176698533
-3,4,79,553/2763,STABLE,NONZERO_FIXED_POINT,-1.6424004716319303,-7.920293527775755,-70.10065560444497,-70.7993113580568
-3,4,80,25/132,STABLE,NONZERO_FIXED_POINT,-1.6671913634681719,-8.161449356057112,-72.47586846456099,-73.1985023870948
-3,4,81,1539/8609,STABLE,NONZERO_FIXED_POINT,-1.6930434365826752,-8.413574506000444,-74.96012833846396,-75.70784242645038
-3,4,82,123/731,STABLE,NONZERO_FIXED_POINT,-1.7200745547508145,-8.677831223371655,-77.56492285542674,-78.3389351209452
-3,4,83,1411/8937,STABLE,NONZERO_FIXED_POINT,-1.7484227648658468,-8.955584391282962,-80.30374662381593,-81.10541136799623
-3,4,84,84/569,STABLE,NONZERO_FIXED_POINT,-1.778251195548929,-9.248450473348683,-83.19258572324765,-84.02341870358083
-3,4,85,425/3091,STABLE,NONZERO_FIXED_POINT,-1.8097545390419025,-9.55836229209747,-86.25055896837398,-87.1122690433869
-3,4,86,301/2361,STABLE,NONZERO_FIXED_POINT,-1.8431677730343683,-9.887656209015411,-89.50078095122632,-90.3953104427112
-3,4,87,1131/9617,STABLE,NONZERO_FIXED_POINT,-1.8787781205733456,-10.23919168757115,-92.97154567733378,-93.9011226884544
-3,4,88,11/102,STABLE,NONZERO_FIXED_POINT,-1.9169418070736448,-10.616518829278494,-96.69798513701762,-97.66519262362131
-3,4,89,979/9969,STABLE,NONZERO_FIXED_POINT,-1.9581081261761248,-11.024119000149717,-100.72445147352977,-101.73232037772505
-3,4,90,225/2537,STABLE,NONZERO_FIXED_POINT,-2.002855008514967,-11.467760488039794,-105.10803795886403,-106.1601759079744
-3,4,91,273/3443,STABLE,NONZERO_FIXED_POINT,-2.0519433950657273,-11.955042207492987,-109.92396164158208,-111.02473601724608
-3,4,92,46/657,STABLE,NONZERO_FIXED_POINT,-2.1064037707772663,-12.496259009024293,-115.27412988018486,-116.42893741806304
-3,4,93,651/10697,STABLE,NONZERO_FIXED_POINT,-2.167680785181279,-13.105847859679386,-121.30145750368195,-122.5171385109179
-3,4,94,47/907,STABLE,NONZERO_FIXED_POINT,-2.2378901115350764,-13.80495641034151,-128.21529560241112,-129.50080503153552
-3,4,95,475/11073,STABLE,NONZERO_FIXED_POINT,-2.320311616827384,-14.626374673000377,-136.34025510885073,-137.70782679914117
-3,4,96,3/88,STABLE,NONZERO_FIXED_POINT,-2.420439862777922,-15.625040009213516,-146.22020616052856,-147.68756757795904
-3,4,97,97/3819,STABLE,NONZERO_FIXED_POINT,-2.548575055032936,-16.903946601707744,-158.87478184723722,-160.46995977134432
-3,4,98,49/2913,STABLE,NONZERO_FIXED_POINT,-2.7278412391697486,-18.69432739518372,-176.5931794045084,-178.36732380910755
-3,4,99,99/11849,STABLE,NONZERO_FIXED_POINT,-3.0320248737106645,-21.734039808261727,-206.68017874246902,-208.75822524734772
-3,4,100,0,STABLE,NONZERO_FIXED_POINT,,,,
-2,-4,1,99/17,UNSTABLE,SINGULAR_BOUNDARY_LIMIT,0.03364836930096082,0.11950451555249231,0.1195045032291091,0.1195045032291091
-2,-4,2,49/5,UNSTABLE,SINGULAR_BOUNDARY_LIMIT,0.04193566645242264,0.11755710183290802,0.11755710173380862,0.11755710173383704
-2,-4,3,291/25,UNSTABLE,SINGULAR_BOUNDARY_LIMIT,0.0573611695338343,0.14237328586045095,0.14237328583652697,0.14237328583652697
-2,-4,4,12,UNSTABLE,SINGULAR_BOUNDARY_LIMIT,0.07384784681296352,0.17306794232069578,0.17306794229908462,0.17306794229908462
-2,-4,5,475/41,UNSTABLE,SINGULAR_BOUNDARY_LIMIT,0.09071310656784348,0.2058504446528815,0.2058504446177949,0.20585044461785174
-2,-4,6,141/13,UNSTABLE,SINGULAR_BOUNDARY_LIMIT,0.10784629958217096,0.23956959299956537,0.23956959292547708,0.23956959292547708
-2,-4,7,651/65,UNSTABLE,SINGULAR_BOUNDARY_LIMIT,0.12526353628655862,0.273805539848766,0.27380553967407195,0.27380553967407195
-2,-4,8,46/5,UNSTABLE,SINGULAR_BOUNDARY_LIMIT,0.14302319664548868,0.3084094726940023,0.308409472267698,0.308409472267698
-2,-4,9,819/97,UNSTABLE,SINGULAR_BOUNDARY_LIMIT,0.11005140879517228,0.2922018901105261,0.2922018890728282,0.2922018890728282
-2,-4,10,225/29,UNSTABLE,SINGULAR_BOUNDARY_LIMIT,0.08298842555535835,0.2817676622166587,0.2817676597421723,0.2817676597421723
-2,-4,11,979/137,UNSTABLE,SINGULAR_BOUNDARY_LIMIT,0.06090975958021794,0.2761537602075279,0.2761537544739099,0.2761537544739099
-2,-4,12,33/5,UNSTABLE,SINGULAR_BOUNDARY_LIMIT,0.04317477416639193,0.2747061591712381,0.2747061463002751,0.2747061463002751
-2,-4,13,1131/185,UNSTABLE,SINGULAR_BOUNDARY_LIMIT,0.029342816449357656,0.27697971672891697,0.27697968874656453,0.2769796887466214
-2,-4,14,301/53,UNSTABLE,SINGULAR_BOUNDARY_LIMIT,0.019122756168224342,0.2826841799327582,0.28268412095462736,0.28268412095462736
-2,-4,15,1275/241,UNSTABLE,SINGULAR_BOUNDARY_LIMIT,0.012342753723185496,0.2916518736199052,0.29165175290518164,0.29165175290518164
-2,-4,16,84/17,UNSTABLE,SINGULAR_BOUNDARY_LIMIT,0.008933388368514983,0.30381956453719283,0.3038193241369811,0.3038193241369527
-2,-4,17,1411/305,UNSTABLE,SINGULAR_BOUNDARY_LIMIT,0.008920677078535277,0.31922069531385944,0.3192202285627559,0.31922022856269905
-2,-4,18,369/85,UNSTABLE,SINGULAR_BOUNDARY_LIMIT,0.012427621755509932,0.3379864406033377,0.3379855553611151,0.3379855553611151
-2,-4,19,1539/377,UNSTABLE,SINGULAR_BOUNDARY_LIMIT,0.019684559529389745,0.3603557553828196,0.36035411225458347,0.36035411225458347
-2,-4,20,50/13,UNSTABLE,SINGULAR_BOUNDARY_LIMIT,0.03105031901865729,0.38669635919823975,0.38669336923950937,0.38669336923950937
-2,-4,21,1659/457,UNSTABLE,SINGULAR_BOUNDARY_LIMIT,0.04704861427256901,0.4175410570358835,0.41753571462089667,0.41753571462089667
-2,-4,22,429/125,UNSTABLE,SINGULAR_BOUNDARY_LIMIT,0.06842824514420975,0.4536479539441558,0.45363856695161076,0.45363856695161076
-2,-4,23,1771/545,UNSTABLE,SINGULAR_BOUNDARY_LIMIT,0.09626361730413535,0.49610108099412287,0.49608483987299223,0.49608483987299223
-2,-4,24,114/37,UNSTABLE,SINGULAR_BOUNDARY_LIMIT,0.1321288242995866,0.5464846955244766,0.5464569916127857,0.5464569916127573
-2,-4,25,1875/641,UNSTABLE,SINGULAR_BOUNDARY_LIMIT,0.17841718797386896,0.6072031919148486,0.6071565483473478,0.6071565483473478
-2,-4,26,481/173,UNSTABLE,SINGULAR_BOUNDARY_LIMIT,0.23897789195917873,0.6821183234803101,0.682040731335519,0.682040731335519
-2,-4,27,1971/745,UNSTABLE,SINGULAR_BOUNDARY_LIMIT,0.3205385094740585,0.7779726393856095,0.7778449857657961,0.7778449857658529
-2,-4,28,63/25,UNSTABLE,SINGULAR_BOUNDARY_LIMIT,0.43646624333547024,0.9081521108016588,0.907944226960808,0.9079442269608364
-2,-4,29,2059/857,UNSTABLE,SINGULAR_BOUNDARY_LIMIT,0.6198582056832223,1.1057785095122625,1.1054431298620102,1.105443129862067
-2,-4,30,525/229,UNSTABLE,SINGULAR_BOUNDARY_LIMIT,1.0050028131078754,1.5051739691135282,1.5046375363938864,1.5046375363938864
-2,-4,31,2139/977,UNSTABLE,SINGULAR_BOUNDARY_LIMIT,1.2343707406772797,1.7488567062027798,1.7480054234404747,1.7480054234404179
-2,-4,32,136/65,UNSTABLE,SINGULAR_BOUNDARY_LIMIT,0.6333967843176893,1.1623300597836206,1.1609887803684273,1.1609887803684273
-2,-4,33,2211/1105,UNSTABLE,SINGULAR_BOUNDARY_LIMIT,0.3713446873208426,0.914958142323492,0.9128584515112834,0.9128584515112266
-2,-4,34,561/293,UNSTABLE,SINGULAR_BOUNDARY_LIMIT,0.19544697671089395,0.7541220723472719,0.7508539891138071,0.7508539891138639
-2,-4,35,2275/1241,UNSTABLE,SINGULAR_BOUNDARY_LIMIT,0.05994475595687909,0.6342847959117748,0.6292234630770395,0.6292234630770963
-2,-4,36,72/41,UNSTABLE,SINGULAR_BOUNDARY_LIMIT,-0.052014147352117845,0.5389279222495418,0.5311216260387539,0.5311216260387539
-2,-4,37,2331/1385,UNSTABLE,SINGULAR_BOUNDARY_LIMIT,-0.14854160425853102,0.4604462608495581,0.4484435083687117,0.4484435083687117
-2,-4,38,589/365,UNSTABLE,SINGULAR_BOUNDARY_LIMIT,-0.234176354853723,0.3950794642115767,0.3766572658448126,0.3766572658448126
-2,-4,39,2379/1537,UNSTABLE,SINGULAR_BOUNDARY_LIMIT,-0.31171988872257117,0.34124297504876466,0.31296831768310085,0.3129683176831577
-2,-4,40,150/101,UNSTABLE,SINGULAR_BOUNDARY_LIMIT,-0.38302625025020376,0.29903649097728646,0.2555295601459875,0.2555295601459875
-2,-4,41,2419/1697,UNSTABLE,SINGULAR_BOUNDARY_LIMIT,-0.4493884212984547,0.2704350946150669,0.20305500329988035,0.2030550032999372
-2,-4,42,609/445,UNSTABLE,SINGULAR_BOUNDARY_LIMIT,-0.5117458182093593,0.26033158577372006,0.1546122940629857,0.15461229406315624
-2,-4,43,2451/1865,UNSTABLE,SINGULAR_BOUNDARY_LIMIT,-0.5708039371879678,0.27959374839313966,0.10950309160114102,0.10950309160796223
-2,-4,44,77/61,UNSTABLE,SINGULAR_BOUNDARY_LIMIT,-0.6271073343870714,0.35540326262566424,0.0671901086978437,0.06719010907249867
-2,-4,45,2475/2041,UNSTABLE,SINGULAR_BOUNDARY_LIMIT,-0.6810862232327448,0.5874157942701643,0.02725052698150421,0.02725054725578957
-2,-4,46,621/533,UNSTABLE,SINGULAR_BOUNDARY_LIMIT,-0.7224325486901684,1.0903138404131099,-5.824638833473728e-07,4.999253633286571e-07
-2,-4,47,2491/2225,UNSTABLE,SINGULAR_BOUNDARY_LIMIT,-0.7365925566457765,0.21366576002272808,-3.0205464668142668e-05,2.698176791682272e-05
-2,-4,48,156/145,UNSTABLE,SINGULAR_BOUNDARY_LIMIT,-0.7508247486877995,-0.14603380532694388,-0.0015517702341014683,0.0014473394700189601
-2,-4,49,2499/2417,UNSTABLE,SINGULAR_BOUNDARY_LIMIT,-0.7651373291469046,-0.4102542118916901,-0.07311996535980825,0.08478569138208059
-2,-4,50,625/629,STABLE,NONZERO_FIXED_POINT,-0.7795387738702857,-0.6350631846594439,-1.0161550776666104,-0.9262917667930424
-2,-4,51,2499/2617,STABLE,NONZERO_FIXED_POINT,-0.7940378632889189,-0.839622382181993,-2.682540109904892,-2.700810504395406
-2,-4,52,78/85,STABLE,NONZERO_FIXED_POINT,-0.8086437182139221,-1.0327125627873315,-4.3931134457547785,-4.430404082240017
-2,-4,53,2491/2825,STABLE,NONZERO_FIXED_POINT,-0.8233658387526308,-1.21902523114575,-6.107872239140704,-6.162516326261539
-2,-4,54,621/733,STABLE,NONZERO_FIXED_POINT,-0.8382141467909499,-1.4013167803999025,-7.82732206200393,-7.899334424529229
-2,-4,55,2475/3041,STABLE,NONZERO_FIXED_POINT,-0.8531990325541301,-1.581317030736841,-9.552827091838367,-9.642268308492362
-2,-4,56,154/197,STABLE,NONZERO_FIXED_POINT,-0.8683314058359741,-1.7601689040914295,-11.28579833915947,-11.392743844480577
-2,-4,57,2451/3265,STABLE,NONZERO_FIXED_POINT,-0.8836227525785354,-1.93866285390515,-13.02768483268494,-13.152224707043842
-2,-4,58,609/845,STABLE,NONZERO_FIXED_POINT,-0.8990851975941805,-2.11737097760615,-14.779980910272684,-14.922220326589525
-2,-4,59,2419/3497,STABLE,NONZERO_FIXED_POINT,-0.9147315743528193,-2.2967278306786056,-16.544234393388876,-16.704294157336278
-2,-4,60,75/113,STABLE,NONZERO_FIXED_POINT,-0.9305755029142349,-2.4770810648516317,-18.322055467416163,-18.500072647507892
-2,-4,61,2379/3737,STABLE,NONZERO_FIXED_POINT,-0.946631477274547,-2.658724146408346,-20.11512639794813,-20.311255053760533
-2,-4,62,589/965,STABLE,NONZERO_FIXED_POINT,-0.9629149636243746,-2.8419180578332046,-21.92521224030702,-22.139624258863705
-2,-4,63,2331/3985,STABLE,NONZERO_FIXED_POINT,-0.9794425112938114,-3.0269060661023985,-23.754172726139245,-23.987058778350786
-2,-4,64,144/257,STABLE,NONZERO_FIXED_POINT,-0.9962318784978077,-3.213924069504756,-25.603975543610545,-25.85554617484661
-2,-4,65,2275/4241,STABLE,NONZERO_FIXED_POINT,-1.0133021754106277,-3.403208118155163,-27.47671126805693,-27.747198139523505
-2,-4,66,561/1093,STABLE,NONZERO_FIXED_POINT,-1.0306740276094235,-3.5950001492033365,-29.374610249915293,-29.664267550608827
-2,-4,67,2211/4505,STABLE,NONZERO_FIXED_POINT,-1.0483697635608138,-3.7895526341875225,-31.30006182891077,-31.609167881647124
-2,-4,68,68/145,STABLE,NONZERO_FIXED_POINT,-1.0664136306143988,-3.9871326199773094,-33.255636321168936,-33.58449541069763
-2,-4,69,2139/4777,STABLE,NONZERO_FIXED_POINT,-1.08483204495802,-4.188025508934594,-35.24411032355465,-35.59305478026647
-2,-4,70,525/1229,STABLE,NONZERO_FIXED_POINT,-1.1036538822408737,-4.392538840410488,-37.26849600299363,-37.63788858247409
-2,-4,71,2059/5057,STABLE,NONZERO_FIXED_POINT,-1.1229108171613866,-4.601006287761777,-39.33207519565366,-39.72231180266817
-2,-4,72,126/325,STABLE,NONZERO_FIXED_POINT,-1.1426377223546034,-4.813792062730968,-41.438439342285164,-41.84995215814652
-2,-4,73,1971/5345,STABLE,NONZERO_FIXED_POINT,-1.1628731395453933,-5.031295916634505,-43.59153654622793,-44.0247976314933
-2,-4,74,481/1373,STABLE,NONZERO_FIXED_POINT,-1.1836598393601587,-5.253958942710803,-45.79572737955999,-46.25125284042292
-2,-4,75,1875/5641,STABLE,NONZERO_FIXED_POINT,-1.2050454906927115,-5.482270415929463,-48.055851508400224,-48.534206336061914
-2,-4,76,57/181,STABLE,NONZERO_FIXED_POINT,-1.2270834664946264,-5.716775957464613,-50.37730779966671,-50.879111518863425
-2,-4,77,1771/5945,STABLE,NONZERO_FIXED_POINT,-1.2498338208716504,-5.958087385160738,-52.766151364509255,-53.29208466227391
-2,-4,78,429/1525,STABLE,NONZERO_FIXED_POINT,-1.2733644832311644,-6.206894715901008,-55.2292120689354,-55.780024620433494
-2,-4,79,1659/6257,STABLE,NONZERO_FIXED_POINT,-1.2977527301367395,-6.463980932158975,-57.774240518202134,-58.35076028715525
-2,-4,80,100/401,STABLE,NONZERO_FIXED_POINT,-1.323087016265145,-6.730240330552178,-60.41008957457305,-61.01323394719324
-2,-4,81,1539/6577,STABLE,NONZERO_FIXED_POINT,-1.349469275122562,-7.006701561580812,-63.14694236481745,-63.77773158684522
-2,-4,82,369/1685,STABLE,NONZERO_FIXED_POINT,-1.3770178421153698,-7.2945568882751886,-65.99660188561438,-66.6561754246627
-2,-4,83,1411/6905,STABLE,NONZERO_FIXED_POINT,-1.4058712137199958,-7.595199802399236,-68.97286336869638,-69.66250003785666
-2,-4,84,42/221,STABLE,NONZERO_FIXED_POINT,-1.4361929473604427,-7.9102740451164095,-72.09199956301774,-72.81314254630496
-2,-4,85,1275/7241,STABLE,NONZERO_FIXED_POINT,-1.4681781444824988,-8.241738457571145,-75.37340274130293,-76.12769110401354
-2,-4,86,301/1853,STABLE,NONZERO_FIXED_POINT,-1.5020621734827397,-8.591954228358944,-78.84044844100009,-79.62975736472515
-2,-4,87,1131/7585,STABLE,NONZERO_FIXED_POINT,-1.538132630646908,-8.963804519706542,-82.52167975773779,-83.34817273793504
-2,-4,88,66/485,STABLE,NONZERO_FIXED_POINT,-1.5767460981212977,-9.360862062798084,-86.45246653536245,-87.31866433842282
-2,-4,89,979/7937,STABLE,NONZERO_FIXED_POINT,-1.6183522106694994,-9.787629839917003,-90.67738811671012,-91.58626180521264
-2,-4,90,225/2029,STABLE,NONZERO_FIXED_POINT,-1.6635292252802998,-10.249896794174894,-95.25375486825584,-96.20885439717784
-2,-4,91,819/8297,STABLE,NONZERO_FIXED_POINT,-1.7130383953027994,-10.755281583674801,-100.25699134513411,-101.26262853346498
-2,-4,92,23/265,STABLE,NONZERO_FIXED_POINT,-1.767910504815763,-11.314097937252178,-105.78920331206444,-106.85072134998367
-2,-4,93,651/8665,STABLE,NONZERO_FIXED_POINT,-1.82959048992854,-11.94080087882682,-111.99349536370255,-113.11768294218427
-2,-4,94,141/2213,STABLE,NONZERO_FIXED_POINT,-1.9001942985725293,-12.65655533600728,-119.0794001492045,-120.27516245047636
-2,-4,95,475/9041,STABLE,NONZERO_FIXED_POINT,-1.9830020611159505,-13.494167856321852,-127.37170236237046,-128.65122522198897
-2,-4,96,24/577,STABLE,NONZERO_FIXED_POINT,-2.083508591935546,-14.50859163245352,-137.4144384909807,-138.7954030624248
-2,-4,97,291/9425,STABLE,NONZERO_FIXED_POINT,-2.2120143391498956,-15.80283600856258,-150.22740092894372,-151.7377892988357
-2,-4,98,49/2405,STABLE,NONZERO_FIXED_POINT,-2.3916435811298324,-17.608148453886734,-168.09993951452574,-169.79085851520708
-2,-4,99,99/9817,STABLE,NONZERO_FIXED_POINT,-2.69618299998843,-20.662400305674588,-198.33698038501058,-200.33332398140763
-2,-4,100,0,STABLE,NONZERO_FIXED_POINT,,,,
-2,-3,1,3,UNSTABLE,SINGULAR_BOUNDARY_LIMIT,0.07695978605366705,0.21894039363016482,0.21893186196074055,0.21893186196074055
-2,-3,2,49/9,UNSTABLE,SINGULAR_BOUNDARY_LIMIT,0.0562164428661287,0.16287214064959699,0.16287211188748074,0.16287211188750916
-2,-3,3,291/41,UNSTABLE,SINGULAR_BOUNDARY_LIMIT,0.06655804527804499,0.17302116530593992,0.17302116266637313,0.17302116266637313
-2,-3,4,8,UNSTABLE,SINGULAR_BOUNDARY_LIMIT,0.08133935205136389,0.1969498647125647,0.19694986372566348,0.19694986372566348
-2,-3,5,25/3,UNSTABLE,SINGULAR_BOUNDARY_LIMIT,0.09748945870028969,0.22588872818894856,0.22588872741809496,0.22588872741809496
-2,-3,6,141/17,UNSTABLE,SINGULAR_BOUNDARY_LIMIT,0.11431120367834957,0.2571708640503019,0.25717086313960635,0.25717086313960635
-2,-3,7,217/27,UNSTABLE,SINGULAR_BOUNDARY_LIMIT,0.13161954743729964,0.2897596109388303,0.28975960957538405,0.2897596095753556
-2,-3,8,23/3,UNSTABLE,SINGULAR_BOUNDARY_LIMIT,0.14938931122176413,0.3232087567166744,0.3232087543808291,0.3232087543808291
-2,-3,9,819/113,UNSTABLE,SINGULAR_BOUNDARY_LIMIT,0.11650769824144014,0.3061786215147819,0.30617861720520523,0.30617861720520523
-2,-3,10,75/11,UNSTABLE,SINGULAR_BOUNDARY_LIMIT,0.08959583846977814,0.29516107025573035,0.29516106199986325,0.29516106199989167
-2,-3,11,979/153,UNSTABLE,SINGULAR_BOUNDARY_LIMIT,0.06772011515474041,0.2891463583616627,0.2891463422991478,0.289146342299091
-2,-3,12,6,UNSTABLE,SINGULAR_BOUNDARY_LIMIT,0.05023648228092448,0.2874450186219235,0.28744498730648615,0.28744498730648615
-2,-3,13,377/67,UNSTABLE,SINGULAR_BOUNDARY_LIMIT,0.03670465214928065,0.28958992068844935,0.28958986000287723,0.28958986000287723
-2,-3,14,301/57,UNSTABLE,SINGULAR_BOUNDARY_LIMIT,0.026836799486941842,0.29527804523345935,0.2952779288914371,0.2952779288914371
-2,-3,15,1275/257,UNSTABLE,SINGULAR_BOUNDARY_LIMIT,0.02046711512407029,0.3043358983771185,0.30433567830658603,0.3043356783066429
-2,-3,16,14/3,UNSTABLE,SINGULAR_BOUNDARY_LIMIT,0.017535153840833928,0.316700297778425,0.3166998875885838,0.3166998875885554
-2,-3,17,1411/321,UNSTABLE,SINGULAR_BOUNDARY_LIMIT,0.018079476984841136,0.3324103856324143,0.33240963263767753,0.33240963263767753
-2,-3,18,369/89,UNSTABLE,SINGULAR_BOUNDARY_LIMIT,0.022240311561976256,0.3516092317483057,0.3516078703143535,0.3516078703143535
-2,-3,19,513/131,UNSTABLE,SINGULAR_BOUNDARY_LIMIT,0.0302717138943418,0.37455530918867197,0.3745528839564827,0.3745528839564827
-2,-3,20,100/27,UNSTABLE,SINGULAR_BOUNDARY_LIMIT,0.042565656480036296,0.40164614147699496,0.4016418825393089,0.4016418825393089
-2,-3,21,1659/473,UNSTABLE,SINGULAR_BOUNDARY_LIMIT,0.05969325919489421,0.4334592743504331,0.4334518965346206,0.4334518965346206
-2,-3,22,143/43,UNSTABLE,SINGULAR_BOUNDARY_LIMIT,0.0824732803527688,0.4708206530408745,0.4708080363693057,0.47080803636927726
-2,-3,23,161/51,UNSTABLE,SINGULAR_BOUNDARY_LIMIT,0.11208758615598313,0.5149201141760429,0.5148987997564234,0.5148987997564234
-2,-3,24,3,UNSTABLE,SINGULAR_BOUNDARY_LIMIT,0.15028399544939575,0.5675144021786327,0.5674788034141756,0.5674788034141613
-2,-3,25,625/219,UNSTABLE,SINGULAR_BOUNDARY_LIMIT,0.19975595550988245,0.631307203005349,0.6312483804554176,0.6312483804554745
-2,-3,26,481/177,UNSTABLE,SINGULAR_BOUNDARY_LIMIT,0.2649194457405084,0.7107266593217645,0.7106304304065247,0.7106304304065247
-2,-3,27,1971/761,UNSTABLE,SINGULAR_BOUNDARY_LIMIT,0.3537160886364248,0.8137294547660687,0.813573494329205,0.8135734943292618
-2,-3,28,42/17,UNSTABLE,SINGULAR_BOUNDARY_LIMIT,0.48266812599189635,0.9568572922434413,0.9566067081649123,0.9566067081648839
-2,-3,29,2059/873,UNSTABLE,SINGULAR_BOUNDARY_LIMIT,0.696445787148555,1.1848065460337125,1.1844071576505257,1.1844071576505826
-2,-3,30,525/233,UNSTABLE,SINGULAR_BOUNDARY_LIMIT,1.2356191291121128,1.7381835485956074,1.737551712160382,1.737551712160439
-2,-3,31,713/331,UNSTABLE,SINGULAR_BOUNDARY_LIMIT,0.9955252804715933,1.5123770184109588,1.5113842676201443,1.5113842676201443
-2,-3,32,68/33,UNSTABLE,SINGULAR_BOUNDARY_LIMIT,0.5568327411051754,1.088130151847217,1.0865800491820323,1.0865800491820323
-2,-3,33,2211/1121,UNSTABLE,SINGULAR_BOUNDARY_LIMIT,0.32578383054985416,0.8717948073560962,0.8693880655968087,0.8693880655967519
-2,-3,34,17/9,UNSTABLE,SINGULAR_BOUNDARY_LIMIT,0.16308171111279357,0.7242362912104383,0.7205181406754662,0.7205181406754377
-2,-3,35,2275/1257,UNSTABLE,SINGULAR_BOUNDARY_LIMIT,0.03488846244141541,0.6118585524769387,0.6061389980654326,0.6061389980654326
-2,-3,36,144/83,UNSTABLE,SINGULAR_BOUNDARY_LIMIT,-0.07242787789251004,0.5213932122345071,0.5126253135441061,0.5126253135441061
-2,-3,37,777/467,UNSTABLE,SINGULAR_BOUNDARY_LIMIT,-0.16574571727773346,0.4465135503457276,0.43310532510236044,0.43310532510236044
-2,-3,38,589/369,UNSTABLE,SINGULAR_BOUNDARY_LIMIT,-0.2490295095400583,0.3841031485452433,0.36362124553295416,0.3636212455328973
-2,-3,39,2379/1553,UNSTABLE,SINGULAR_BOUNDARY_LIMIT,-0.3247771651642868,0.3329928568846725,0.3016818672703607,0.30168186727041757
-2,-3,40,25/17,UNSTABLE,SINGULAR_BOUNDARY_LIMIT,-0.3946671581225756,0.29364754378577373,0.24561547157412633,0.24561547157412633
-2,-3,41,2419/1713,UNSTABLE,SINGULAR_BOUNDARY_LIMIT,-0.4598838704421766,0.2684987382883648,0.19424450091338485,0.19424450091338485
-2,-3,42,609/449,UNSTABLE,SINGULAR_BOUNDARY_LIMIT,-0.5212959371512227,0.2632263614962369,0.1467072319436511,0.14670723194399216
-2,-3,43,43/33,UNSTABLE,SINGULAR_BOUNDARY_LIMIT,-0.579560748164865,0.29050690961631176,0.10235329256155978,0.1023532925774191
-2,-3,44,154/123,UNSTABLE,SINGULAR_BOUNDARY_LIMIT,-0.6351890220443153,0.3834108091169455,0.06067910778153873,0.06067910862213921
-2,-3,45,225/187,UNSTABLE,SINGULAR_BOUNDARY_LIMIT,-0.6885864786405964,0.6805816285212742,0.021286226633890237,0.021286270561347465
-2,-3,46,207/179,UNSTABLE,SINGULAR_BOUNDARY_LIMIT,-0.7239352992618748,0.7920173757395901,-1.2171259697879577e-06,1.0524933031774708e-06
-2,-3,47,2491/2241,UNSTABLE,SINGULAR_BOUNDARY_LIMIT,-0.7380634961786185,0.13912733201529903,-6.121122606828067e-05,5.507536081950093e-05
-2,-3,48,78/73,UNSTABLE,SINGULAR_BOUNDARY_LIMIT,-0.7522651960511073,-0.1939950696563102,-0.003050308689580561,0.002874315663575544
-2,-3,49,833/811,UNSTABLE,SINGULAR_BOUNDARY_LIMIT,-0.7665485228561817,-0.44798316193045906,-0.13079454535602508,0.18187413392223561
-2,-3,50,625/633,STABLE,NONZERO_FIXED_POINT,-0.780921878484838,-0.667401226938054,-1.267717063649684,-1.2239510812509593
-2,-3,51,2499/2633,STABLE,NONZERO_FIXED_POINT,-0.7953939751851937,-0.8686218296830646,-2.943167008208036,-2.9648857027577264
-2,-3,52,52/57,STABLE,NONZERO_FIXED_POINT,-0.8099738708062691,-1.0594153005449556,-4.644304638332613,-4.684157312112546
-2,-3,53,2491/2841,STABLE,NONZERO_FIXED_POINT,-0.824671007223758,-1.2440212783829168,-6.349780112103133,-6.406877254019662
-2,-3,54,621/737,STABLE,NONZERO_FIXED_POINT,-0.8394952523863068,-1.42496620446817,-8.06044459365637,-8.134820474376227
-2,-3,55,825/1019,STABLE,NONZERO_FIXED_POINT,-0.8544569464875913,-1.6038524368515539,-9.777633627663477,-9.869353862988817
-2,-3,56,7/9,STABLE,NONZERO_FIXED_POINT,-0.8695669528482801,-1.7817479265021845,-11.502725567566713,-11.611870036989359
-2,-3,57,2451/3281,STABLE,NONZERO_FIXED_POINT,-0.8848367141849103,-1.9593970850901812,-13.23713945837784,-13.363802377511774
-2,-3,58,203/283,STABLE,NONZERO_FIXED_POINT,-0.9002783150531162,-2.1373427753613043,-14.982342176441847,-15.126632574052849
-2,-3,59,2419/3513,STABLE,NONZERO_FIXED_POINT,-0.9159045513843083,-2.316000464075472,-16.73985635606823,-16.90189863749839
-2,-3,60,150/227,STABLE,NONZERO_FIXED_POINT,-0.9317290081923666,-2.4957050148707083,-18.511269048012878,-18.691203646150313
-2,-3,61,793/1251,STABLE,NONZERO_FIXED_POINT,-0.9477661467166012,-2.6767411039235895,-20.298241238694402,-20.496225361070174
-2,-3,62,31/51,STABLE,NONZERO_FIXED_POINT,-0.9640314024960244,-2.8593635049274013,-22.10251838431634,-22.318726866579993
-2,-3,63,2331/4001,STABLE,NONZERO_FIXED_POINT,-0.980541296147873,-3.0438109682033385,-23.925942141072312,-24.160568418930723
-2,-3,64,24/43,STABLE,NONZERO_FIXED_POINT,-0.9973135589620954,-3.2303160010025103,-25.770463505641516,-26.023720719509498
-2,-3,65,2275/4257,STABLE,NONZERO_FIXED_POINT,-1.0143672758387865,-3.419112022861171,-27.638157620831407,-27.910279870015472
-2,-3,66,561/1097,STABLE,NONZERO_FIXED_POINT,-1.0317230486071516,-3.6104388631785156,-29.53124055145355,-29.82248431777208
-2,-3,67,67/137,STABLE,NONZERO_FIXED_POINT,-1.0494031833985886,-3.8045472525899555,-31.45208839790135,-31.762734162356935
-2,-3,68,136/291,STABLE,NONZERO_FIXED_POINT,-1.0674319065367026,-4.001702760636363,-33.403259192783906,-33.733613273399556
-2,-3,69,2139/4793,STABLE,NONZERO_FIXED_POINT,-1.0858356143980146,-4.2021895068936175,-35.38751812376944,-35.73791476818968
-2,-3,70,175/411,STABLE,NONZERO_FIXED_POINT,-1.1046431639486052,-4.4063138958035495,-37.40786674939159,-37.778670522581365
-2,-3,71,2059/5073,STABLE,NONZERO_FIXED_POINT,-1.1238862122528168,-4.61440858170544,-39.46757703181635,-39.85918554751572
-2,-3,72,63/163,STABLE,NONZERO_FIXED_POINT,-1.143599615288025,-4.826836850917687,-41.570231212096274,-41.983078267046636
-2,-3,73,657/1787,STABLE,NONZERO_FIXED_POINT,-1.1638218990311948,-5.043997607056333,-43.719768813741894,-44.1543279966877
-2,-3,74,481/1377,STABLE,NONZERO_FIXED_POINT,-1.184595819209303,-5.2663311618112445,-45.92054239948578,-46.37733126336889
-2,-3,75,1875/5657,STABLE,NONZERO_FIXED_POINT,-1.205969030608852,-5.494326066083303,-48.17738415172482,-48.65696905840156
-2,-3,76,38/121,STABLE,NONZERO_FIXED_POINT,-1.2279948928142463,-5.728527267765969,-50.49568593847434,-50.99868771217396
-2,-3,77,1771/5961,STABLE,NONZERO_FIXED_POINT,-1.2507334472563194,-5.9695459568921265,-52.881496319640405,-53.408596880279845
-2,-3,78,39/139,STABLE,NONZERO_FIXED_POINT,-1.2742526113155286,-6.2180715636536945,-55.341639023762525,-55.89358921699014
-2,-3,79,553/2091,STABLE,NONZERO_FIXED_POINT,-1.2986296501356467,-6.474886521306004,-57.88385890147225,-58.46148780298529
-2,-3,80,50/201,STABLE,NONZERO_FIXED_POINT,-1.3239530075429204,-6.740884611594751,-60.517003414980394,-61.121229468064854
-2,-3,81,81/347,STABLE,NONZERO_FIXED_POINT,-1.3503246067272556,-7.017094001765628,-63.25125061970681,-63.883095075618996
-2,-3,82,123/563,STABLE,NONZERO_FIXED_POINT,-1.3778627732805262,-7.304706500795554,-66.09839874599064,-66.75900202940261
-2,-3,83,1411/6921,STABLE,NONZERO_FIXED_POINT,-1.4067059943362725,-7.605115173433106,-69.07223854250469,-69.76288037799105
-2,-3,84,84/443,STABLE,NONZERO_FIXED_POINT,-1.4370178184192497,-7.919963358911602,-72.18903853847917,-72.91116297864033
-2,-3,85,425/2419,STABLE,NONZERO_FIXED_POINT,-1.4689933384936058,-8.251209519756422,-75.46818703192145,-76.22343397023297
-2,-3,86,301/1857,STABLE,NONZERO_FIXED_POINT,-1.502867914867668,-8.601214487635474,-78.93305581371175,-79.7233012218577
-2,-3,87,1131/7601,STABLE,NONZERO_FIXED_POINT,-1.5389291361097914,-8.97286108805573,-82.61218444553822,-83.43959257314515
-2,-3,88,11/81,STABLE,NONZERO_FIXED_POINT,-1.5775335769987109,-9.369721734326315,-86.54093943562948,-87.4080317693499
-2,-3,89,89/723,STABLE,NONZERO_FIXED_POINT,-1.619130865260697,-9.79629910844573,-90.76389697633118,-91.67364526698077
-2,-3,90,225/2033,STABLE,NONZERO_FIXED_POINT,-1.6642992511591608,-10.25838186967352,-95.33836445657164,-96.29431931709831
-2,-3,91,273/2771,STABLE,NONZERO_FIXED_POINT,-1.7137999816126595,-10.763588407625022,-100.33976361562384,-101.34623749436531
-2,-3,92,46/531,STABLE,NONZERO_FIXED_POINT,-1.7686638345482812,-11.322232197024356,-105.87019755361709,-106.93253424301699
-2,-3,93,651/8681,STABLE,NONZERO_FIXED_POINT,-1.8303357401876124,-11.948768021141902,-112.0727683422478,-113.19775710990064
-2,-3,94,47/739,STABLE,NONZERO_FIXED_POINT,-1.900931640824183,-12.664360579551499,-119.15700624041222,-120.35355282087133
-2,-3,95,475/9057,STABLE,NONZERO_FIXED_POINT,-1.9837316614251392,-13.50181620357587,-127.44769367606841,-128.72798443418628
-2,-3,96,12/289,STABLE,NONZERO_FIXED_POINT,-2.0842306111906304,-14.51608788079243,-137.4888649878866,-138.8705815845955
-2,-3,97,97/3147,STABLE,NONZERO_FIXED_POINT,-2.212728933275585,-15.810184760678773,-150.3003105302596,-151.81143553890658
-2,-3,98,49/2409,STABLE,NONZERO_FIXED_POINT,-2.392350901289282,-17.61535412758326,-168.1713782048981,-169.86301892486793
-2,-3,99,99/9833,STABLE,NONZERO_FIXED_POINT,-2.6968831927751733,-20.669467143072957,-198.4069923093204,-200.404043153885
-2,-3,100,0,STABLE,NONZERO_FIXED_POINT,,,,
-2,-2,1,99/65,UNSTABLE,SINGULAR_BOUNDARY_LIMIT,0.20361070209771448,0.4470290869900282,0.4398526948466497,0.4398526948466497
-2,-2,2,49/17,UNSTABLE,SINGULAR_BOUNDARY_LIMIT,0.10798321904154307,0.27076921094562323,0.2707548300418239,0.2707548300418523
-2,-2,3,291/73,UNSTABLE,SINGULAR_BOUNDARY_LIMIT,0.095257905637542,0.24168500807554238,0.24168432297085474,0.24168432297091158
-2,-2,4,24/5,UNSTABLE,SINGULAR_BOUNDARY_LIMIT,0.10241108676609922,0.24905596114749784,0.24905583218037464,0.24905583218037464
-2,-2,5,475/89,UNSTABLE,SINGULAR_BOUNDARY_LIMIT,0.11520557714601942,0.2689723700666491,0.26897231755208395,0.2689723175521408
-2,-2,6,141/25,UNSTABLE,SINGULAR_BOUNDARY_LIMIT,0.1303591372747146,0.29466983240730116,0.2946697978216264,0.29466979782159797
-2,-2,7,651/113,UNSTABLE,SINGULAR_BOUNDARY_LIMIT,0.14681919701561696,0.32354156786863797,0.3235415366709731,0.3235415366709731
-2,-2,8,23/4,UNSTABLE,SINGULAR_BOUNDARY_LIMIT,0.16420212153101676,0.3544120156153099,0.3544119808782682,0.3544119808782682
-2,-2,9,819/145,UNSTABLE,SINGULAR_BOUNDARY_LIMIT,0.13122643783366783,0.33555852293837773,0.33555847834628594,0.33555847834628594
-2,-2,10,225/41,UNSTABLE,SINGULAR_BOUNDARY_LIMIT,0.10442740796758265,0.3232546251903088,0.3232545621655163,0.3232545621655163
-2,-2,11,979/185,UNSTABLE,SINGULAR_BOUNDARY_LIMIT,0.08282637920637725,0.3163592548368328,0.3163591598123503,0.3163591598123503
-2,-2,12,66/13,UNSTABLE,SINGULAR_BOUNDARY_LIMIT,0.06575673364277179,0.31410175431467025,0.3141016047863161,0.3141016047862877
-2,-2,13,1131/233,UNSTABLE,SINGULAR_BOUNDARY_LIMIT,0.052769482577545546,0.31596507776485083,0.3159648359173275,0.3159648359173275
-2,-2,14,301/65,UNSTABLE,SINGULAR_BOUNDARY_LIMIT,0.043577918510090186,0.3216175044416758,0.32161710666508725,0.3216171066651441
-2,-2,15,75/17,UNSTABLE,SINGULAR_BOUNDARY_LIMIT,0.038025513417913714,0.33087272034016024,0.3308720600277013,0.3308720600277013
-2,-2,16,21/5,UNSTABLE,SINGULAR_BOUNDARY_LIMIT,0.03606912423286701,0.34366812599000696,0.3436670255174761,0.3436670255174761
-2,-2,17,1411/353,UNSTABLE,SINGULAR_BOUNDARY_LIMIT,0.03777372779433996,0.36005641109092323,0.36005457656165163,0.36005457656165163
-2,-2,18,369/97,UNSTABLE,SINGULAR_BOUNDARY_LIMIT,0.04331751551244878,0.38020856417413995,0.3802055129509654,0.38020551295090854
-2,-2,19,1539/425,UNSTABLE,SINGULAR_BOUNDARY_LIMIT,0.053008326567614006,0.40442891238355116,0.4044238580012234,0.4044238580012234
-2,-2,20,100/29,UNSTABLE,SINGULAR_BOUNDARY_LIMIT,0.06731488951990094,0.43318543409601773,0.4331771049224642,0.4331771049224642
-2,-2,21,1659/505,UNSTABLE,SINGULAR_BOUNDARY_LIMIT,0.08692017185312118,0.46716250965938855,0.4671488652728044,0.46714886527286126
-2,-2,22,429/137,UNSTABLE,SINGULAR_BOUNDARY_LIMIT,0.11281115058082136,0.5073503482075736,0.507328138848095,0.5073281388480382
-2,-2,23,1771/593,UNSTABLE,SINGULAR_BOUNDARY_LIMIT,0.14643369985066812,0.5551997529428547,0.5551638395733676,0.5551638395733676
-2,-2,24,57/20,UNSTABLE,SINGULAR_BOUNDARY_LIMIT,0.1899738005004208,0.6129034303081085,0.6128457413568924,0.6128457413568924
-2,-2,25,1875/689,UNSTABLE,SINGULAR_BOUNDARY_LIMIT,0.246908108531251,0.6839469137647356,0.6838548529782429,0.6838548529782429
-2,-2,26,13/5,UNSTABLE,SINGULAR_BOUNDARY_LIMIT,0.3232029746151728,0.7743082664803467,0.7741622948375522,0.774162294837538
-2,-2,27,1971/793,UNSTABLE,SINGULAR_BOUNDARY_LIMIT,0.4303627476621621,0.8955075180584444,0.8952774970476298,0.8952774970476867
-2,-2,28,126/53,UNSTABLE,SINGULAR_BOUNDARY_LIMIT,0.5953415055132485,1.0745201699501763,1.0741598523043194,1.0741598523043194
-2,-2,29,2059/905,UNSTABLE,SINGULAR_BOUNDARY_LIMIT,0.9127125152091864,1.405949364041149,1.4053881190493485,1.4053881190493485
-2,-2,30,525/241,UNSTABLE,SINGULAR_BOUNDARY_LIMIT,1.6084779066389991,2.1158396390922505,2.1149700536878413,2.1149700536878413
-2,-2,31,2139/1025,UNSTABLE,SINGULAR_BOUNDARY_LIMIT,0.7262617534000171,1.247876134501773,1.2465354619882874,1.2465354619882874
-2,-2,32,2,UNSTABLE,SINGULAR_BOUNDARY_LIMIT,0.43365556093857194,0.9697392535021292,0.9676816669947073,0.9676816669947073
-2,-2,33,2211/1153,UNSTABLE,SINGULAR_BOUNDARY_LIMIT,0.24590499027495305,0.7968051735038841,0.7936602197130469,0.7936602197130469
-2,-2,34,561/305,UNSTABLE,SINGULAR_BOUNDARY_LIMIT,0.10408040532369256,0.6703372438656601,0.6655474390549898,0.6655474390549898
-2,-2,35,2275/1289,UNSTABLE,SINGULAR_BOUNDARY_LIMIT,-0.011813449334550086,0.5706275462906589,0.5633540867487454,0.5633540867487454
-2,-2,36,144/85,UNSTABLE,SINGULAR_BOUNDARY_LIMIT,-0.1110224434677356,0.4888614870259005,0.4778403731156402,0.4778403731156402
-2,-2,37,2331/1433,UNSTABLE,SINGULAR_BOUNDARY_LIMIT,-0.19859476034272205,0.4206451750529041,0.40396426171815847,0.4039642617181016
-2,-2,38,589/377,UNSTABLE,SINGULAR_BOUNDARY_LIMIT,-0.2775949261967021,0.36392209535932096,0.3386674462132646,0.33866744621320777
-2,-2,39,2379/1585,UNSTABLE,SINGULAR_BOUNDARY_LIMIT,-0.3500266352384962,0.3182774318114667,0.2799525338493254,0.2799525338493254
-2,-2,40,75/52,UNSTABLE,SINGULAR_BOUNDARY_LIMIT,-0.41727434179558287,0.2849195922264087,0.2264414637394907,0.2264414637394907
-2,-2,41,2419/1745,UNSTABLE,SINGULAR_BOUNDARY_LIMIT,-0.48033654496937217,0.267314336939215,0.17714223437701548,0.17714223437712917
-2,-2,42,609/457,UNSTABLE,SINGULAR_BOUNDARY_LIMIT,-0.5399586023533942,0.27308779666115157,0.13131610373210378,0.1313161037338091
-2,-2,43,2451/1913,UNSTABLE,SINGULAR_BOUNDARY_LIMIT,-0.5967129215916582,0.31980156780382885,0.08839741305945381,0.08839741314369576
-2,-2,44,154/125,UNSTABLE,SINGULAR_BOUNDARY_LIMIT,-0.6510497362774252,0.45885947961389206,0.04794282593394428,0.04794283008448019
-2,-2,45,2475/2089,UNSTABLE,SINGULAR_BOUNDARY_LIMIT,-0.7033305457353496,1.0324427538879135,0.009597808228306803,0.009598010805689228
-2,-2,46,621/545,UNSTABLE,SINGULAR_BOUNDARY_LIMIT,-0.7269252902934511,0.4710052556187563,-5.228701070336683e-06,4.58884750287325e-06
-2,-2,47,2491/2273,UNSTABLE,SINGULAR_BOUNDARY_LIMIT,-0.7409905130334646,0.0100964621816928,-0.00024760512854982153,0.00022605919519946838
-2,-2,48,39/37,UNSTABLE,SINGULAR_BOUNDARY_LIMIT,-0.7551318367027102,-0.2833739035934002,-0.011551275124531912,0.011250415139926417
-2,-2,49,147/145,UNSTABLE,SINGULAR_BOUNDARY_LIMIT,-0.7693572277591798,-0.5203153669677931,-0.35689780877618205,0.5896932863397808
-2,-2,50,625/641,STABLE,NONZERO_FIXED_POINT,-0.7836749430569236,-0.7302740651393691,-1.7885601962051396,-1.7853517591751142
-2,-2,51,2499/2665,STABLE,NONZERO_FIXED_POINT,-0.7980935610766853,-0.9254473598904909,-3.4601775579362766,-3.48781674449026
-2,-2,52,156/173,STABLE,NONZERO_FIXED_POINT,-0.8126220160959576,-1.1119871986989907,-5.14232895418931,-5.187244507714553
-2,-2,53,2491/2873,STABLE,NONZERO_FIXED_POINT,-0.8272696356614979,-1.293379368981789,-6.82954508286582,-6.891506861262883
-2,-2,54,621/745,STABLE,NONZERO_FIXED_POINT,-0.842046181787337,-1.471756165700441,-8.522926570900268,-8.60199124108334
-2,-2,55,2475/3089,STABLE,NONZERO_FIXED_POINT,-0.8569618963703256,-1.6484972612391147,-10.223746378754015,-10.31998908373913
-2,-2,56,77/100,STABLE,NONZERO_FIXED_POINT,-0.8720275513959379,-1.824537753387247,-11.933319966164902,-12.046829240991514
-2,-2,57,2451/3313,STABLE,NONZERO_FIXED_POINT,-0.8872545046015539,-2.0005395506320696,-13.653008677672972,-13.783886802302845
-2,-2,58,609/857,STABLE,NONZERO_FIXED_POINT,-0.9026547613762705,-2.176992642342107,-15.384226474142167,-15.532590003432517
-2,-2,59,2419/3545,STABLE,NONZERO_FIXED_POINT,-0.918241043808921,-2.3542776894461213,-17.128447395031742,-17.29442776618896
-2,-2,60,150/229,STABLE,NONZERO_FIXED_POINT,-0.9340268679546462,-2.532706061627387,-18.8872138022721,-19.07095802555631
-2,-2,61,2379/3785,STABLE,NONZERO_FIXED_POINT,-0.9500266305806448,-2.712546168475832,-20.662145530319435,-20.86381697211823
-2,-2,62,589/977,STABLE,NONZERO_FIXED_POINT,-0.9662557068814035,-2.8940412117925973,-22.45495009101137,-22.674729359943058
-2,-2,63,63/109,STABLE,NONZERO_FIXED_POINT,-0.9827305609320973,-3.077421464635627,-24.267434109571298,-24.505520058058323
-2,-2,64,36/65,STABLE,NONZERO_FIXED_POINT,-0.9994688709882302,-3.2629130264383264,-26.10151620178266,-26.358127057658237
-2,-2,65,2275/4289,STABLE,NONZERO_FIXED_POINT,-1.0164896721552115,-3.450744314273358,-27.959241543555493,-28.234616188801454
-2,-2,66,33/65,STABLE,NONZERO_FIXED_POINT,-1.0338135194636635,-3.641151126301999,-29.84279843480951,-30.137197851574456
-2,-2,67,2211/4553,STABLE,NONZERO_FIXED_POINT,-1.051462675020506,-3.834380846974142,-31.754537222385693,-32.0682461301152
-2,-2,68,136/293,STABLE,NONZERO_FIXED_POINT,-1.0694613236964035,-4.030696194451757,-33.696992024931745,-34.0303207369156
-2,-2,69,2139/4825,STABLE,NONZERO_FIXED_POINT,-1.087835822801427,-4.230378804063584,-35.67290580080834,-36.02619233391664
-2,-2,70,525/1241,STABLE,NONZERO_FIXED_POINT,-1.1066149924524034,-4.4337328764836315,-37.68525942392063,-38.05887190201338
-2,-2,71,2059/5105,STABLE,NONZERO_FIXED_POINT,-1.1258304549264935,-4.6410890831332665,-39.73730558984937,-40.13164498965426
-2,-2,72,63/164,STABLE,NONZERO_FIXED_POINT,-1.145517033333748,-4.852808906523606,-41.83260857638098,-42.24811187497508
-2,-2,73,1971/5393,STABLE,NONZERO_FIXED_POINT,-1.1657132225729914,-5.069289595747605,-43.975091143004875,-44.41223493901356
-2,-2,74,481/1385,STABLE,NONZERO_FIXED_POINT,-1.186461748962163,-5.290969935419305,-46.16909019314403,-46.628394890170625
-2,-2,75,1875/5689,STABLE,NONZERO_FIXED_POINT,-1.2078102394372259,-5.518337060382294,-48.419423268619255,-48.90145793032332
-2,-2,76,114/365,STABLE,NONZERO_FIXED_POINT,-1.2298120271886965,-5.751934600766852,-50.73146853731066,-51.23685655043067
-2,-2,77,1771/5993,STABLE,NONZERO_FIXED_POINT,-1.25252712861613,-5.992372516989079,-53.1112617280487,-53.64068744455511
-2,-2,78,429/1537,STABLE,NONZERO_FIXED_POINT,-1.2760234373445272,-6.2403390894490585,-55.56561454220116,-56.119831117516185
-2,-2,79,1659/6305,STABLE,NONZERO_FIXED_POINT,-1.3003781959577534,-6.496615674438246,-58.10226054759045,-58.682099252475155
-2,-2,80,25/101,STABLE,NONZERO_FIXED_POINT,-1.3256798268434258,-6.762095043555313,-60.73003661350768,-61.3364179786183
-2,-2,81,1539/6625,STABLE,NONZERO_FIXED_POINT,-1.3520302328052871,-7.037804415459711,-63.45911084245421,-64.09305810523159
-2,-2,82,369/1697,STABLE,NONZERO_FIXED_POINT,-1.3795477200377135,-7.324934707442331,-66.30127210611084,-66.96392758226949
-2,-2,83,83/409,STABLE,NONZERO_FIXED_POINT,-1.4083707572061979,-7.624878145288129,-69.27030234677261,-69.96294756240391
-2,-2,84,84/445,STABLE,NONZERO_FIXED_POINT,-1.4386628752418886,-7.939277278213424,-72.38246180100356,-73.10654252592258
-2,-2,85,1275/7289,STABLE,NONZERO_FIXED_POINT,-1.4706191503386137,-8.270089824239385,-75.65713095238789,-76.41428871784649
-2,-2,86,301/1865,STABLE,NONZERO_FIXED_POINT,-1.5044749268100777,-8.619675912905116,-79.11767422297453,-79.90978656352536
-2,-2,87,1131/7633,STABLE,NONZERO_FIXED_POINT,-1.540517777961357,-8.99091770708769,-82.79262422112782,-83.62185687858391
-2,-2,88,33/244,STABLE,NONZERO_FIXED_POINT,-1.5791042639979427,-9.387386994320636,-86.71734088951357,-87.58621677597438
-2,-2,89,979/7985,STABLE,NONZERO_FIXED_POINT,-1.6206839987243207,-9.813585865244889,-90.93639421706297,-91.84788644573433
-2,-2,90,225/2041,STABLE,NONZERO_FIXED_POINT,-1.6658352190975911,-10.27530241993216,-95.50708572777421,-96.46474621437892
-2,-2,91,819/8345,STABLE,NONZERO_FIXED_POINT,-1.7153191593118216,-10.780154518902165,-100.50483161259075,-101.51297405184562
-2,-2,92,46/533,STABLE,NONZERO_FIXED_POINT,-1.770166585119986,-11.338455135953495,-106.03172971966032,-107.09569909700534
-2,-2,93,651/8713,STABLE,NONZERO_FIXED_POINT,-1.8318224150904836,-11.964658579820934,-112.23087714628502,-113.3574638717509
-2,-2,94,141/2225,STABLE,NONZERO_FIXED_POINT,-1.9024025803570233,-12.679929100282514,-119.31179943716239,-120.50991033982396
-2,-2,95,475/9089,STABLE,NONZERO_FIXED_POINT,-1.9851871951944577,-13.517072602073881,-127.59927455011143,-128.88109704390962
-2,-2,96,6/145,STABLE,NONZERO_FIXED_POINT,-2.085671058553938,-14.5310416679724,-137.6373325827409,-139.02054933459223
-2,-2,97,291/9473,STABLE,NONZERO_FIXED_POINT,-2.214154603761955,-15.824845063121415,-150.44575986353755,-151.95835441185687
-2,-2,98,49/2417,STABLE,NONZERO_FIXED_POINT,-2.3937620949985607,-17.62972970677213,-168.31390047051528,-170.00698104089443
-2,-2,99,99/9865,STABLE,NONZERO_FIXED_POINT,-2.6982802007571163,-20.68356641348791,-198.54667506765668,-200.54513696264732
-2,-2,100,0,STABLE,NONZERO_FIXED_POINT,,,,
-2,-1,1,33/43,STABLE,NONZERO_FIXED_POINT,-0.14318486988719847,-0.9133227266795174,-11.174015792033572,-11.288970307732285
-2,-1,2,49/33,UNSTABLE,SINGULAR_BOUNDARY_LIMIT,0.27464549584646925,0.5417970069891567,0.5316870236886189,0.5316870236886189
-2,-1,3,291/137,UNSTABLE,SINGULAR_BOUNDARY_LIMIT,0.20694124465551944,0.42402955992709934,0.4237100473529267,0.4237100473529267
-2,-1,4,8/3,UNSTABLE,SINGULAR_BOUNDARY_LIMIT,0.17410684324119785,0.3769054273554282,0.3768675306343994,0.3768675306343994
-2,-1,5,475/153,UNSTABLE,SINGULAR_BOUNDARY_LIMIT,0.17011927412618988,0.3705760615808913,0.3705665542861425,0.3705665542861425
-2,-1,6,141/41,UNSTABLE,SINGULAR_BOUNDARY_LIMIT,0.17677461944986916,0.3810524563605213,0.3810485799417904,0.3810485799417904
-2,-1,7,217/59,UNSTABLE,SINGULAR_BOUNDARY_LIMIT,0.18852530413699675,0.4001868365659291,0.400184622001575,0.4001846220015466
-2,-1,8,23/6,UNSTABLE,SINGULAR_BOUNDARY_LIMIT,0.20323026380832587,0.42447597122199454,0.42447435689553004,0.42447435689553004
-2,-1,9,819/209,UNSTABLE,SINGULAR_BOUNDARY_LIMIT,0.16880216016785,0.40105169072939617,0.40105028143693744,0.40105028143693744
-2,-1,10,75/19,UNSTABLE,SINGULAR_BOUNDARY_LIMIT,0.14136733420947145,0.3855633686423161,0.3855619600957141,0.38556196009568566
-2,-1,11,979/249,UNSTABLE,SINGULAR_BOUNDARY_LIMIT,0.11972702155744841,0.37650674822662467,0.3765051886547326,0.37650518865467575
-2,-1,12,66/17,UNSTABLE,SINGULAR_BOUNDARY_LIMIT,0.1030945016320679,0.3728922404139112,0.372890373861253,0.3728903738612246
-2,-1,13,377/99,UNSTABLE,SINGULAR_BOUNDARY_LIMIT,0.09095941736648072,0.37407097820091906,0.3740686078259614,0.3740686078259614
-2,-1,14,301/81,UNSTABLE,SINGULAR_BOUNDARY_LIMIT,0.08301245524306289,0.37963707004347214,0.3796339209154098,0.3796339209154098
-2,-1,15,1275/353,UNSTABLE,SINGULAR_BOUNDARY_LIMIT,0.07910401161335656,0.3893725396079333,0.38936821005250977,0.38936821005250977
-2,-1,16,7/2,UNSTABLE,SINGULAR_BOUNDARY_LIMIT,0.07922448309100805,0.40321890912100855,0.40321280056377873,0.40321280056377873
-2,-1,17,1411/417,UNSTABLE,SINGULAR_BOUNDARY_LIMIT,0.08350077785016374,0.4212680246441636,0.42125923721948766,0.42125923721948766
-2,-1,18,369/113,UNSTABLE,SINGULAR_BOUNDARY_LIMIT,0.09220790017437253,0.44376984331344715,0.44375701916175103,0.4437570191616942
-2,-1,19,513/163,UNSTABLE,SINGULAR_BOUNDARY_LIMIT,0.10579811134717865,0.47115902224278017,0.4711401099911541,0.4711401099911541
-2,-1,20,100/33,UNSTABLE,SINGULAR_BOUNDARY_LIMIT,0.12495482188698936,0.5041070666810441,0.5040789679573834,0.5040789679573834
-2,-1,21,1659/569,UNSTABLE,SINGULAR_BOUNDARY_LIMIT,0.1506862943363565,0.5436148776995537,0.5435729178232123,0.5435729178232691
-2,-1,22,143/51,UNSTABLE,SINGULAR_BOUNDARY_LIMIT,0.18449021865427184,0.5911766229082573,0.5911137603831094,0.5911137603831094
-2,-1,23,1771/657,UNSTABLE,SINGULAR_BOUNDARY_LIMIT,0.22865649071429495,0.6490821915721625,0.6489878406310368,0.6489878406309799
-2,-1,24,57/22,UNSTABLE,SINGULAR_BOUNDARY_LIMIT,0.2868679705725192,0.7210179962546377,0.7208762775469495,0.7208762775469211
-2,-1,25,625/251,UNSTABLE,SINGULAR_BOUNDARY_LIMIT,0.36553079106455755,0.8133977276670805,0.8131848755525084,0.8131848755525652
-2,-1,26,481/201,UNSTABLE,SINGULAR_BOUNDARY_LIMIT,0.4772389777145385,0.9388279154163115,0.9385084434230748,0.9385084434231317
-2,-1,27,1971/857,UNSTABLE,SINGULAR_BOUNDARY_LIMIT,0.6525103056635455,1.1278453816311185,1.12736642147172,1.12736642147172
-2,-1,28,42/19,UNSTABLE,SINGULAR_BOUNDARY_LIMIT,1.0079081154559608,1.4970415653437499,1.4963245209975753,1.4963245209975753
-2,-1,29,2059/969,UNSTABLE,SINGULAR_BOUNDARY_LIMIT,1.3893130112393965,1.8923380330763777,1.8912662866002847,1.8912662866003416
-2,-1,30,525/257,UNSTABLE,SINGULAR_BOUNDARY_LIMIT,0.7091219017359478,1.226191229305968,1.2245920322120583,1.2245920322120583
-2,-1,31,713/363,UNSTABLE,SINGULAR_BOUNDARY_LIMIT,0.43582225892900794,0.967175242018314,0.9647930187416591,0.9647930187416591
-2,-1,32,17/9,UNSTABLE,SINGULAR_BOUNDARY_LIMIT,0.25525668698009074,0.8012590572696254,0.7977159605730719,0.7977159605731003
-2,-1,33,2211/1217,UNSTABLE,SINGULAR_BOUNDARY_LIMIT,0.11713715609145581,0.6783398181634226,0.6730772116547996,0.6730772116547996
-2,-1,34,187/107,UNSTABLE,SINGULAR_BOUNDARY_LIMIT,0.0034850668282722097,0.5807117275231164,0.5729027936740465,0.5729027936740465
-2,-1,35,2275/1353,UNSTABLE,SINGULAR_BOUNDARY_LIMIT,-0.09422690878704287,0.5002523341092555,0.48867021031946933,0.4886702103195262
-2,-1,36,144/89,UNSTABLE,SINGULAR_BOUNDARY_LIMIT,-0.18072732107651213,0.4328402171911989,0.4156559341929835,0.4156559341929835
-2,-1,37,777/499,UNSTABLE,SINGULAR_BOUNDARY_LIMIT,-0.25891718902218486,0.37649841212603263,0.3509641473882539,0.3509641473882539
-2,-1,38,589/393,UNSTABLE,SINGULAR_BOUNDARY_LIMIT,-0.33070805507576395,0.33075283235564257,0.2926886787055878,0.2926886787055878
-2,-1,39,2379/1649,UNSTABLE,SINGULAR_BOUNDARY_LIMIT,-0.3974285862694167,0.29658488470243327,0.23950639888670366,0.2395063988867605
-2,-1,40,25/18,UNSTABLE,SINGULAR_BOUNDARY_LIMIT,-0.4600415882053168,0.2769321710883972,0.19046020667303765,0.19046020667306607
-2,-1,41,2419/1809,UNSTABLE,SINGULAR_BOUNDARY_LIMIT,-0.5192685432877084,0.2781868326400385,0.14483449385494396,0.14483449385613767
-2,-1,42,609/473,UNSTABLE,SINGULAR_BOUNDARY_LIMIT,-0.5756652872854318,0.3145217837759091,0.10207947485235991,0.10207947490329161
-2,-1,43,817/659,UNSTABLE,SINGULAR_BOUNDARY_LIMIT,-0.6296701785763119,0.4239763498997746,0.0617630252007757,0.061763027389872605
-2,-1,44,154/129,UNSTABLE,SINGULAR_BOUNDARY_LIMIT,-0.6816359611207012,0.7850991645139445,0.0235387845409889,0.023538878429661736
-2,-1,45,2475/2153,UNSTABLE,SINGULAR_BOUNDARY_LIMIT,-0.7189761783523423,0.6814753985498783,-2.1510732040042058e-06,1.8712250380303885e-06
-2,-1,46,207/187,UNSTABLE,SINGULAR_BOUNDARY_LIMIT,-0.7328442164156925,0.11610307286264288,-9.059996727955877e-05,8.186259987041922e-05
-2,-1,47,2491/2337,UNSTABLE,SINGULAR_BOUNDARY_LIMIT,-0.7467860216480364,-0.19864990286892237,-0.0038094052413839563,0.003604535240299356
-2,-1,48,39/38,UNSTABLE,SINGULAR_BOUNDARY_LIMIT,-0.7608089695944003,-0.44275759023966543,-0.13789529108993293,0.19663057517985294
-2,-1,49,833/843,STABLE,NONZERO_FIXED_POINT,-0.7749207239464084,-0.6548875305288746,-1.2293785771751118,-1.1804048518625905
-2,-1,50,625/657,STABLE,NONZERO_FIXED_POINT,-0.7891292625583866,-0.8498820587358153,-2.837906463042259,-2.8583592309049095
-2,-1,51,2499/2729,STABLE,NONZERO_FIXED_POINT,-0.80344290639081,-1.0349547277889855,-4.476415824918831,-4.514625325602253
-2,-1,52,52/59,STABLE,NONZERO_FIXED_POINT,-0.8178703516523029,-1.2141050257312003,-6.121384702128694,-6.176232752303349
-2,-1,53,2491/2937,STABLE,NONZERO_FIXED_POINT,-0.8324207054696373,-1.389745144895329,-7.773286044347799,-7.844816249806058
-2,-1,54,621/761,STABLE,NONZERO_FIXED_POINT,-0.8471035254800015,-1.5634191884049358,-9.433209631274394,-9.521502687577538
-2,-1,55,825/1051,STABLE,NONZERO_FIXED_POINT,-0.8619288638130271,-1.7361630915790656,-11.102304084706873,-11.207452852179074
-2,-1,56,77/102,STABLE,NONZERO_FIXED_POINT,-0.876907316014023,-1.9087015479174028,-12.781768487934414,-12.903877934523734
-2,-1,57,2451/3377,STABLE,NONZERO_FIXED_POINT,-0.892050075557556,-2.0815630884728193,-14.472857276647119,-14.6120450260305
-2,-1,58,203/291,STABLE,NONZERO_FIXED_POINT,-0.9073689947144707,-2.2551507243625295,-16.176886112513813,-16.333283063586464
-2,-1,59,2419/3609,STABLE,NONZERO_FIXED_POINT,-0.9228766526705581,-2.429786960927821,-17.89523853573047,-18.068989549428125
-2,-1,60,150/233,STABLE,NONZERO_FIXED_POINT,-0.938586431955196,-2.6057433349257124,-19.629373484927925,-19.82063814689826
-2,-1,61,793/1283,STABLE,NONZERO_FIXED_POINT,-0.9545126044303451,-2.7832602831078574,-21.380833799666902,-21.589787268724194
-2,-1,62,589/993,STABLE,NONZERO_FIXED_POINT,-0.9706704283211369,-2.9625608281592477,-23.151255845175797,-23.378089798884105
-2,-1,63,2331/4097,STABLE,NONZERO_FIXED_POINT,-0.9870762580488606,-3.1438602568256258,-24.942380427847866,-25.187304118280395
-2,-1,64,6/11,STABLE,NONZERO_FIXED_POINT,-1.003747668967506,-3.3273731906548427,-26.75606520468797,-27.019306639462556
-2,-1,65,2275/4353,STABLE,NONZERO_FIXED_POINT,-1.020703599521454,-3.5133189756836103,-28.5942988319577,-28.876106098122023
-2,-1,66,561/1121,STABLE,NONZERO_FIXED_POINT,-1.0379645138547886,-3.7019260194254713,-30.459217149713254,-30.75985990105204
-2,-1,67,737/1539,STABLE,NONZERO_FIXED_POINT,-1.0555525885374983,-3.8934355132270113,-32.353121762359365,-32.672892894331824
-2,-1,68,136/297,STABLE,NONZERO_FIXED_POINT,-1.073491927865044,-4.088104856139154,-34.27850145413501,-34.61771899508199
-2,-1,69,2139/4889,STABLE,NONZERO_FIXED_POINT,-1.0918088131793908,-4.286211019534143,-36.23805697702761,-36.59706622971987
-2,-1,70,175/419,STABLE,NONZERO_FIXED_POINT,-1.1105319929117101,-4.4880540455992985,-38.23472987289506,-38.61390584717503
-2,-1,71,2059/5169,STABLE,NONZERO_FIXED_POINT,-1.129693021638392,-4.69396084892395,-40.2717361494075,-40.67148633495714
-2,-1,72,63/166,STABLE,NONZERO_FIXED_POINT,-1.149326658480513,-4.904289483595889,-42.35260583146629,-42.77337337005275
-2,-1,73,657/1819,STABLE,NONZERO_FIXED_POINT,-1.1694713378087584,-5.119434045934234,-44.48122967050779,-44.92349700001148
-2,-1,74,481/1401,STABLE,NONZERO_FIXED_POINT,-1.1901697286429176,-5.339830404496311,-46.661914633538856,-47.12620769245075
-2,-1,75,1875/5753,STABLE,NONZERO_FIXED_POINT,-1.211469403638194,-5.565962985271213,-48.89945023970154,-49.38634334166329
-2,-1,76,38/123,STABLE,NONZERO_FIXED_POINT,-1.2334236445256437,-5.798372893712802,-51.19918840381655,-51.70930991863915
-2,-1,77,1771/6057,STABLE,NONZERO_FIXED_POINT,-1.2560924188857676,-6.037667731256782,-53.56714023958784,-54.101179252061115
-2,-1,78,429/1553,STABLE,NONZERO_FIXED_POINT,-1.2795435739976675,-6.2845335697756965,-56.01009435073098,-56.56880851427485
-2,-1,79,553/2123,STABLE,NONZERO_FIXED_POINT,-1.3038543084178293,-6.539749694605874,-58.53576261458568,-59.11998747744701
-2,-1,80,25/102,STABLE,NONZERO_FIXED_POINT,-1.3291130026818205,-6.804206932851358,-61.152961516018166,-61.76362167910807
-2,-1,81,1539/6689,STABLE,NONZERO_FIXED_POINT,-1.35542151978394,-7.078930675387312,-63.871839986382156,-64.50996256250335
-2,-1,82,123/571,STABLE,NONZERO_FIXED_POINT,-1.3828981280286303,-7.365110119759237,-66.70416885426917,-67.37089985107565
-2,-1,83,1411/7017,STABLE,NONZERO_FIXED_POINT,-1.4116812599966266,-7.664135872253048,-69.66371306859196,-70.36033753136638
-2,-1,84,84/449,STABLE,NONZERO_FIXED_POINT,-1.4419344122332767,-7.977648955773915,-72.76671685013451,-73.49468390507593
-2,-1,85,425/2451,STABLE,NONZERO_FIXED_POINT,-1.4738526281467212,-8.307605648788027,-76.0325455778841,-76.7934999590858
-2,-1,86,301/1881,STABLE,NONZERO_FIXED_POINT,-1.5076712207730996,-8.656364722148936,-79.4845494192387,-80.28037171919527
-2,-1,87,1131/7697,STABLE,NONZERO_FIXED_POINT,-1.5436777335623066,-9.026807055511185,-83.15124752134767,-83.9841064029817
-2,-1,88,11/82,STABLE,NONZERO_FIXED_POINT,-1.5822286982070928,-9.422503223671097,-87.06798710690403,-87.9404082741295
-2,-1,89,979/8049,STABLE,NONZERO_FIXED_POINT,-1.623773701267023,-9.847954170425112,-91.27932613785998,-92.19428537344845
-2,-1,90,225/2057,STABLE,NONZERO_FIXED_POINT,-1.668890953652408,-10.308946910649468,-95.84255475958997,-96.80360653317337
-2,-1,91,273/2803,STABLE,NONZERO_FIXED_POINT,-1.7183416646435177,-10.813098277390601,-100.83307839143544,-101.84453884215498
-2,-1,92,46/537,STABLE,NONZERO_FIXED_POINT,-1.773156576151564,-11.370720271058488,-106.3529846786607,-107.42020113267867
-2,-1,93,651/8777,STABLE,NONZERO_FIXED_POINT,-1.8347805839181834,-11.996266277711136,-112.5453610488791,-113.67512615866747
-2,-1,94,47/747,STABLE,NONZERO_FIXED_POINT,-1.9053295972118711,-12.71089967203121,-119.61972387732294,-120.82094662120264
-2,-1,95,475/9153,STABLE,NONZERO_FIXED_POINT,-1.9880837093537131,-13.547425528332752,-127.90084242194382,-129.185712274681
-2,-1,96,3/73,STABLE,NONZERO_FIXED_POINT,-2.088537699205542,-14.560795640942283,-137.93273852161292,-139.31894012701372
-2,-1,97,97/3179,STABLE,NONZERO_FIXED_POINT,-2.2169919808248473,-15.85401802600856,-150.73519066072754,-152.2507094543761
-2,-1,98,49/2433,STABLE,NONZERO_FIXED_POINT,-2.396570799901557,-17.658338890903423,-168.59753546320857,-170.29348149211089
-2,-1,99,99/9929,STABLE,NONZERO_FIXED_POINT,-2.701060807178827,-20.711628373245134,-198.82468650597747,-200.8259568220756
-2,-1,100,0,STABLE,NONZERO_FIXED_POINT,,,,
-2,0,1,99/257,STABLE,NONZERO_FIXED_POINT,-0.9261812897126189,-4.519703439421626,-41.39224870405292,-41.80654663278665
-2,0,2,49/65,STABLE,NONZERO_FIXED_POINT,-0.2202833237077222,-1.0811648215261727,-12.026183235736937,-12.148900512350792
-2,0,3,291/265,UNSTABLE,SINGULAR_BOUNDARY_LIMIT,1.2954801114621564,1.9191362459821022,1.6258285063182711,1.6259267772809949
-2,0,4,24/17,UNSTABLE,SINGULAR_BOUNDARY_LIMIT,0.4681377605785908,0.7847404346396161,0.7651683648136327,0.7651683648136327
-2,0,5,475/281,UNSTABLE,SINGULAR_BOUNDARY_LIMIT,0.34976290614057604,0.6342932008391529,0.6307723380645598,0.6307723380645598
-2,0,6,141/73,UNSTABLE,SINGULAR_BOUNDARY_LIMIT,0.33056768243636725,0.6062089530900039,0.605184028292399,0.605184028292399
-2,0,7,651/305,UNSTABLE,SINGULAR_BOUNDARY_LIMIT,0.33793964313158575,0.6124422287501048,0.6120265164873331,0.6120265164873331
-2,0,8,23/10,UNSTABLE,SINGULAR_BOUNDARY_LIMIT,0.33428958767065353,0.6118652168280434,0.6116496227367918,0.6116496227367918
-2,0,9,819/337,UNSTABLE,SINGULAR_BOUNDARY_LIMIT,0.2888742943561695,0.5722222082487249,0.5720871350504808,0.5720871350504808
-2,0,10,225/89,UNSTABLE,SINGULAR_BOUNDARY_LIMIT,0.25491969801069203,0.5458930719094965,0.5457948636507979,0.5457948636507695
-2,0,11,979/377,UNSTABLE,SINGULAR_BOUNDARY_LIMIT,0.22975948459041007,0.5296794136930458,0.5295989744135454,0.5295989744135454
-2,0,12,66/25,UNSTABLE,SINGULAR_BOUNDARY_LIMIT,0.21181893720296507,0.5216506650873924,0.5215781093771454,0.5215781093771454
-2,0,13,1131/425,UNSTABLE,SINGULAR_BOUNDARY_LIMIT,0.20016410122485695,0.520625479859433,0.5205546768978024,0.5205546768978593
-2,0,14,301/113,UNSTABLE,SINGULAR_BOUNDARY_LIMIT,0.19428309755416961,0.5259152435308039,0.5258415414356818,0.5258415414356818
-2,0,15,1275/481,UNSTABLE,SINGULAR_BOUNDARY_LIMIT,0.19397933097815567,0.5371945544584236,0.5371136404341996,0.5371136404341996
-2,0,16,21/8,UNSTABLE,SINGULAR_BOUNDARY_LIMIT,0.1993282264630416,0.5544436049782959,0.5543507776757792,0.5543507776757792
-2,0,17,1411/545,UNSTABLE,SINGULAR_BOUNDARY_LIMIT,0.21067952214682784,0.5779410885349776,0.5778306405699141,0.5778306405699141
-2,0,18,369/145,UNSTABLE,SINGULAR_BOUNDARY_LIMIT,0.2287043624666385,0.6083050109847292,0.6081695622104348,0.608169562210378
-2,0,19,1539/617,UNSTABLE,SINGULAR_BOUNDARY_LIMIT,0.2545026451629724,0.6465957847558172,0.6464254496603417,0.6464254496603417
-2,0,20,100/41,UNSTABLE,SINGULAR_BOUNDARY_LIMIT,0.2898120924561436,0.6945224383834727,0.6943037102148253,0.6943037102148253
-2,0,21,1659/697,UNSTABLE,SINGULAR_BOUNDARY_LIMIT,0.33741795118522866,0.7548504668615692,0.7545646742854615,0.7545646742855183
-2,0,22,429/185,UNSTABLE,SINGULAR_BOUNDARY_LIMIT,0.40201533942052237,0.8322631252487014,0.8318842676406462,0.8318842676406462
-2,0,23,1771/785,UNSTABLE,SINGULAR_BOUNDARY_LIMIT,0.49226486136134184,0.9354166873631513,0.9349083783611718,0.9349083783611718
-2,0,24,57/26,UNSTABLE,SINGULAR_BOUNDARY_LIMIT,0.6267694969845898,1.0829176683910333,1.0822288050446502,1.0822288050446502
-2,0,25,1875/881,UNSTABLE,SINGULAR_BOUNDARY_LIMIT,0.858824861392355,1.3280741862681253,1.327132798228206,1.327132798228206
-2,0,26,481/233,UNSTABLE,SINGULAR_BOUNDARY_LIMIT,1.5539904117074954,2.036469217503715,2.0351737145357447,2.0351737145357447
-2,0,27,1971/985,UNSTABLE,SINGULAR_BOUNDARY_LIMIT,1.0174787796421256,1.5133532279733686,1.511559920048228,1.511559920048228
-2,0,28,126/65,UNSTABLE,SINGULAR_BOUNDARY_LIMIT,0.6300935322597496,1.1395869565219527,1.1370922153186598,1.1370922153186598
-2,0,29,2059/1097,UNSTABLE,SINGULAR_BOUNDARY_LIMIT,0.4112318614512205,0.9346515814564995,0.9311662605214792,0.9311662605214792
-2,0,30,525/289,UNSTABLE,SINGULAR_BOUNDARY_LIMIT,0.2535458546247895,0.7913210423306509,0.7864336369302691,0.7864336369302691
-2,0,31,2139/1217,UNSTABLE,SINGULAR_BOUNDARY_LIMIT,0.12787864291846063,0.680614556488095,0.6737378288377727,0.6737378288377727
-2,0,32,17/10,UNSTABLE,SINGULAR_BOUNDARY_LIMIT,0.021980940707114982,0.5905376239327929,0.5808306304882649,0.5808306304882649
-2,0,33,2211/1345,UNSTABLE,SINGULAR_BOUNDARY_LIMIT,-0.07047518500488259,0.51513294331032,0.5013858096054946,0.5013858096054378
-2,0,34,561/353,UNSTABLE,SINGULAR_BOUNDARY_LIMIT,-0.15319401922637965,0.4512404267657857,0.43170131822137137,0.4317013182214282
-2,0,35,2275/1481,UNSTABLE,SINGULAR_BOUNDARY_LIMIT,-0.22853594363608032,0.3973100724435099,0.3694194806764699,0.3694194806764699
-2,0,36,144/97,UNSTABLE,SINGULAR_BOUNDARY_LIMIT,-0.2981007709389196,0.35297387405753256,0.3129436058794397,0.3129436058794397
-2,0,37,2331/1625,UNSTABLE,SINGULAR_BOUNDARY_LIMIT,-0.36302517100186904,0.3190243126671106,0.2611405192289453,0.2611405192288885
-2,0,38,589/425,UNSTABLE,SINGULAR_BOUNDARY_LIMIT,-0.42414747250528606,0.29778009107086234,0.21317572848647615,0.21317572848647615
-2,0,39,2379/1777,UNSTABLE,SINGULAR_BOUNDARY_LIMIT,-0.4821050590025351,0.29412458993788704,0.16841600315660799,0.16841600315763117
-2,0,40,75/58,UNSTABLE,SINGULAR_BOUNDARY_LIMIT,-0.5373949761809396,0.31827983299001517,0.1263687493472503,0.1263687493791963
-2,0,41,2419/1937,UNSTABLE,SINGULAR_BOUNDARY_LIMIT,-0.5904132762450942,0.39475006013781666,0.0866426527782096,0.0866426538017322
-2,0,42,609/505,UNSTABLE,SINGULAR_BOUNDARY_LIMIT,-0.641481479407858,0.6071015886979865,0.04892119466353506,0.04892122788641018
-2,0,43,2451/2105,UNSTABLE,SINGULAR_BOUNDARY_LIMIT,-0.6908649149437434,1.5208789394672095,0.012943805829024768,0.012944897738748296
-2,0,44,154/137,UNSTABLE,SINGULAR_BOUNDARY_LIMIT,-0.7172813502146624,0.3269260800520897,-1.923936179082375e-05,1.7116252564619572e-05
-2,0,45,2475/2281,UNSTABLE,SINGULAR_BOUNDARY_LIMIT,-0.730824674019285,-0.04188439474627614,-0.0006381157136843285,0.000588929148079842
-2,0,46,621/593,UNSTABLE,SINGULAR_BOUNDARY_LIMIT,-0.7444454266096958,-0.30214539985714595,-0.02098127657512805,0.021028073596539798
-2,0,47,2491/2465,UNSTABLE,SINGULAR_BOUNDARY_LIMIT,-0.7581500579267502,-0.5190037119751025,-0.4300049581763119,0.17139829910598792
-2,0,48,39/40,STABLE,NONZERO_FIXED_POINT,-0.7719453357123598,-0.713711900141103,-1.776389023923855,-1.7727881999585122
-2,0,49,2499/2657,STABLE,NONZERO_FIXED_POINT,-0.7858383636138537,-0.8958421998004695,-3.3176666147617766,-3.343886178578771
-2,0,50,625/689,STABLE,NONZERO_FIXED_POINT,-0.7998366025993491,-1.0704806921899745,-4.874113304688535,-4.9164414416716795
-2,0,51,2499/2857,STABLE,NONZERO_FIXED_POINT,-0.8139478958222757,-1.2406159718188619,-6.4396956771335,-6.497839365575544
-2,0,52,156/185,STABLE,NONZERO_FIXED_POINT,-0.8281804971384794,-1.4081271782613811,-8.014967668742173,-8.089014791056798
-2,0,53,2491/3065,STABLE,NONZERO_FIXED_POINT,-0.8425431035475146,-1.5742561661608931,-9.600730655301334,-9.690787406421862
-2,0,54,621/793,STABLE,NONZERO_FIXED_POINT,-0.8570448919027029,-1.7398576014753573,-11.197853219123147,-11.304034806259267
-2,0,55,2475/3281,STABLE,NONZERO_FIXED_POINT,-0.8716955603148868,-1.9055419289444515,-12.807268187549994,-12.929699214666357
-2,0,56,77/106,STABLE,NONZERO_FIXED_POINT,-0.8865053747645604,-2.0717619363631528,-14.429975367801063,-14.56879050789334
-2,0,57,2451/3505,STABLE,NONZERO_FIXED_POINT,-0.9014852215397404,-2.238867508106992,-16.06704522048176,-16.222389931532348
-2,0,58,609/905,STABLE,NONZERO_FIXED_POINT,-0.9166466662352146,-2.407141440622887,-17.71962338338409,-17.891654669956438
-2,0,59,2419/3737,STABLE,NONZERO_FIXED_POINT,-0.9320020201874062,-2.576823503145114,-19.38893610235607,-19.57782333184383
-2,0,60,150/241,STABLE,NONZERO_FIXED_POINT,-0.9475644153824412,-2.748126972970468,-21.076296649266425,-21.28222243278563
-2,0,61,2379/3977,STABLE,NONZERO_FIXED_POINT,-0.9633478890696061,-2.921250249116966,-22.783112829571678,-23.00627397852037
-2,0,62,589/1025,STABLE,NONZERO_FIXED_POINT,-0.9793674795455303,-3.0963852074932063,-24.510895707756504,-24.75150427836121
-2,0,63,2331/4225,STABLE,NONZERO_FIXED_POINT,-0.9956393348560155,-3.2737233926113873,-26.26126970908166,-26.519554148846794
-2,0,64,9/17,STABLE,NONZERO_FIXED_POINT,-1.0121808365043679,-3.453460785774663,-28.03598429188594,-28.31219070382491
-2,0,65,2275/4481,STABLE,NONZERO_FIXED_POINT,-1.029010740673126,-3.635801661935126,-29.836927427756052,-30.13132097067603
-2,0,66,561/1153,STABLE,NONZERO_FIXED_POINT,-1.0461493399800759,-3.8209618990310545,-31.666141179210456,-31.979007625248983
-2,0,67,2211/4745,STABLE,NONZERO_FIXED_POINT,-1.0636186494254787,-4.009172006541782,-33.52583972875448,-33.85748720293907
-2,0,68,136/305,STABLE,NONZERO_FIXED_POINT,-1.0814426209795176,-4.200680077338731,-35.4184302926445,-35.76919122362102
-2,0,69,2139/5017,STABLE,NONZERO_FIXED_POINT,-1.0996473922514696,-4.39575482823318,-37.346537451892914,-37.716770768349136
-2,0,70,525/1289,STABLE,NONZERO_FIXED_POINT,-1.1182615759349304,-4.594688873466232,-39.31303155786128,-39.703125171808665
-2,0,71,2059/5297,STABLE,NONZERO_FIXED_POINT,-1.1373165983155396,-4.797802367871377,-41.32106202810172,-41.73143565441933
-2,0,72,63/170,STABLE,NONZERO_FIXED_POINT,-1.1568470971666436,-5.005447160482149,-43.37409655057198,-43.80520492249664
-2,0,73,1971/5585,STABLE,NONZERO_FIXED_POINT,-1.1768913919908108,-5.218011614262778,-45.47596747547095,-45.92830402864314
-2,0,74,481/1433,STABLE,NONZERO_FIXED_POINT,-1.1974920429925042,-5.435926273937312,-47.63092701371539,-48.105028127738876
-2,0,75,1875/5881,STABLE,NONZERO_FIXED_POINT,-1.2186965196708925,-5.659670603357753,-49.84371330731909,-50.34016321465742
-2,0,76,114/377,STABLE,NONZERO_FIXED_POINT,-1.2405580058970997,-5.889781069719831,-52.119630028850736,-52.639066527720104
-2,0,77,1771/6185,STABLE,NONZERO_FIXED_POINT,-1.2631363763522039,-6.126860929347764,-54.46464296061083,-55.00776410338585
-2,0,78,429/1585,STABLE,NONZERO_FIXED_POINT,-1.2864993900660089,-6.3715921765266685,-56.88549807995486,-57.453070054323916
-2,0,79,1659/6497,STABLE,NONZERO_FIXED_POINT,-1.3107241617084835,-6.624750264675626,-59.389867153672014,-59.98273363441302
-2,0,80,25/104,STABLE,NONZERO_FIXED_POINT,-1.335898992025112,-6.887222415648743,-61.98652889773578,-62.605622228362535
-2,0,81,1539/6817,STABLE,NONZERO_FIXED_POINT,-1.362125668069524,-7.160030624952192,-64.6855966558569,-65.33195133002391
-2,0,82,369/1745,STABLE,NONZERO_FIXED_POINT,-1.3895223858255186,-7.44436088962933,-67.49880770235637,-68.17357676749253
-2,0,83,1411/7145,STABLE,NONZERO_FIXED_POINT,-1.4182275089600545,-7.741600796771827,-70.43989532881068,-71.1443705481833
-2,0,84,84/457,STABLE,NONZERO_FIXED_POINT,-1.4484044683132744,-8.053388519063965,-73.52507386961378,-74.26071078362168
-2,0,85,1275/7481,STABLE,NONZERO_FIXED_POINT,-1.480248244612108,-8.381677642441737,-76.77368047187599,-77.54212994184934
-2,0,86,301/1913,STABLE,NONZERO_FIXED_POINT,-1.5139940910634788,-8.728824392556156,-80.20903861794432,-81.01218709237776
-2,0,87,1131/7825,STABLE,NONZERO_FIXED_POINT,-1.5499294939796808,-9.09770724163873,-83.8596422170653,-84.69966395835831
-2,0,88,33/250,STABLE,NONZERO_FIXED_POINT,-1.5884109304577834,-9.491894486024151,-87.76081460884342,-88.64024067763756
-2,0,89,979/8177,STABLE,NONZERO_FIXED_POINT,-1.6298879348638025,-9.915884911849652,-91.95709114136048,-92.87890244730949
-2,0,90,225/2089,STABLE,NONZERO_FIXED_POINT,-1.6749386681859413,-10.37546348957455,-96.50574053592908,-97.47349645779798
-2,0,91,819/8537,STABLE,NONZERO_FIXED_POINT,-1.7243242919315769,-10.878245114056895,-101.48214790391432,-102.50016928357553
-2,0,92,46/545,STABLE,NONZERO_FIXED_POINT,-1.7790755022738054,-11.434539947233304,-106.98838163019602,-108.06202030079109
-2,0,93,651/8905,STABLE,NONZERO_FIXED_POINT,-1.8406371511437385,-12.058799630349036,-113.16751086591472,-114.30356380114574
-2,0,94,141/2273,STABLE,NONZERO_FIXED_POINT,-1.911125105826443,-12.772185881302384,-120.22903463449609,-121.43641495756563
-2,0,95,475/9281,STABLE,NONZERO_FIXED_POINT,-1.9938194193924144,-13.607502200407957,-128.49770571159303,-129.78860687464004
-2,0,96,3/74,STABLE,NONZERO_FIXED_POINT,-2.094214832097232,-14.619698885892811,-138.51753027189972,-139.90964073691106
-2,0,97,291/9665,STABLE,NONZERO_FIXED_POINT,-2.22261172095336,-15.911782531151985,-151.30827190585313,-152.82958077523182
-2,0,98,49/2465,STABLE,NONZERO_FIXED_POINT,-2.4021342960887857,-17.71499798990085,-169.15925306894226,-170.860873912527
-2,0,99,99/10057,STABLE,NONZERO_FIXED_POINT,-2.706569174094332,-20.76721411123247,-199.37537385347213,-201.3822071090029
-2,0,100,0,STABLE,NONZERO_FIXED_POINT,,,,
-2,1,1,11/57,STABLE,NONZERO_FIXED_POINT,-1.226365531493141,-7.583282583472158,-71.17219578893922,-71.88667795945348
-2,1,2,49/129,STABLE,NONZERO_FIXED_POINT,-0.9486674074377781,-4.604406178406663,-42.01946372851387,-42.43985735878459
-2,1,3,291/521,STABLE,NONZERO_FIXED_POINT,-0.7008393090898313,-2.808782961572362,-25.321946791407754,-25.574891525721398
-2,1,4,8/11,STABLE,NONZERO_FIXED_POINT,-0.3432116963480052,-1.3777721606783473,-13.701031634257646,-13.839334332423903
-2,1,5,475/537,STABLE,NONZERO_FIXED_POINT,-0.02116924807697984,-0.18121252046375247,-5.027194866377499,-5.0804723852794496
-2,1,6,141/137,UNSTABLE,SINGULAR_BOUNDARY_LIMIT,0.29969213273889395,1.6267302141096636,0.6520733383156312,0.7258774419356939
-2,1,7,217/187,UNSTABLE,SINGULAR_BOUNDARY_LIMIT,0.6639660099139473,1.2365969793043305,1.0410973315419199,1.041097851495607
-2,1,8,23/18,UNSTABLE,SINGULAR_BOUNDARY_LIMIT,1.213093484176845,1.6547986920939337,1.5847234360631433,1.5847234361018252
-2,1,9,819/593,UNSTABLE,SINGULAR_BOUNDARY_LIMIT,1.5945976679722875,1.997864121138825,1.9646873712978845,1.9646873712978845
-2,1,10,25/17,UNSTABLE,SINGULAR_BOUNDARY_LIMIT,1.1375278639163207,1.5276131635061212,1.5089651813204341,1.5089651813204341
-2,1,11,979/633,UNSTABLE,SINGULAR_BOUNDARY_LIMIT,0.9650850661490846,1.3519527986984627,1.340029903910306,1.3400299039102492
-2,1,12,66/41,UNSTABLE,SINGULAR_BOUNDARY_LIMIT,0.8779629174427566,1.266519290583716,1.2580644749810688,1.2580644749810403
-2,1,13,377/227,UNSTABLE,SINGULAR_BOUNDARY_LIMIT,0.8380292137783787,1.2311016137368114,1.2245683901385291,1.2245683901384723
-2,1,14,301/177,UNSTABLE,SINGULAR_BOUNDARY_LIMIT,0.8319412682249538,1.2313552384684314,1.2259272675976831,1.2259272675976831
-2,1,15,1275/737,UNSTABLE,SINGULAR_BOUNDARY_LIMIT,0.8571455946697011,1.2641810061411007,1.2593833689395524,1.2593833689395524
-2,1,16,7/4,UNSTABLE,SINGULAR_BOUNDARY_LIMIT,0.9191645707678182,1.3347755317470273,1.3303030639594766,1.3303030639594908
-2,1,17,1411/801,UNSTABLE,SINGULAR_BOUNDARY_LIMIT,1.0371730761509372,1.4621065206415196,1.4577404667551264,1.4577404667551264
-2,1,18,369/209,UNSTABLE,SINGULAR_BOUNDARY_LIMIT,1.276833874309304,1.711700337455376,1.7072637934783188,1.7072637934783188
-2,1,19,171/97,UNSTABLE,SINGULAR_BOUNDARY_LIMIT,2.4605484492665646,2.90586860499576,2.901199800717336,2.901199800717336
-2,1,20,100/57,UNSTABLE,SINGULAR_BOUNDARY_LIMIT,1.2464594960512176,1.7026979367856683,1.6976316535637466,1.6976316535637466
-2,1,21,1659/953,UNSTABLE,SINGULAR_BOUNDARY_LIMIT,0.8928844017529141,1.360476888182447,1.35482901134111,1.3548290113411667
-2,1,22,143/83,UNSTABLE,SINGULAR_BOUNDARY_LIMIT,0.6761111998202409,1.1554892415568148,1.1490414507662763,1.1490414507662479
-2,1,23,1771/1041,UNSTABLE,SINGULAR_BOUNDARY_LIMIT,0.5146840105707522,1.0062996205484467,0.9987819944320222,0.9987819944320222
-2,1,24,57/34,UNSTABLE,SINGULAR_BOUNDARY_LIMIT,0.38376610175787196,0.8881192803872224,0.8791887097629569,0.8791887097629569
-2,1,25,625/379,UNSTABLE,SINGULAR_BOUNDARY_LIMIT,0.2723546548959508,0.7900263737982698,0.7792383460248402,0.7792383460248402
-2,1,26,481/297,UNSTABLE,SINGULAR_BOUNDARY_LIMIT,0.17456447215063697,0.7062586095995442,0.6930291601923955,0.6930291601923955
-2,1,27,27/17,UNSTABLE,SINGULAR_BOUNDARY_LIMIT,0.08685813218848804,0.6334570775112027,0.6170103794784438,0.6170103794784438
-2,1,28,14/9,UNSTABLE,SINGULAR_BOUNDARY_LIMIT,0.0069323396334386445,0.5695731202197756,0.5488680009015354,0.5488680009015638
-2,1,29,2059/1353,UNSTABLE,SINGULAR_BOUNDARY_LIMIT,-0.06680287186834022,0.5133784967621438,0.48700355516001537,0.4870035551600722
-2,1,30,525/353,UNSTABLE,SINGULAR_BOUNDARY_LIMIT,-0.13549513277293102,0.46424195424746273,0.4302627605493967,0.43026276054945356
-2,1,31,713/491,UNSTABLE,SINGULAR_BOUNDARY_LIMIT,-0.2000024903437918,0.4220517145205065,0.3777824850603224,0.3777824850603224
-2,1,32,17/12,UNSTABLE,SINGULAR_BOUNDARY_LIMIT,-0.2609850548791304,0.38724774790490457,0.3288988686419998,0.3288988686419998
-2,1,33,2211/1601,UNSTABLE,SINGULAR_BOUNDARY_LIMIT,-0.3189628101093618,0.3609792821227771,0.2830893241691115,0.2830893241691115
-2,1,34,187/139,UNSTABLE,SINGULAR_BOUNDARY_LIMIT,-0.37435361336641293,0.34546826633918926,0.2399343831348233,0.2399343831353633
-2,1,35,2275/1737,UNSTABLE,SINGULAR_BOUNDARY_LIMIT,-0.4274990502248279,0.34480612710699177,0.19909171483743648,0.1990917148455651
-2,1,36,144/113,UNSTABLE,SINGULAR_BOUNDARY_LIMIT,-0.47868254861727877,0.36685763237309743,0.16027790888742288,0.16027790901250683
-2,1,37,259/209,UNSTABLE,SINGULAR_BOUNDARY_LIMIT,-0.5281423940913221,0.42871213874391856,0.12325537460452551,0.12325537663417663
-2,1,38,589/489,UNSTABLE,SINGULAR_BOUNDARY_LIMIT,-0.5760812892278668,0.5784524229628474,0.08782269871471726,0.08782273331058832
-2,1,39,2379/2033,UNSTABLE,SINGULAR_BOUNDARY_LIMIT,-0.622673511932252,1.1037019596121809,0.053807182179696156,0.05380779962024462
-2,1,40,25/22,UNSTABLE,SINGULAR_BOUNDARY_LIMIT,-0.6680703686526739,0.658450292502458,0.021054707765074454,0.02106621497193828
-2,1,41,2419/2193,UNSTABLE,SINGULAR_BOUNDARY_LIMIT,-0.7018573571306117,0.17498631986626378,-0.0001171824885091155,0.00010626180829831355
-2,1,42,609/569,UNSTABLE,SINGULAR_BOUNDARY_LIMIT,-0.7146627918469957,-0.10383563530477602,-0.0023265740641704724,0.002185082030223384
-2,1,43,817/787,UNSTABLE,SINGULAR_BOUNDARY_LIMIT,-0.7275512114499278,-0.32209287692845123,-0.04570818756553763,0.04910460043930698
-2,1,44,154/153,UNSTABLE,SINGULAR_BOUNDARY_LIMIT,-0.7405267367059416,-0.5113084978920384,-0.5286108863886909,-0.13423503280216664
-2,1,45,2475/2537,STABLE,NONZERO_FIXED_POINT,-0.7535938903947432,-0.6843923107655101,-1.7305192352190488,-1.7250067969708311
-2,1,46,69/73,STABLE,NONZERO_FIXED_POINT,-0.766757593692839,-0.8478800596479203,-3.0840487283257403,-3.107825791993122
-2,1,47,2491/2721,STABLE,NONZERO_FIXED_POINT,-0.7800231672632716,-1.0055144078268228,-4.460002192938077,-4.4983281620575895
-2,1,48,39/44,STABLE,NONZERO_FIXED_POINT,-0.7933963367979926,-1.1596166516492161,-5.851232344952308,-5.9036192604860105
-2,1,49,833/971,STABLE,NONZERO_FIXED_POINT,-0.8068832428580741,-1.3117084858638037,-7.257501555915098,-7.324075739819875
-2,1,50,625/753,STABLE,NONZERO_FIXED_POINT,-0.8204904549471941,-1.4628290864879716,-8.678969319730186,-8.759884276922321
-2,1,51,2499/3113,STABLE,NONZERO_FIXED_POINT,-0.834224989838626,-1.613711677195461,-10.115899988452952,-10.21131285294905
-2,1,52,52/67,STABLE,NONZERO_FIXED_POINT,-0.8480943342581755,-1.7648887546487657,-11.568647911831277,-11.678719370895209
-2,1,53,2491/3321,STABLE,NONZERO_FIXED_POINT,-0.8621064721079215,-1.9167582185997816,-13.037655280348929,-13.162550428410725
-2,1,54,621/857,STABLE,NONZERO_FIXED_POINT,-0.8762699165006289,-2.069626698772524,-14.523451389359764,-14.663340611106378
-2,1,55,275/393,STABLE,NONZERO_FIXED_POINT,-0.8905937469651892,-2.2237388817790347,-16.026652846214745,-16.181712702759853
-2,1,56,77/114,STABLE,NONZERO_FIXED_POINT,-0.905087652281857,-2.379297878176814,-17.54796470149691,-17.7183788276609
-2,1,57,2451/3761,STABLE,NONZERO_FIXED_POINT,-0.9197619795161245,-2.536479665290777,-19.08818251931166,-19.274142541482036
-2,1,58,203/323,STABLE,NONZERO_FIXED_POINT,-0.9346277899445621,-2.695443517099754,-20.648195419317943,-20.849901903735827
-2,1,59,2419/3993,STABLE,NONZERO_FIXED_POINT,-0.9496969227100713,-2.856339671649799,-22.228990141610495,-22.44665358344298
-2,1,60,150/257,STABLE,NONZERO_FIXED_POINT,-0.9649820672117944,-3.019315081253737,-23.831656205862373,-24.065498070137977
-2,1,61,793/1411,STABLE,NONZERO_FIXED_POINT,-0.9804968454336738,-3.184517832848101,-25.45739225901025,-25.70764608544698
-2,1,62,589/1089,STABLE,NONZERO_FIXED_POINT,-0.9962559056521609,-3.3521006565661438,-27.107513732037432,-27.37442631700611
-2,1,63,2331/4481,STABLE,NONZERO_FIXED_POINT,-1.0122750292481175,-3.5222238267776618,-28.78346195707718,-29.067294627469607
-2,1,64,1/2,STABLE,NONZERO_FIXED_POINT,-1.0285712526925384,-3.6950576822310293,-30.48681493237855,-30.78784492804253
-2,1,65,2275/4737,STABLE,NONZERO_FIXED_POINT,-1.0451630071959137,-3.8707849388404867,-32.21929996622703,-32.53782194996188
-2,1,66,561/1217,STABLE,NONZERO_FIXED_POINT,-1.0620702790270897,-4.0496029328245555,-33.98280848371536,-34.31913620068923
-2,1,67,737/1667,STABLE,NONZERO_FIXED_POINT,-1.0793147941451675,-4.231725908695651,-35.77941334491322,-36.13388145688225
-2,1,68,136/321,STABLE,NONZERO_FIXED_POINT,-1.0969202315815298,-4.417387453075577,-37.611389102883464,-37.984355226918126
-2,1,69,2139/5273,STABLE,NONZERO_FIXED_POINT,-1.1149124710029952,-4.606843169637386,-39.481235729577634,-39.87308271633759
-2,1,70,175/451,STABLE,NONZERO_FIXED_POINT,-1.1333198811409453,-4.800373691638477,-41.39170646282594,-41.802844956017566
-2,1,71,2059/5553,STABLE,NONZERO_FIXED_POINT,-1.1521736573644823,-4.998288136158003,-43.345840586286954,-43.776711913141526
-2,1,72,63/178,STABLE,NONZERO_FIXED_POINT,-1.1715082187154948,-5.200928118525127,-45.347002157002464,-45.798081609857775
-2,1,73,219/649,STABLE,NONZERO_FIXED_POINT,-1.1913616773568299,-5.408672467380583,-47.39892595661382,-47.87072653857405
-2,1,74,481/1497,STABLE,NONZERO_FIXED_POINT,-1.2117763968128408,-5.621942811927482,-49.50577228233669,-49.99884900630593
-2,1,75,1875/6137,STABLE,NONZERO_FIXED_POINT,-1.2327996598857638,-5.841210255681617,-51.67219264027801,-52.18714749149825
-2,1,76,38/131,STABLE,NONZERO_FIXED_POINT,-1.2544844731074676,-6.067003409146373,-53.90340899581699,-54.44089669485595
-2,1,77,1771/6441,STABLE,NONZERO_FIXED_POINT,-1.276890542598359,-6.299918132782388,-56.205310029445684,-56.76604476741153
-2,1,78,429/1649,STABLE,NONZERO_FIXED_POINT,-1.300085467069568,-6.540629449445717,-58.58456892243788,-59.16933228589767
-2,1,79,553/2251,STABLE,NONZERO_FIXED_POINT,-1.3241462086166642,-6.789906233994202,-61.04878867337186,-61.658439037067694
-2,1,80,25/108,STABLE,NONZERO_FIXED_POINT,-1.349160922692949,-7.048629494741789,-63.60668300009786,-64.24216674691277
-2,1,81,1539/7073,STABLE,NONZERO_FIXED_POINT,-1.3752312579127022,-7.3178153537714365,-66.2683037789991,-66.93066881725008
-2,1,82,41/201,STABLE,NONZERO_FIXED_POINT,-1.402475278273867,-7.598644252306045,-69.0453301256162,-69.73574232631694
-2,1,83,1411/7401,STABLE,NONZERO_FIXED_POINT,-1.4310312215392944,-7.892498518696648,-71.95144027475885,-72.67120366521391
-2,1,84,84/473,STABLE,NONZERO_FIXED_POINT,-1.4610623983804327,-8.201011345140756,-75.00279641403239,-75.75337826870827
-2,1,85,425/2579,STABLE,NONZERO_FIXED_POINT,-1.4927636747680069,-8.52613159799089,-78.2186862750828,-79.00174868717039
-2,1,86,301/1977,STABLE,NONZERO_FIXED_POINT,-1.5263701942638566,-8.87021102817043,-81.62238648982077,-82.4398266635406
-2,1,87,1131/8081,STABLE,NONZERO_FIXED_POINT,-1.5621693383648836,-9.2361238631579,-85.24234652720577,-86.09634902904617
-2,1,88,11/86,STABLE,NONZERO_FIXED_POINT,-1.6005174839194005,-9.627434370682298,-89.11384755238022,-90.00695331846553
-2,1,89,979/8433,STABLE,NONZERO_FIXED_POINT,-1.6418640693652815,-10.048637511554773,-93.28138487022653,-94.21658427875047
-2,1,90,225/2153,STABLE,NONZERO_FIXED_POINT,-1.686787163852884,-10.505514622198852,-97.80218916459154,-98.78305067630362
-2,1,91,91/977,STABLE,NONZERO_FIXED_POINT,-1.7360478409263251,-11.005677143545505,-102.75160939794324,-103.78246256934094
-2,1,92,46/561,STABLE,NONZERO_FIXED_POINT,-1.790676712467807,-11.559431953275919,-108.23167958541538,-109.31788461498999
-2,1,93,651/9161,STABLE,NONZERO_FIXED_POINT,-1.8521185496002452,-12.181227568302518,-114.38543618531725,-115.5337980798904
-2,1,94,47/779,STABLE,NONZERO_FIXED_POINT,-1.9224891421051566,-12.892222733001311,-121.42234710958076,-122.64178670931759
-2,1,95,475/9537,STABLE,NONZERO_FIXED_POINT,-2.0050684686869076,-13.725218116453007,-129.66713551430462,-130.96985368731418
-2,1,96,3/76,STABLE,NONZERO_FIXED_POINT,-2.1053511982151916,-14.735161319964613,-139.66377936290507,-141.06747170046623
-2,1,97,97/3307,STABLE,NONZERO_FIXED_POINT,-2.2336376391490163,-16.025056366858628,-152.43201536448237,-153.96467782512983
-2,1,98,49/2529,STABLE,NONZERO_FIXED_POINT,-2.413051935756231,-17.826145660631134,-170.26114034974543,-171.97389309906137
-2,1,99,99/10313,STABLE,NONZERO_FIXED_POINT,-2.7173806413298447,-20.876295713453885,-200.45602997399396,-202.47377979714608
-2,1,100,0,STABLE,NONZERO_FIXED_POINT,,,,
-2,2,1,99/1025,STABLE,NONZERO_FIXED_POINT,-1.5269720317730977,-10.624337960433891,-100.96722966114919,-101.98231833194336
-2,2,2,49/257,STABLE,NONZERO_FIXED_POINT,-1.2480108204698244,-7.655946545410735,-71.71254342452917,-72.43228046783199
-2,2,3,291/1033,STABLE,NONZERO_FIXED_POINT,-1.0942753768839886,-5.951266709575066,-54.919720489696374,-55.46992782223009
-2,2,4,24/65,STABLE,NONZERO_FIXED_POINT,-0.9920101258382612,-4.771408853204502,-43.281913860095386,-43.714615975026646
-2,2,5,475/1049,STABLE,NONZERO_FIXED_POINT,-0.9181131462964096,-3.8841163816796964,-34.507525542738165,-34.85160742130688
-2,2,6,141/265,STABLE,NONZERO_FIXED_POINT,-0.7994688191869521,-3.1224202234122274,-27.511379827760265,-27.785406589041685
-2,2,7,651/1073,STABLE,NONZERO_FIXED_POINT,-0.6498795808150106,-2.449203397740689,-21.76589965760212,-21.982918390999885
-2,2,8,23/34,STABLE,NONZERO_FIXED_POINT,-0.522346653142705,-1.8859512267656129,-16.999506974948304,-17.16925805597296
-2,2,9,63/85,STABLE,NONZERO_FIXED_POINT,-0.41303468427074463,-1.4071336542757464,-12.997674304925653,-13.127752681186308
-2,2,10,225/281,STABLE,NONZERO_FIXED_POINT,-0.31940535684784166,-0.9938992828512454,-9.61276602625594,-9.709289827923243
-2,2,11,979/1145,STABLE,NONZERO_FIXED_POINT,-0.23967277585832392,-0.6312875730532497,-6.738361168235031,-6.806383881315753
-2,2,12,66/73,STABLE,NONZERO_FIXED_POINT,-0.1724860026780597,-0.30660575085697417,-4.2948131857721705,-4.33857209208287
-2,2,13,1131/1193,STABLE,NONZERO_FIXED_POINT,-0.12233425176444612,-0.013778985424316659,-2.227255146053494,-2.248300392432725
-2,2,14,301/305,STABLE,NONZERO_FIXED_POINT,-0.11779451160881571,0.22976907562109972,-0.5655435455718134,-0.4602265217554873
-2,2,15,1275/1249,UNSTABLE,SINGULAR_BOUNDARY_LIMIT,-0.11932877486556137,0.4779849143488377,0.2715300801414742,0.5251900004635104
-2,2,16,21/20,UNSTABLE,SINGULAR_BOUNDARY_LIMIT,-0.12641342217430562,0.7564002771035518,0.3710507296925414,0.3866984915037506
-2,2,17,1411/1313,UNSTABLE,SINGULAR_BOUNDARY_LIMIT,-0.13848244307357227,1.1328901605396027,0.3716664035976578,0.37329053853068217
-2,2,18,369/337,UNSTABLE,SINGULAR_BOUNDARY_LIMIT,-0.15494688603551054,2.262901026959611,0.3622228527298148,0.3624850921018492
-2,2,19,1539/1385,UNSTABLE,SINGULAR_BOUNDARY_LIMIT,-0.1752174890266076,1.3827957338152999,0.3490007838304905,0.3490637563211294
-2,2,20,100/89,UNSTABLE,SINGULAR_BOUNDARY_LIMIT,-0.19872579899980014,1.1331329363735136,0.33299706642446836,0.3330186955589056
-2,2,21,1659/1465,UNSTABLE,SINGULAR_BOUNDARY_LIMIT,-0.22494094239249307,1.024347879124086,0.31473606585370817,0.31474633602624635
-2,2,22,33/29,UNSTABLE,SINGULAR_BOUNDARY_LIMIT,-0.25338092130341394,0.9755110171366823,0.2946511949713795,0.2946577380784561
-2,2,23,1771/1553,UNSTABLE,SINGULAR_BOUNDARY_LIMIT,-0.28361857774504173,0.9683955294647717,0.2731222025249167,0.2731276499886235
-2,2,24,57/50,UNSTABLE,SINGULAR_BOUNDARY_LIMIT,-0.3152831064231485,1.0047360749495127,0.2504788028464304,0.2504845923146206
-2,2,25,1875/1649,UNSTABLE,SINGULAR_BOUNDARY_LIMIT,-0.34805828171293207,1.1077230274136483,0.22700224880338737,0.22700994116144102
-2,2,26,481/425,UNSTABLE,SINGULAR_BOUNDARY_LIMIT,-0.38167854315388006,1.377037092764425,0.20292808704556364,0.20294062897596632
-2,2,27,1971/1753,UNSTABLE,SINGULAR_BOUNDARY_LIMIT,-0.4159239001389672,1.8715152477129138,0.17844942187480228,0.1784740995692573
-2,2,28,126/113,UNSTABLE,SINGULAR_BOUNDARY_LIMIT,-0.45061437798835513,1.0270881401666685,0.1537184066199302,0.15377613291079228
-2,2,29,2059/1865,UNSTABLE,SINGULAR_BOUNDARY_LIMIT,-0.48560449881138545,0.6833327137885448,0.12883880240622148,0.12899719026603407
-2,2,30,525/481,UNSTABLE,SINGULAR_BOUNDARY_LIMIT,-0.5207781015553294,0.4388429132109337,0.10382051834534423,0.10432411445617618
-2,2,31,2139/1985,UNSTABLE,SINGULAR_BOUNDARY_LIMIT,-0.5560436642707387,0.23793849674087397,0.07836128490617966,0.08019656971566747
-2,2,32,17/16,UNSTABLE,SINGULAR_BOUNDARY_LIMIT,-0.5913301939914444,0.0611296925605771,0.05077588252268583,0.05836658226539271
-2,2,33,2211/2113,UNSTABLE,SINGULAR_BOUNDARY_LIMIT,-0.6265836871577921,-0.10080197420980141,0.012499614951707372,0.04782037457130173
-2,2,34,561/545,UNSTABLE,SINGULAR_BOUNDARY_LIMIT,-0.6617641269600334,-0.2529944590139479,-0.0784013243969639,0.10734114414231044
-2,2,35,175/173,UNSTABLE,SINGULAR_BOUNDARY_LIMIT,-0.6787524369718927,-0.3805385181313312,-0.3469396550543138,0.6798041978119329
-2,2,36,144/145,STABLE,NONZERO_FIXED_POINT,-0.6899251770000276,-0.4979491500424018,-0.9384338908818108,-0.8281186932896389
-2,2,37,2331/2393,STABLE,NONZERO_FIXED_POINT,-0.7012192962471175,-0.6126637427681771,-1.7302695200418157,-1.7254150535209192
-2,2,38,589/617,STABLE,NONZERO_FIXED_POINT,-0.712632553798576,-0.7257735933185714,-2.596819556070159,-2.614836132455082
-2,2,39,2379/2545,STABLE,NONZERO_FIXED_POINT,-0.7241635675338607,-0.8380968400969948,-3.5042138380573533,-3.5332439545387615
-2,2,40,75/82,STABLE,NONZERO_FIXED_POINT,-0.7358117369883512,-0.9502596011307816,-4.4454130238041785,-4.484135795243446
-2,2,41,2419/2705,STABLE,NONZERO_FIXED_POINT,-0.7475771795806008,-1.0627481865923656,-5.4180930418907,-5.466621301488544
-2,2,42,609/697,STABLE,NONZERO_FIXED_POINT,-0.7594606783349693,-1.1759442742859676,-6.420760557114079,-6.4793757337387206
-2,2,43,2451/2873,STABLE,NONZERO_FIXED_POINT,-0.7714636395847592,-1.290149616503328,-7.452179284076806,-7.521171570404306
-2,2,44,154/185,STABLE,NONZERO_FIXED_POINT,-0.7835880594318354,-1.4056040681720745,-8.51128479808591,-8.59093580320041
-2,2,45,2475/3049,STABLE,NONZERO_FIXED_POINT,-0.7958364979792236,-1.5224991998895163,-9.597165161641328,-9.687747382538248
-2,2,46,621/785,STABLE,NONZERO_FIXED_POINT,-0.8082120605542613,-1.6409888863284436,-10.709050661257152,-10.810828717810637
-2,2,47,47/61,STABLE,NONZERO_FIXED_POINT,-0.820718385310462,-1.761197745350053,-11.846305619499304,-11.959537596573256
-2,2,48,3/4,STABLE,NONZERO_FIXED_POINT,-0.8333596367430127,-1.8832279924338042,-13.008421413490325,-13.13336015009854
-2,2,49,2499/3425,STABLE,NONZERO_FIXED_POINT,-0.8461405047816601,-2.0071650849312945,-14.195010547055006,-14.331904866757043
-2,2,50,625/881,STABLE,NONZERO_FIXED_POINT,-0.8590662092402699,-2.1330824133804143,-15.405801711035451,-15.554897602103381
-2,2,51,2499/3625,STABLE,NONZERO_FIXED_POINT,-0.8721425095085262,-2.2610452243815615,-16.640635786015935,-16.80217754079655
-2,2,52,156/233,STABLE,NONZERO_FIXED_POINT,-0.8853757194716891,-2.391113914103258,-17.899462754261577,-18.073694076933123
-2,2,53,2491/3833,STABLE,NONZERO_FIXED_POINT,-0.8987727277421094,-2.523346802670808,-19.182339499359102,-19.369504591076975
-2,2,54,621/985,STABLE,NONZERO_FIXED_POINT,-0.9123410233844851,-2.657802480862479,-20.489428483700237,-20.68977311402125
-2,2,55,2475/4049,STABLE,NONZERO_FIXED_POINT,-0.9260887274185556,-2.7945418076079704,-21.820997305876688,-22.034769879375517
-2,2,56,77/130,STABLE,NONZERO_FIXED_POINT,-0.9400246304910489,-2.9336296273116034,-23.17741915257517,-23.40487177970951
-2,2,57,2451/4273,STABLE,NONZERO_FIXED_POINT,-0.9541582372270359,-3.075136268605881,-24.559174172984854,-24.800563754549955
-2,2,58,609/1097,STABLE,NONZERO_FIXED_POINT,-0.968499817902666,-3.219138880037484,-25.966851818432133,-26.222441153374007
-2,2,59,2419/4505,STABLE,NONZERO_FIXED_POINT,-0.9830604682313204,-3.365722653048145,-27.40115420636897,-27.67121313332217
-2,2,60,150/289,STABLE,NONZERO_FIXED_POINT,-0.9978521782286958,-3.5149819783201224,-28.862900586478162,-29.147707170179018
-2,2,61,183/365,STABLE,NONZERO_FIXED_POINT,-1.0128879113254694,-3.6670215781141877,-30.353033008148657,-30.652874782874704
-2,2,62,589/1217,STABLE,NONZERO_FIXED_POINT,-1.0281816951369667,-3.8219576547054004,-31.87262331369334,-32.18779859713629
-2,2,63,2331/4993,STABLE,NONZERO_FIXED_POINT,-1.0437487255872142,-3.979919093517786,-33.422881611397315,-33.753700903931815
-2,2,64,9/20,STABLE,NONZERO_FIXED_POINT,-1.0596054864325062,-4.141048759189896,-35.005166418020025,-35.35195390424468
-2,2,65,2275/5249,STABLE,NONZERO_FIXED_POINT,-1.0757698866524983,-4.305504923710274,-36.62099670328081,-36.98409187505581
-2,2,66,561/1345,STABLE,NONZERO_FIXED_POINT,-1.0922614186952035,-4.473462868114709,-38.272066121135026,-38.65182554421722
-2,2,67,2211/5513,STABLE,NONZERO_FIXED_POINT,-1.1091013412021589,-4.6451167032566545,-39.96025977687742,-40.35705902677802
-2,2,68,136/353,STABLE,NONZERO_FIXED_POINT,-1.1263128906352993,-4.820681461141916,-41.6876739586659,-42.101909755683494
-2,2,69,2139/5785,STABLE,NONZERO_FIXED_POINT,-1.1439215272226448,-5.000395516656823,-43.45663936137203,-43.888731940088235
-2,2,70,525/1481,STABLE,NONZERO_FIXED_POINT,-1.1619552218952514,-5.184523410760903,-45.26974845563342,-45.720144210748686
-2,2,71,2059/6065,STABLE,NONZERO_FIXED_POINT,-1.1804447924822679,-5.373359161108361,-47.129887813467406,-47.59906227205198
-2,2,72,63/194,STABLE,NONZERO_FIXED_POINT,-1.1994242994719198,-5.567230165640275,-49.04027640445767,-49.528737584934305
-2,2,73,1971/6353,STABLE,NONZERO_FIXED_POINT,-1.2189315142806052,-5.7665018303763915,-51.00451113784618,-51.51280336890204
-2,2,74,37/125,STABLE,NONZERO_FIXED_POINT,-1.239008476401148,-5.971583086417553,-53.026621265833484,-53.555329554774545
-2,2,75,1875/6649,STABLE,NONZERO_FIXED_POINT,-1.2597021603063894,-6.182933005829234,-55.11113370983446,-55.660888770722124
-2,2,76,114/425,STABLE,NONZERO_FIXED_POINT,-1.2810652789608703,-6.401068785545853,-57.26315196354824,-57.834636042262105
-2,2,77,1771/6953,STABLE,NONZERO_FIXED_POINT,-1.3031572588064684,-6.626575448342521,-59.48845202036017,-60.08240568855575
-2,2,78,429/1777,STABLE,NONZERO_FIXED_POINT,-1.3260454319525827,-6.860117718403814,-61.79359984856825,-62.410829984188865
-2,2,79,1659/7265,STABLE,NONZERO_FIXED_POINT,-1.3498065062141826,-7.102454678024785,-64.18609641458909,-64.82748564719878
-2,2,80,25/116,STABLE,NONZERO_FIXED_POINT,-1.374528394381243,-7.354458019295791,-66.67455830788131,-67.3410762884362
-2,2,81,1539/7585,STABLE,NONZERO_FIXED_POINT,-1.400312513365865,-7.617134997190043,-69.26894491860008,-69.96166188389134
-2,2,82,369/1937,STABLE,NONZERO_FIXED_POINT,-1.4272767058127922,-7.891657609826112,-71.98084727124404,-72.7009505258041
-2,2,83,1411/7913,STABLE,NONZERO_FIXED_POINT,-1.4555589979091046,-8.179400143152577,-74.82385967163725,-75.57267382361039
-2,2,84,84/505,STABLE,NONZERO_FIXED_POINT,-1.4853224979938062,-8.481988125935771,-77.8140643204207,-78.59307641247744
-2,2,85,1275/8249,STABLE,NONZERO_FIXED_POINT,-1.5167618784490546,-8.801363119734127,-80.97067269663756,-81.78156381547143
-2,2,86,301/2105,STABLE,NONZERO_FIXED_POINT,-1.550112097524602,-9.139869910239014,-84.31688871798184,-85.16157432255966
-2,2,87,87/661,STABLE,NONZERO_FIXED_POINT,-1.5856603592439864,-9.500376081332867,-87.88109249263502,-88.76177469950204
-2,2,88,33/274,STABLE,NONZERO_FIXED_POINT,-1.6237628704106797,-9.88643956191629,-91.69849900385526,-92.61773562679775
-2,2,89,979/8945,STABLE,NONZERO_FIXED_POINT,-1.6648689064614697,-10.302549262852153,-95.81354038879641,-96.77433804189667
-2,2,90,225/2281,STABLE,NONZERO_FIXED_POINT,-1.7095563802283422,-10.7544807445218,-100.28338702223994,-101.2893297894052
-2,2,91,819/9305,STABLE,NONZERO_FIXED_POINT,-1.7585862152806797,-11.249839931599865,-105.18333026946902,-106.23876274517534
-2,2,92,46/593,STABLE,NONZERO_FIXED_POINT,-1.8129888795509501,-11.798928431976726,-110.61534912173673,-111.72564598341941
-2,2,93,651/9673,STABLE,NONZERO_FIXED_POINT,-1.874209005937729,-12.416189726669735,-116.72242745592854,-117.8944076551337
-2,2,94,141/2465,STABLE,NONZERO_FIXED_POINT,-1.944362251441678,-13.122777746190721,-123.71398292144107,-124.95658073239892
-2,2,95,475/10049,STABLE,NONZERO_FIXED_POINT,-2.0267284671643857,-13.951488556584998,-131.91469061401125,-133.24011985061156
-2,2,96,3/80,STABLE,NONZERO_FIXED_POINT,-2.1268021993008226,-14.957265356373926,-141.86848252860693,-143.2944512608792
-2,2,97,291/10433,STABLE,NONZERO_FIXED_POINT,-2.2548836383276445,-16.243107956351267,-154.5950513936096,-156.1495676120058
-2,2,98,49/2657,STABLE,NONZERO_FIXED_POINT,-2.4340968150004514,-18.04025472829992,-172.38365194827688,-174.11784742265868
-2,2,99,99/10825,STABLE,NONZERO_FIXED_POINT,-2.7382281733603424,-21.086568324571587,-202.5391195526505,-204.5779122630784
-2,2,100,0,STABLE,NONZERO_FIXED_POINT,,,,
-2,3,1,33/683,STABLE,NONZERO_FIXED_POINT,-1.8277901247825188,-13.651264988415619,-130.76696696694006,-132.08287373074367
-2,3,2,49/513,STABLE,NONZERO_FIXED_POINT,-1.5481950622503469,-10.690929622519569,-101.46392399495875,-102.48384528004206
-2,3,3,291/2057,STABLE,NONZERO_FIXED_POINT,-1.393409347059091,-8.986550612421702,-84.57792655473276,-85.42726785744156
-2,3,4,8/43,STABLE,NONZERO_FIXED_POINT,-1.2896864794946556,-7.799995049129365,-72.80367877156543,-73.53405724015307
-2,3,5,475/2073,STABLE,NONZERO_FIXED_POINT,-1.2139369601967136,-6.899764530315302,-63.85137129913733,-64.49127699160636
-2,3,6,141/521,STABLE,NONZERO_FIXED_POINT,-1.1558903174864747,-6.182609702960441,-56.70066675175107,-57.26828536239523
-2,3,7,217/699,STABLE,NONZERO_FIXED_POINT,-1.110077433225114,-5.593347926268265,-50.806902896713154,-51.31492033861031
-2,3,8,23/66,STABLE,NONZERO_FIXED_POINT,-1.0732400524102195,-5.098952881214885,-45.84459375254394,-46.30240985206822
-2,3,9,819/2129,STABLE,NONZERO_FIXED_POINT,-0.9921281672808346,-4.626895848594984,-41.55228302943436,-41.96717478911222
-2,3,10,75/179,STABLE,NONZERO_FIXED_POINT,-0.921859811938468,-4.219065433230156,-37.84257894997555,-38.22037071756375
-2,3,11,979/2169,STABLE,NONZERO_FIXED_POINT,-0.8603866758201182,-3.863920266153926,-34.611453847797236,-34.95693070800826
-2,3,12,66/137,STABLE,NONZERO_FIXED_POINT,-0.8061971096339082,-3.5528898337934294,-31.781780967260033,-32.09895759887459
-2,3,13,377/739,STABLE,NONZERO_FIXED_POINT,-0.7581433324990066,-3.2794229584181664,-29.294688338576805,-29.586991426765792
-2,3,14,301/561,STABLE,NONZERO_FIXED_POINT,-0.7153329370105785,-3.0383905944310143,-27.10412891333516,-27.37452527899751
-2,3,15,1275/2273,STABLE,NONZERO_FIXED_POINT,-0.677057983227277,-2.8256957933404365,-25.173331289081148,-25.424420540036124
-2,3,16,7/12,STABLE,NONZERO_FIXED_POINT,-0.6484994089862699,-2.643762533627374,-23.478153081204894,-23.71223628723827
-2,3,17,1411/2337,STABLE,NONZERO_FIXED_POINT,-0.649581850187257,-2.5102404484573384,-22.014300915441595,-22.233432614079447
-2,3,18,369/593,STABLE,NONZERO_FIXED_POINT,-0.6516771527863003,-2.39460088767008,-20.732869076080817,-20.938897403286035
-2,3,19,513/803,STABLE,NONZERO_FIXED_POINT,-0.6546511919802711,-2.2951047796835837,-19.6165385559745,-19.811136736141293
-2,3,20,100/153,STABLE,NONZERO_FIXED_POINT,-0.658393026279124,-2.2102723531917405,-18.650477643593973,-18.835169074411567
-2,3,21,1659/2489,STABLE,NONZERO_FIXED_POINT,-0.6628101847021775,-2.1388327398961025,-17.821863432428472,-17.99804194301271
-2,3,22,143/211,STABLE,NONZERO_FIXED_POINT,-0.6678250738244067,-2.0796846751171785,-17.119515828309915,-17.288462246142558
-2,3,23,1771/2577,STABLE,NONZERO_FIXED_POINT,-0.6733722029277303,-2.031865498122812,-16.533613867071097,-16.696509724431962
-2,3,24,57/82,STABLE,NONZERO_FIXED_POINT,-0.6793960159380799,-1.9945265492554611,-16.055473162431042,-16.21341215914228
-2,3,25,625/891,STABLE,NONZERO_FIXED_POINT,-0.6858491796159409,-1.9669136232928395,-15.677369368825339,-15.831367055518115
-2,3,26,481/681,STABLE,NONZERO_FIXED_POINT,-0.6926912191063792,-1.9483514872275265,-15.392396705747387,-15.543398741286353
-2,3,27,1971/2777,STABLE,NONZERO_FIXED_POINT,-0.6998874209658723,-1.9382316864341647,-15.194353495765483,-15.34324275123629
-2,3,28,42/59,STABLE,NONZERO_FIXED_POINT,-0.7074079443134931,-1.9360030009323381,-15.077648728948503,-15.22525145019273
-2,3,29,2059/2889,STABLE,NONZERO_FIXED_POINT,-0.7152270954899826,-1.941164009563991,-15.037225148751247,-15.1843163439774
-2,3,30,525/737,STABLE,NONZERO_FIXED_POINT,-0.7233227323243661,-1.9532572968772683,-15.068495434750332,-15.215803619203427
-2,3,31,713/1003,STABLE,NONZERO_FIXED_POINT,-0.7316757719949862,-1.9718649074446546,-15.167288854449737,-15.315500257618226
-2,3,32,17/24,STABLE,NONZERO_FIXED_POINT,-0.7402697823419153,-1.9966047200358048,-15.32980635055631,-15.479568670889648
-2,3,33,2211/3137,STABLE,NONZERO_FIXED_POINT,-0.7490906409021321,-2.0271274797654613,-15.55258247766676,-15.704508253785775
-2,3,34,187/267,STABLE,NONZERO_FIXED_POINT,-0.7581262492907115,-2.063114288047352,-15.832452942523503,-15.987122597351572
-2,3,35,2275/3273,STABLE,NONZERO_FIXED_POINT,-0.7673662931197214,-2.1042744053699707,-16.166526762839965,-16.324491367154906
-2,3,36,144/209,STABLE,NONZERO_FIXED_POINT,-0.7768020396313027,-2.1503432685565897,-16.552162261265096,-16.7139460552809
-2,3,37,777/1139,STABLE,NONZERO_FIXED_POINT,-0.7864261667678285,-2.2010806612705665,-16.98694626797493,-17.153048973253135
-2,3,38,589/873,STABLE,NONZERO_FIXED_POINT,-0.7962326186162851,-2.256269004123048,-17.46867602838978,-17.639574977308257
-2,3,39,2379/3569,STABLE,NONZERO_FIXED_POINT,-0.8062164831244996,-2.315711749721288,-17.995343409581437,-18.17149551549977
-2,3,40,25/38,STABLE,NONZERO_FIXED_POINT,-0.8163738887523628,-2.3792318797776346,-18.56512107603453,-18.7469646639793
-2,3,41,2419/3729,STABLE,NONZERO_FIXED_POINT,-0.8267019173356598,-2.446670507611344,-19.17635036705383,-19.364306882053313
-2,3,42,609/953,STABLE,NONZERO_FIXED_POINT,-0.8371985309371954,-2.517885591618061,-19.827530657703903,-20.02200626570942
-2,3,43,817/1299,STABLE,NONZERO_FIXED_POINT,-0.84786251086493,-2.592750764961089,-20.51731002535996,-20.718697119900582
-2,3,44,154/249,STABLE,NONZERO_FIXED_POINT,-0.8586934073698629,-2.67115428499239,-21.244477076773705,-21.45315570303299
-2,3,45,2475/4073,STABLE,NONZERO_FIXED_POINT,-0.8696914988125357,-2.752998103583394,-22.00795381760554,-22.224293024421968
-2,3,46,207/347,STABLE,NONZERO_FIXED_POINT,-0.8808577593185483,-2.8381970572156376,-22.806789468890912,-23.03114859822489
-2,3,47,2491/4257,STABLE,NONZERO_FIXED_POINT,-0.8921938341398121,-2.926678173702065,-23.64015515388536,-23.872885076526018
-2,3,48,39/68,STABLE,NONZERO_FIXED_POINT,-0.9037020221071286,-3.018380090963703,-24.50733939496439,-24.74878370064414
-2,3,49,833/1483,STABLE,NONZERO_FIXED_POINT,-0.9153852647075507,-3.1132525824315636,-25.407744374383412,-25.658240524004952
-2,3,50,625/1137,STABLE,NONZERO_FIXED_POINT,-0.9272471414516161,-3.211256183359083,-26.34088292526718,-26.600763372610857
-2,3,51,2499/4649,STABLE,NONZERO_FIXED_POINT,-0.9392918713159109,-3.3123619125497896,-27.30637623064456,-27.57596952070122
-2,3,52,52/99,STABLE,NONZERO_FIXED_POINT,-0.9515243201588142,-3.416551084642208,-28.30395221906366,-28.583584070026404
-2,3,53,2491/4857,STABLE,NONZERO_FIXED_POINT,-0.9639500141157065,-3.5238152090612544,-29.333444655665232,-29.623439031601777
-2,3,54,621/1241,STABLE,NONZERO_FIXED_POINT,-0.9765751590871474,-3.6341559729653525,-30.39479293788702,-30.69547311920917
-2,3,55,825/1691,STABLE,NONZERO_FIXED_POINT,-0.9894066665432106,-3.7475853069283502,-31.488042615530617,-31.799732274578446
-2,3,56,77/162,STABLE,NONZERO_FIXED_POINT,-1.0024521859822677,-3.8641255336548355,-32.613346666079735,-32.93637095544989
-2,3,57,2451/5297,STABLE,NONZERO_FIXED_POINT,-1.0157201445066768,-3.983809601713773,-33.7709675682529,-34.10565422993642
-2,3,58,203/451,STABLE,NONZERO_FIXED_POINT,-1.0292197941150913,-4.106681408088058,-34.9612802301975,-35.307960734162236
-2,3,59,2419/5529,STABLE,NONZERO_FIXED_POINT,-1.0429612674657402,-4.232796215295458,-36.184775843923035,-36.543786565499886
-2,3,60,150/353,STABLE,NONZERO_FIXED_POINT,-1.0569556430425013,-4.362221170976866,-37.44206675505953,-37.81375020139163
-2,3,61,793/1923,STABLE,NONZERO_FIXED_POINT,-1.0712150208623896,-4.495035940227609,-38.73389245743874,-39.11859855435955
-2,3,62,589/1473,STABLE,NONZERO_FIXED_POINT,-1.0857526101069777,-4.631333463645113,-40.06112684611355,-40.45921429816906
-2,3,63,2331/6017,STABLE,NONZERO_FIXED_POINT,-1.1005828303509695,-4.771220857181689,-41.424786891219924,-41.836624629190965
-2,3,64,3/8,STABLE,NONZERO_FIXED_POINT,-1.1157214284114376,-4.914820473553819,-42.82604292976721,-43.25201166203949
-2,3,65,2275/6273,STABLE,NONZERO_FIXED_POINT,-1.1311856132661866,-5.062271149331629,-44.26623081456694,-44.70672470111117
-2,3,66,561/1601,STABLE,NONZERO_FIXED_POINT,-1.1469942120101884,-5.2137296671240705,-45.74686621107486,-46.20229468173801
-2,3,67,737/2179,STABLE,NONZERO_FIXED_POINT,-1.1631678504604022,-5.36937246875226,-47.2696613964996,-47.74045113888684
-2,3,68,136/417,STABLE,NONZERO_FIXED_POINT,-1.1797291628163773,-5.529397663313233,-48.83654499449912,-49.323142141102664
-2,3,69,2139/6809,STABLE,NONZERO_FIXED_POINT,-1.1967030357807253,-5.694027384031159,-50.44968517756752,-50.95255772717434
-2,3,70,175/579,STABLE,NONZERO_FIXED_POINT,-1.2141168938002895,-5.863510560372177,-52.11151699370026,-52.63115750874141
-2,3,71,2059/7089,STABLE,NONZERO_FIXED_POINT,-1.2320010336842095,-6.0381261878604775,-53.824774631980176,-54.36170326171418
-2,3,72,63/226,STABLE,NONZERO_FIXED_POINT,-1.2503890188971738,-6.218187198455283,-55.59252964398803,-56.14729753368184
-2,3,73,657/2459,STABLE,NONZERO_FIXED_POINT,-1.2693181464612042,-6.404045060696987,-57.418236398915155,-57.99142955809407
-2,3,74,481/1881,STABLE,NONZERO_FIXED_POINT,-1.288830002829176,-6.596095273126103,-59.30578638991386,-59.89803010909043
-2,3,75,1875/7673,STABLE,NONZERO_FIXED_POINT,-1.308971129598941,-6.794783959532403,-61.259573455387624,-61.87153738152466
-2,3,76,38/163,STABLE,NONZERO_FIXED_POINT,-1.3297938259142832,-7.000615834361845,-63.28457257078588,-63.91697657857304
-2,3,77,1771/7977,STABLE,NONZERO_FIXED_POINT,-1.351357122412491,-7.2141638867419715,-65.38643565990759,-66.04005669076878
-2,3,78,429/2033,STABLE,NONZERO_FIXED_POINT,-1.3737279724437066,-7.436081240239346,-67.57160895049549,-68.24728903694881
-2,3,79,553/2763,STABLE,NONZERO_FIXED_POINT,-1.3969827212002812,-7.667115794592959,-69.84747787539123,-70.54613362900307
-2,3,80,25/132,STABLE,NONZERO_FIXED_POINT,-1.4212089341350964,-7.908128463075755,-72.22254757395112,-72.94518149648493
-2,3,81,1539/8609,STABLE,NONZERO_FIXED_POINT,-1.446507695310947,-8.160116111769483,-74.70666994556103,-75.4543840335474
-2,3,82,123/731,STABLE,NONZERO_FIXED_POINT,-1.4729965282627795,-8.424240726438462,-77.31133235921672,-78.08534462473517
-2,3,83,1411/8937,STABLE,NONZERO_FIXED_POINT,-1.5008131531050708,-8.70186694419553,-80.05002917711022,-80.85169392129058
-2,3,84,84/569,STABLE,NONZERO_FIXED_POINT,-1.5301203844817781,-8.99461099580941,-82.93874624590302,-83.7695792262362
-2,3,85,425/3091,STABLE,NONZERO_FIXED_POINT,-1.5611126128376096,-9.30440548332031,-85.9966021596922,-86.85831223470518
-2,3,86,301/2361,STABLE,NONZERO_FIXED_POINT,-1.5940245256594334,-9.63358655933628,-89.24671130159192,-90.1412407930768
-2,3,87,1131/9617,STABLE,NONZERO_FIXED_POINT,-1.6291430668338194,-9.985013489359282,-92.71736747914184,-93.64694449026246
-2,3,88,11/102,STABLE,NONZERO_FIXED_POINT,-1.666824193136577,-10.36223618719411,-96.4437024949416,-97.41090998154529
-2,3,89,979/9969,STABLE,NONZERO_FIXED_POINT,-1.7075169395993832,-10.769735840790673,-100.470068314174,-101.47793721836928
-2,3,90,225/2537,STABLE,NONZERO_FIXED_POINT,-1.7517989878128226,-11.2132805690174,-104.85355803984282,-105.9056959889532
-2,3,91,273/3443,STABLE,NONZERO_FIXED_POINT,-1.800431038835729,-11.700469125974507,-109.66938856006402,-110.77016293572797
-2,3,92,46/657,STABLE,NONZERO_FIXED_POINT,-1.8544433464123742,-12.241596209777235,-115.01946708093791,-116.1742746188161
-2,3,93,651/10697,STABLE,NONZERO_FIXED_POINT,-1.9152803371897118,-12.851098642650193,-121.0467082866528,-122.26238929388876
-2,3,94,47/907,STABLE,NONZERO_FIXED_POINT,-1.9850574694888703,-13.550123937799036,-127.96046312986869,-129.24597255899303
-2,3,95,475/11073,STABLE,NONZERO_FIXED_POINT,-2.0670544029594033,-14.371461976272421,-136.08534241212277,-137.45291410241322
-2,3,96,3/88,STABLE,NONZERO_FIXED_POINT,-2.1667654992458445,-15.370049995042622,-145.96521614635765,-147.4325775637882
-2,3,97,97/3819,STABLE,NONZERO_FIXED_POINT,-2.294490770867565,-16.648882058250642,-158.61971730378013,-160.21489522788724
-2,3,98,49/2913,STABLE,NONZERO_FIXED_POINT,-2.4733540769240356,-18.43919099767711,-176.3380430070018,-178.11218741160096
-2,3,99,99/11849,STABLE,NONZERO_FIXED_POINT,-2.7771416958247386,-21.478834124375354,-206.42497305858262,-208.50301956346138
-2,3,100,0,STABLE,NONZERO_FIXED_POINT,,,,
-2,4,1,99/4097,STABLE,NONZERO_FIXED_POINT,-2.1287141303344663,-16.67022497850514,-160.56816345115288,-162.1849942205085
-2,4,2,49/1025,STABLE,NONZERO_FIXED_POINT,-1.8488015625303031,-13.714806379434094,-131.2417792767642,-132.56230706212747
-2,4,3,291/4105,STABLE,NONZERO_FIXED_POINT,-1.6934882168198264,-12.011811365599485,-114.31020671539085,-115.4596268878604
-2,4,4,24/257,STABLE,NONZERO_FIXED_POINT,-1.5890298925267006,-10.823311934652697,-102.46855939882363,-103.49828128044328
-2,4,5,475/4121,STABLE,NONZERO_FIXED_POINT,-1.5123402726274406,-9.918007820525695,-93.4275092567479,-94.36581826164758
-2,4,6,141/1033,STABLE,NONZERO_FIXED_POINT,-1.4531529157065686,-9.192840495365473,-86.1672680850489,-87.03214929391314
-2,4,7,651/4145,STABLE,NONZERO_FIXED_POINT,-1.406003537646063,-8.59281091379863,-80.14378653910507,-80.94773008542319
-2,4,8,23/130,STABLE,NONZERO_FIXED_POINT,-1.367639469175188,-8.085069715363325,-75.03225067458624,-75.78446619087546
-2,4,9,819/4177,STABLE,NONZERO_FIXED_POINT,-1.2848169811076326,-7.597259390545531,-70.57193045795964,-71.27951103146432
-2,4,10,225/1049,STABLE,NONZERO_FIXED_POINT,-1.21266101443247,-7.171434893156366,-66.67620929071325,-67.34480226079543
-2,4,11,979/4217,STABLE,NONZERO_FIXED_POINT,-1.1491307248207896,-6.7962169269627,-63.241877974876786,-63.87609888408855
-2,4,12,66/265,STABLE,NONZERO_FIXED_POINT,-1.0927224164143094,-6.463192829135252,-60.19266559561106,-60.79636753400601
-2,4,13,1131/4265,STABLE,NONZERO_FIXED_POINT,-1.0422966748880587,-6.165964494366726,-57.47058726628376,-58.04704369686192
-2,4,14,301/1073,STABLE,NONZERO_FIXED_POINT,-0.9969697977203689,-5.8995500944950905,-55.03050800484857,-55.582541231220716
-2,4,15,1275/4321,STABLE,NONZERO_FIXED_POINT,-0.9560428138135375,-5.659992680984601,-52.836587160930776,-53.36666124247205
-2,4,16,21/68,STABLE,NONZERO_FIXED_POINT,-0.918953492036128,-5.444095350850358,-50.859873215163816,-51.370162833136135
-2,4,17,1411/4385,STABLE,NONZERO_FIXED_POINT,-0.8852429529673369,-5.249236839484851,-49.07662953277037,-49.569072116718075
-2,4,18,369/1105,STABLE,NONZERO_FIXED_POINT,-0.8545318623383507,-5.073239908711038,-47.4671398845357,-47.94347579639776
-2,4,19,1539/4457,STABLE,NONZERO_FIXED_POINT,-0.8361356721589122,-4.923907960427641,-46.024470403659734,-46.486274417914444
-2,4,20,100/281,STABLE,NONZERO_FIXED_POINT,-0.8361974807789254,-4.806099459434897,-44.74096871804343,-45.18967503794849
-2,4,21,1659/4537,STABLE,NONZERO_FIXED_POINT,-0.8370828460723434,-4.701078585698866,-43.58718022794045,-44.024102621182124
-2,4,22,429/1145,STABLE,NONZERO_FIXED_POINT,-0.8387052851020016,-4.60780686336652,-42.5528068875862,-42.9791550820774
-2,4,23,1771/4625,STABLE,NONZERO_FIXED_POINT,-0.8409911225876705,-4.525381684147902,-41.628887291679916,-42.045780467564896
-2,4,24,57/146,STABLE,NONZERO_FIXED_POINT,-0.8438772535971975,-4.4530133639954315,-40.8075706764906,-41.216048676602526
-2,4,25,1875/4721,STABLE,NONZERO_FIXED_POINT,-0.8473093705727237,-4.390006907472603,-40.08193742384054,-40.48297015220811
-2,4,26,481/1193,STABLE,NONZERO_FIXED_POINT,-0.8512405447093094,-4.3357473719472,-39.445855107299224,-39.840350474595766
-2,4,27,1971/4825,STABLE,NONZERO_FIXED_POINT,-0.8556300808803279,-4.2896880166145905,-38.8938620179685,-39.28267271136883
-2,4,28,126/305,STABLE,NONZERO_FIXED_POINT,-0.8604425859719207,-4.251340628957266,-38.42107216157626,-38.80500145580547
-2,4,29,2059/4937,STABLE,NONZERO_FIXED_POINT,-0.8656472053395383,-4.220267570522566,-38.023097195981165,-38.40290397658271
-2,4,30,525/1249,STABLE,NONZERO_FIXED_POINT,-0.8712169929119575,-4.196075192658164,-37.695981854836134,-38.07238498980428
-2,4,31,2139/5057,STABLE,NONZERO_FIXED_POINT,-0.8771283884361498,-4.178408353052987,-37.43615019743254,-37.80983236649354
-2,4,32,17/40,STABLE,NONZERO_FIXED_POINT,-0.8833607812946713,-4.166945823757246,-37.24036061739892,-37.611971687348614
-2,4,33,2211/5185,STABLE,NONZERO_FIXED_POINT,-0.8898961447993194,-4.161396426457301,-37.105667989832796,-37.475828007979146
-2,4,34,561/1313,STABLE,NONZERO_FIXED_POINT,-0.8967187282657054,-4.1614957651257924,-37.02939167679261,-37.3986935416259
-2,4,35,2275/5321,STABLE,NONZERO_FIXED_POINT,-0.903814796783454,-4.167003452572487,-37.00908837268031,-37.37810023061195
-2,4,36,144/337,STABLE,NONZERO_FIXED_POINT,-0.9111724106173114,-4.177700747908787,-37.042528973887556,-37.411796382663624
-2,4,37,2331/5465,STABLE,NONZERO_FIXED_POINT,-0.9187812377512223,-4.19338853797381,-37.12767881565634,-37.49772670842145
-2,4,38,589/1385,STABLE,NONZERO_FIXED_POINT,-0.9266323943280614,-4.213885608426615,-37.26268074406988,-37.634015222683274
-2,4,39,2379/5617,STABLE,NONZERO_FIXED_POINT,-0.9347183087206616,-4.239027160278511,-37.44584059029904,-37.81895057213791
-2,4,40,75/178,STABLE,NONZERO_FIXED_POINT,-0.9430326057549356,-4.268663535713593,-37.67561469359126,-38.05097343250844
-2,4,41,2419/5777,STABLE,NONZERO_FIXED_POINT,-0.9515700082371072,-4.30265912356613,-37.95059918342605,-38.32866568260562
-2,4,42,609/1465,STABLE,NONZERO_FIXED_POINT,-0.960326253448935,-4.340891420129523,-38.26952078315708,-38.65074111521437
-2,4,43,2451/5945,STABLE,NONZERO_FIXED_POINT,-0.9692980226924846,-4.383250225318555,-38.6312289399022,-39.01603748760482
-2,4,44,154/377,STABLE,NONZERO_FIXED_POINT,-0.9784828823102245,-4.429636957795736,-39.03468912042976,-39.42350974979908
-2,4,45,2475/6121,STABLE,NONZERO_FIXED_POINT,-0.9878792348920378,-4.479964075658842,-39.47897714188662,-39.872224318116196
-2,4,46,621/1553,STABLE,NONZERO_FIXED_POINT,-0.9974862796207322,-4.534154591793595,-39.963274430646834,-40.36135428619883
-2,4,47,2491/6305,STABLE,NONZERO_FIXED_POINT,-1.0073039809114768,-4.592141675121901,-40.48686412331375,-40.8901754866863
-2,4,48,39/100,STABLE,NONZERO_FIXED_POINT,-1.0173330446760147,-4.653868330802009,-41.049127941762436,-41.458063334735954
-2,4,49,2499/6497,STABLE,NONZERO_FIXED_POINT,-1.0275749016960827,-4.719287154028194,-41.64954378971777,-42.0644904003567
-2,4,50,625/1649,STABLE,NONZERO_FIXED_POINT,-1.0380316977273036,-4.7883601534899185,-42.2876840322491,-42.709024670549525
-2,4,51,2499/6697,STABLE,NONZERO_FIXED_POINT,-1.0487062900795454,-4.861058641830191,-42.9632144321921,-43.39132847500184
-2,4,52,156/425,STABLE,NONZERO_FIXED_POINT,-1.0596022505363134,-4.937363191632514,-43.67589372926872,-44.111158060964584
-2,4,53,2491/6905,STABLE,NONZERO_FIXED_POINT,-1.0707238745875038,-5.017263656601415,-44.42557385893059,-44.868363814308736
-2,4,54,621/1753,STABLE,NONZERO_FIXED_POINT,-1.0820761970603954,-5.100759258719158,-45.21220081903556,-45.66289113495276
-2,4,55,2475/7121,STABLE,NONZERO_FIXED_POINT,-1.0936650143461115,-5.187858743294051,-46.03581620370363,-46.49478198620386
-2,4,56,77/226,STABLE,NONZERO_FIXED_POINT,-1.1054969135364345,-5.278580604997984,-46.89655943543087,-47.364177149405805
-2,4,57,2451/7345,STABLE,NONZERO_FIXED_POINT,-1.1175793089122799,-5.372953389259926,-47.79467073911513,-48.271319227989295
-2,4,58,609/1865,STABLE,NONZERO_FIXED_POINT,-1.129920486364263,-5.471016074776998,-48.73049491547005,-49.21655645898193
-2,4,59,2419/7577,STABLE,NONZERO_FIXED_POINT,-1.1425296564823757,-5.572818544471865,-49.704485986819236,-50.20034740570679
-2,4,60,150/481,STABLE,NONZERO_FIXED_POINT,-1.1554170172307074,-5.678422154018563,-50.717212806005335,-51.2232666233235
-2,4,61,2379/7817,STABLE,NONZERO_FIXED_POINT,-1.1685938273314935,-5.787900409142388,-51.76936573976519,-52.286011409685045
-2,4,62,589/1985,STABLE,NONZERO_FIXED_POINT,-1.1820724917278458,-5.901339765352752,-52.86176456218362,-53.38940977849563
-2,4,63,2331/8065,STABLE,NONZERO_FIXED_POINT,-1.1958666607865283,-6.018840566689434,-53.99536772273791,-54.53442982094231
-2,4,64,9/32,STABLE,NONZERO_FIXED_POINT,-1.209991345253286,-6.140518143575694,-55.1712831881907,-55.72219065707128
-2,4,65,2275/8321,STABLE,NONZERO_FIXED_POINT,-1.2244630493993505,-6.266504094133417,-56.39078109975162,-56.95397522076854
-2,4,66,561/2113,STABLE,NONZERO_FIXED_POINT,-1.2392999253188606,-6.396947778528549,-57.65530853850123,-58.23124517429733
-2,4,67,2211/8585,STABLE,NONZERO_FIXED_POINT,-1.2545219519792816,-6.532018062338686,-58.96650675563558,-59.55565831255376
-2,4,68,136/545,STABLE,NONZERO_FIXED_POINT,-1.2701511434244654,-6.6719053529114305,-60.3262313030273,-60.929088896933706
-2,4,69,2139/8857,STABLE,NONZERO_FIXED_POINT,-1.286211791527565,-6.816823982658164,-61.736575598331854,-62.353651458438094
-2,4,70,525/2249,STABLE,NONZERO_FIXED_POINT,-1.3027307499481182,-6.967015005798871,-63.19989858329643,-63.83172873532607
-2,4,71,2059/9137,STABLE,NONZERO_FIXED_POINT,-1.3197377675436233,-7.122749491034234,-64.71885729191365,-65.3660045702074
-2,4,72,63/290,STABLE,NONZERO_FIXED_POINT,-1.3372658815284488,-7.2843324130465845,-66.2964453472508,-66.95950279569615
-2,4,73,1971/9425,STABLE,NONZERO_FIXED_POINT,-1.3553518833084546,-7.452107272085662,-67.9360386666769,-68.61563340127526
-2,4,74,481/2393,STABLE,NONZERO_FIXED_POINT,-1.374036873349887,-7.626461605197392,-69.64144999478646,-70.33824761702601
-2,4,75,1875/9721,STABLE,NONZERO_FIXED_POINT,-1.3933669259471841,-7.807833597714307,-71.4169943293989,-72.1317040004655
-2,4,76,114/617,STABLE,NONZERO_FIXED_POINT,-1.4133938907319923,-7.996720063402243,-73.26756789779057,-74.00094821048731
-2,4,77,1771/10025,STABLE,NONZERO_FIXED_POINT,-1.4341763657795639,-8.193686141796306,-75.19874413366756,-75.95160995376972
-2,4,78,429/2545,STABLE,NONZERO_FIXED_POINT,-1.4557808880343455,-8.399377169915233,-77.21689118108338,-77.99012167557146
-2,4,79,1659/10337,STABLE,NONZERO_FIXED_POINT,-1.4782834016898718,-8.614533334676246,-79.32931692790777,-80.12386505815692
-2,4,80,25/164,STABLE,NONZERO_FIXED_POINT,-1.5017710858991071,-8.840007919741659,-81.54444962480318,-82.36135346417882
-2,4,81,1539/10657,STABLE,NONZERO_FIXED_POINT,-1.526344652454597,-9.076790253161604,-83.87206504272535,-84.71246138867139
-2,4,82,369/2705,STABLE,NONZERO_FIXED_POINT,-1.5521212660178367,-9.32603488157666,-86.32357527401558,-87.18871617729917
-2,4,83,1411/10985,STABLE,NONZERO_FIXED_POINT,-1.5792383006278108,-9.589099108249798,-88.91240033605584,-89.80367338355796
-2,4,84,84/697,STABLE,NONZERO_FIXED_POINT,-1.6078582370840042,-9.867591940851,-91.65445273212532,-92.57340622416143
-2,4,85,1275/11321,STABLE,NONZERO_FIXED_POINT,-1.6381751436807193,-10.16343887373209,-94.56877877436182,-95.51715337998655
-2,4,86,301/2873,STABLE,NONZERO_FIXED_POINT,-1.670423396939606,-10.478969071131928,-97.67842167657761,-98.65819080697571
-2,4,87,1131/11665,STABLE,NONZERO_FIXED_POINT,-1.7048896404847582,-10.817034932725193,-101.01160523291594,-102.02502737112025
-2,4,88,33/370,STABLE,NONZERO_FIXED_POINT,-1.7419295410746045,-11.181179631627899,-104.60339242446133,-105.65308020865041
-2,4,89,979/12017,STABLE,NONZERO_FIXED_POINT,-1.7819918535342438,-11.575877742267117,-108.49806761612905,-109.58708098549823
-2,4,90,225/3049,STABLE,NONZERO_FIXED_POINT,-1.8256539886461347,-12.006890898665503,-112.75265755527357,-113.88463246152759
-2,4,91,819/12377,STABLE,NONZERO_FIXED_POINT,-1.8736763856677676,-12.481811499798539,-117.44231403691981,-118.6216455261009
-2,4,92,46/785,STABLE,NONZERO_FIXED_POINT,-1.9270890451766611,-13.010928019000367,-122.6688804496678,-123.90099227473146
-2,4,93,651/12745,STABLE,NONZERO_FIXED_POINT,-1.9873361489337267,-13.608671184301826,-128.57520894440324,-129.86696779564033
-2,4,94,141/3233,STABLE,NONZERO_FIXED_POINT,-2.0565329183182186,-14.296182545205816,-135.3705892293055,-136.7309758212617
-2,4,95,475/13121,STABLE,NONZERO_FIXED_POINT,-2.137958783661743,-15.106246149148994,-143.37957215130314,-144.82084547717005
-2,4,96,3/104,STABLE,NONZERO_FIXED_POINT,-2.2371078846099586,-16.093793528911334,-153.14596905645283,-154.68588114103193
-2,4,97,291/13505,STABLE,NONZERO_FIXED_POINT,-2.364280018712156,-17.361813172949837,-165.6893555317929,-167.35595713133046
-2,4,98,49/3425,STABLE,NONZERO_FIXED_POINT,-2.542598836849926,-19.141532464745325,-183.29887259093917,-185.14333708673908
-2,4,99,99/13897,STABLE,NONZERO_FIXED_POINT,-2.8458504157035165,-22.17080339312446,-213.27924519283226,-215.4265310557503
-2,4,100,0,STABLE,NONZERO_FIXED_POINT,,,,
-1,-4,1,3,UNSTABLE,SINGULAR_BOUNDARY_LIMIT,0.06411749961174884,0.1976643512550087,0.1976564079819667,0.1976564079819667
-1,-4,2,49/9,UNSTABLE,SINGULAR_BOUNDARY_LIMIT,0.03586385997963326,0.12612913668284165,0.12612911281286188,0.12612911281283345
-1,-4,3,291/41,UNSTABLE,SINGULAR_BOUNDARY_LIMIT,0.03830837292701261,0.12085933489907319,0.1208593329099017,0.1208593329099017
-1,-4,4,8,UNSTABLE,SINGULAR_BOUNDARY_LIMIT,0.045255125574755084,0.12983140420477213,0.12983140350908684,0.12983140350908684
-1,-4,5,25/3,UNSTABLE,SINGULAR_BOUNDARY_LIMIT,0.0536549373115518,0.14426564565983568,0.14426564513993867,0.1442656451399671
-1,-4,6,141/17,UNSTABLE,SINGULAR_BOUNDARY_LIMIT,0.06278174533317582,0.16143774289868418,0.16143774230241092,0.1614377423023825
-1,-4,7,217/27,UNSTABLE,SINGULAR_BOUNDARY_LIMIT,0.07240817038250924,0.1802431150840178,0.18024311420919048,0.18024311420919048
-1,-4,8,23/3,UNSTABLE,SINGULAR_BOUNDARY_LIMIT,0.08246049996061267,0.20016400261819456,0.20016400114076305,0.20016400114076305
-1,-4,9,819/113,UNSTABLE,SINGULAR_BOUNDARY_LIMIT,0.09292508411914646,0.2209391047164857,0.22093910201886047,0.22093910201886047
-1,-4,10,75/11,UNSTABLE,SINGULAR_BOUNDARY_LIMIT,0.10381684649864198,0.24243528552621285,0.24243528039812645,0.24243528039812645
-1,-4,11,979/153,UNSTABLE,SINGULAR_BOUNDARY_LIMIT,0.11516720629610688,0.26459078193855134,0.2645907720199716,0.2645907720199716
-1,-4,12,6,UNSTABLE,SINGULAR_BOUNDARY_LIMIT,0.12701919319477195,0.28738768723655284,0.2873876679876304,0.28738766798761617
-1,-4,13,377/67,UNSTABLE,SINGULAR_BOUNDARY_LIMIT,0.13942563984021916,0.3108378420341751,0.31083780486659407,0.31083780486659407
-1,-4,14,301/57,UNSTABLE,SINGULAR_BOUNDARY_LIMIT,0.15244890185958582,0.3349754736061854,0.334975402557518,0.334975402557518
-1,-4,15,1275/257,UNSTABLE,SINGULAR_BOUNDARY_LIMIT,0.16616148801771047,0.3598535549291313,0.3598534208512092,0.35985342085115235
-1,-4,16,14/3,UNSTABLE,SINGULAR_BOUNDARY_LIMIT,0.1806473683750509,0.3855424347046963,0.38554218528094,0.38554218528091155
-1,-4,17,1411/321,UNSTABLE,SINGULAR_BOUNDARY_LIMIT,0.1696749753379887,0.38580110476407725,0.38580064762982147,0.3858006476297646
-1,-4,18,369/89,UNSTABLE,SINGULAR_BOUNDARY_LIMIT,0.16119201255754945,0.3885708581633551,0.3885700327725772,0.3885700327725772
-1,-4,19,513/131,UNSTABLE,SINGULAR_BOUNDARY_LIMIT,0.15516855707257804,0.39381761436862917,0.39381614572181434,0.39381614572181434
-1,-4,20,100/27,UNSTABLE,SINGULAR_BOUNDARY_LIMIT,0.15162391702340727,0.401558250210563,0.4015556736576116,0.4015556736576116
-1,-4,21,1659/473,UNSTABLE,SINGULAR_BOUNDARY_LIMIT,0.15062787210282558,0.4118614904448208,0.4118570308160656,0.4118570308160656
-1,-4,22,143/43,UNSTABLE,SINGULAR_BOUNDARY_LIMIT,0.15230518462020548,0.4248522042164211,0.42484458346828546,0.4248445834683139
-1,-4,23,161/51,UNSTABLE,SINGULAR_BOUNDARY_LIMIT,0.15684400269500998,0.44071970952336414,0.44070684337637545,0.440706843376347
-1,-4,24,3,UNSTABLE,SINGULAR_BOUNDARY_LIMIT,0.16450938650586622,0.45973131510048404,0.45970983850912717,0.45970983850912717
-1,-4,25,625/219,UNSTABLE,SINGULAR_BOUNDARY_LIMIT,0.1756641234017824,0.4822532813917064,0.48221781173901945,0.48221781173901945
-1,-4,26,481/177,UNSTABLE,SINGULAR_BOUNDARY_LIMIT,0.19080057092129543,0.5087829754617346,0.5087249761061798,0.5087249761062367
-1,-4,27,1971/761,UNSTABLE,SINGULAR_BOUNDARY_LIMIT,0.21059010194104388,0.5399988556995083,0.5399048935075257,0.5399048935075825
-1,-4,28,42/17,UNSTABLE,SINGULAR_BOUNDARY_LIMIT,0.2359621624749506,0.5768403943099258,0.5766894820736468,0.5766894820736468
-1,-4,29,2059/873,UNSTABLE,SINGULAR_BOUNDARY_LIMIT,0.2682360878179928,0.62064123236879,0.6204007941234977,0.6204007941234408
-1,-4,30,525/233,UNSTABLE,SINGULAR_BOUNDARY_LIMIT,0.30935345933749403,0.6733635746220301,0.6729833442195172,0.6729833442195172
-1,-4,31,713/331,UNSTABLE,SINGULAR_BOUNDARY_LIMIT,0.362318734838734,0.7380418946635245,0.7374447181957748,0.737444718195718
-1,-4,32,68/33,UNSTABLE,SINGULAR_BOUNDARY_LIMIT,0.43212083789470945,0.8197091436206065,0.8187771470188068,0.8187771470188068
-1,-4,33,2211/1121,UNSTABLE,SINGULAR_BOUNDARY_LIMIT,0.5279448958320287,0.9276154197581192,0.9261692340281229,0.9261692340281229
-1,-4,34,17/9,UNSTABLE,SINGULAR_BOUNDARY_LIMIT,0.6697169928615834,1.081783138366788,1.0795507011799828,1.0795507011799828
-1,-4,35,2275/1257,UNSTABLE,SINGULAR_BOUNDARY_LIMIT,0.9162492881860231,1.3411678723462117,1.337737503476717,1.33773750347666
-1,-4,36,144/83,UNSTABLE,SINGULAR_BOUNDARY_LIMIT,1.7506233706313274,2.189065626250901,2.1838151826367493,2.1838151826367493
-1,-4,37,777/467,UNSTABLE,SINGULAR_BOUNDARY_LIMIT,1.011283220370652,1.4642426520656144,1.4562318302071162,1.4562318302071162
-1,-4,38,589/369,UNSTABLE,SINGULAR_BOUNDARY_LIMIT,0.647389678681936,1.1163477995490965,1.1041525607874974,1.1041525607874974
-1,-4,39,2379/1553,UNSTABLE,SINGULAR_BOUNDARY_LIMIT,0.43580665980753963,0.9229922071381083,0.9044457292392849,0.9044457292392281
-1,-4,40,25/17,UNSTABLE,SINGULAR_BOUNDARY_LIMIT,0.2817751963712425,0.7905804491893207,0.7623569832003909,0.7623569832003909
-1,-4,41,2419/1713,UNSTABLE,SINGULAR_BOUNDARY_LIMIT,0.15825305825650027,0.6939292990031092,0.6508488907272749,0.6508488907272749
-1,-4,42,609/449,UNSTABLE,SINGULAR_BOUNDARY_LIMIT,0.05365759985050289,0.6245463189968348,0.5583437979262271,0.5583437979263977
-1,-4,43,43/33,UNSTABLE,SINGULAR_BOUNDARY_LIMIT,-0.03805771687745363,0.5818510038038127,0.47880036403626036,0.47880036404581006
-1,-4,44,154/123,UNSTABLE,SINGULAR_BOUNDARY_LIMIT,-0.12045543706546091,0.5729755817591382,0.4086614601454528,0.4086614606504497
-1,-4,45,225/187,UNSTABLE,SINGULAR_BOUNDARY_LIMIT,-0.19581552568958394,0.6206067873997938,0.34565275877477575,0.3456527851615192
-1,-4,46,207/179,UNSTABLE,SINGULAR_BOUNDARY_LIMIT,-0.265688204206743,0.8076624829219199,0.2882292526472554,0.28823061588906285
-1,-4,47,2491/2241,UNSTABLE,SINGULAR_BOUNDARY_LIMIT,-0.3311777369678701,1.6719663445915245,0.2352582363256488,0.2353280793086583
-1,-4,48,78/73,UNSTABLE,SINGULAR_BOUNDARY_LIMIT,-0.39310046954021516,0.45416972533578104,0.1842034445347167,0.18776190046602892
-1,-4,49,833/811,UNSTABLE,SINGULAR_BOUNDARY_LIMIT,-0.4520785912582834,0.030856488197024134,0.05668153325103731,0.23973612644726927
-1,-4,50,625/633,STABLE,NONZERO_FIXED_POINT,-0.5085986619560305,-0.2826269217529216,-0.9653279635502372,-0.8886346848515245
-1,-4,51,2499/2633,STABLE,NONZERO_FIXED_POINT,-0.5630497028618802,-0.5513211588729803,-2.6671717801818318,-2.6882478490309154
-1,-4,52,52/57,STABLE,NONZERO_FIXED_POINT,-0.615748872315308,-0.7966241037080124,-4.407484424079598,-4.447324562632048
-1,-4,53,2491/2841,STABLE,NONZERO_FIXED_POINT,-0.6443836335744688,-1.0056816272395679,-6.128239235207673,-6.185336134707654
-1,-4,54,621/737,STABLE,NONZERO_FIXED_POINT,-0.6578715047306645,-1.192405173687554,-7.838886045992183,-7.91326192207805
-1,-4,55,825/1019,STABLE,NONZERO_FIXED_POINT,-0.6715262629016046,-1.3750200222593492,-9.556058589520148,-9.647778824758177
-1,-4,56,7/9,STABLE,NONZERO_FIXED_POINT,-0.6853578035704189,-1.555352308847766,-11.281135019196626,-11.39027948861765
-1,-4,57,2451/3281,STABLE,NONZERO_FIXED_POINT,-0.699376643822422,-1.7346056902851146,-13.015534306351356,-13.14219722548529
-1,-4,58,203/283,STABLE,NONZERO_FIXED_POINT,-0.7135939825000115,-1.9136111925909063,-14.760723262216317,-14.905013659827375
-1,-4,59,2419/3513,STABLE,NONZERO_FIXED_POINT,-0.7280217675990688,-2.0929694668929955,-16.518224461637033,-16.680266743067193
-1,-4,60,150/227,STABLE,NONZERO_FIXED_POINT,-0.7426727719723178,-2.273136300457473,-18.289624900947587,-18.469559499085022
-1,-4,61,793/1251,STABLE,NONZERO_FIXED_POINT,-0.7575606785957092,-2.4544761624214715,-20.076585516687544,-20.274569639063316
-1,-4,62,31/51,STABLE,NONZERO_FIXED_POINT,-0.7727001768836068,-2.6372968268209007,-21.88085171928182,-22.097060201545503
-1,-4,63,2331/4001,STABLE,NONZERO_FIXED_POINT,-0.7881070718171426,-2.82187238271014,-23.704265122852462,-23.938891400710872
-1,-4,64,24/43,STABLE,NONZERO_FIXED_POINT,-0.8037984079896745,-3.0084589424418233,-25.54877668536406,-25.802033899232043
-1,-4,65,2275/4257,STABLE,NONZERO_FIXED_POINT,-0.8197926110890918,-3.1973056975003473,-27.416461513953777,-27.688583763137842
-1,-4,66,561/1097,STABLE,NONZERO_FIXED_POINT,-0.8361096498489946,-3.388663005916243,-29.309535640527997,-29.600779406846527
-1,-4,67,67/137,STABLE,NONZERO_FIXED_POINT,-0.852771222135214,-3.582788613414749,-31.230375135089986,-31.541020899545572
-1,-4,68,136/291,STABLE,NONZERO_FIXED_POINT,-0.8698009696249134,-3.7799527505489223,-33.18153800214944,-33.511892082765144
-1,-4,69,2139/4793,STABLE,NONZERO_FIXED_POINT,-0.8872247265268633,-3.980442622447022,-35.16578940336461,-35.516186047784856
-1,-4,70,175/411,STABLE,NONZERO_FIXED_POINT,-0.9050708090434023,-4.184566666789323,-37.18613087316709,-37.556934646356865
-1,-4,71,2059/5073,STABLE,NONZERO_FIXED_POINT,-0.9233703538657174,-4.392658870163054,-39.24583435136566,-39.63744286706503
-1,-4,72,63/163,STABLE,NONZERO_FIXED_POINT,-0.9421577160325487,-4.605083385763983,-41.348482058253296,-41.76132911320366
-1,-4,73,657/1787,STABLE,NONZERO_FIXED_POINT,-0.9614709391141139,-4.822239676411037,-43.498013498045,-43.93257268099086
-1,-4,74,481/1377,STABLE,NONZERO_FIXED_POINT,-0.9813523141100085,-5.044568410577753,-45.69878121552199,-46.15557007940504
-1,-4,75,1875/5657,STABLE,NONZERO_FIXED_POINT,-1.001849047952927,-5.272558363545983,-47.95561737636416,-48.43520228304084
-1,-4,76,38/121,STABLE,NONZERO_FIXED_POINT,-1.0230140684851854,-5.506754621574949,-50.27391383300579,-50.776915606705415
-1,-4,77,1771/5961,STABLE,NONZERO_FIXED_POINT,-1.0449070007863774,-5.747768457635942,-52.659719130817564,-53.18681969145695
-1,-4,78,39/139,STABLE,NONZERO_FIXED_POINT,-1.0675953605942432,-5.996289349490517,-55.11985698476735,-55.671807177994964
-1,-4,79,553/2091,STABLE,NONZERO_FIXED_POINT,-1.0911560254721344,-6.253099755665254,-57.66207223280463,-58.23970113431767
-1,-4,80,50/201,STABLE,NONZERO_FIXED_POINT,-1.1156770651158379,-6.519093469332681,-60.29521232527938,-60.89943837836387
-1,-4,81,81/347,STABLE,NONZERO_FIXED_POINT,-1.1412600414542666,-6.795298660742112,-63.029455306510215,-63.66129976242246
-1,-4,82,123/563,STABLE,NONZERO_FIXED_POINT,-1.1680229311371857,-7.082907136892224,-65.87659939643768,-66.53720267984966
-1,-4,83,1411/6921,STABLE,NONZERO_FIXED_POINT,-1.1961038841524285,-7.383311957729688,-68.85043533398687,-69.54107716947328
-1,-4,84,84/443,STABLE,NONZERO_FIXED_POINT,-1.2256661231794546,-7.6981564561959175,-71.96723163924383,-72.689356079405
-1,-4,85,425/2419,STABLE,NONZERO_FIXED_POINT,-1.2569044261664057,-8.02939908784333,-75.2463766016316,-76.00162353994313
-1,-4,86,301/1857,STABLE,NONZERO_FIXED_POINT,-1.290053848787247,-8.37940067716476,-78.7112420039661,-79.50148741211206
-1,-4,87,1131/7601,STABLE,NONZERO_FIXED_POINT,-1.325401684932034,-8.751044042563855,-82.39036740035448,-83.21777552796146
-1,-4,88,11/81,STABLE,NONZERO_FIXED_POINT,-1.3633042242525484,-9.147901590467182,-86.31911929189393,-87.18621162561435
-1,-4,89,89/723,STABLE,NONZERO_FIXED_POINT,-1.404210818514338,-9.574475996285408,-90.54207386421712,-91.4518221548667
-1,-4,90,225/2033,STABLE,NONZERO_FIXED_POINT,-1.448699450819806,-10.036555913015434,-95.11653849992956,-96.07249336045624
-1,-4,91,273/2771,STABLE,NONZERO_FIXED_POINT,-1.4975311093771388,-10.541759724340878,-100.11793493234467,-101.1244088110862
-1,-4,92,46/531,STABLE,NONZERO_FIXED_POINT,-1.5517363215211937,-11.100400899377703,-105.64836625597181,-106.71070294537171
-1,-4,93,651/8681,STABLE,NONZERO_FIXED_POINT,-1.6127597746825675,-11.72693421609776,-111.85093453720395,-112.97592330485679
-1,-4,94,47/739,STABLE,NONZERO_FIXED_POINT,-1.682717175862921,-12.442524369069325,-118.93517002993013,-120.13171661038925
-1,-4,95,475/9057,STABLE,NONZERO_FIXED_POINT,-1.764888421948509,-13.279977684885168,-127.22585515737774,-128.5061459154956
-1,-4,96,12/289,STABLE,NONZERO_FIXED_POINT,-1.8647681009946364,-14.294247146651355,-137.2670242537455,-138.64874085045446
-1,-4,97,97/3147,STABLE,NONZERO_FIXED_POINT,-1.9926564416850319,-15.588341899616509,-150.07846766919732,-151.5895926778443
-1,-4,98,49/2409,STABLE,NONZERO_FIXED_POINT,-2.17167750958086,-17.39350922412723,-167.94953330144207,-169.6411740214119
-1,-4,99,99/9833,STABLE,NONZERO_FIXED_POINT,-2.4756177803612314,-20.447620277961846,-198.1851454442093,-200.1821962887739
-1,-4,100,0,STABLE,NONZERO_FIXED_POINT,,,,
-1,-3,1,99/65,UNSTABLE,SINGULAR_BOUNDARY_LIMIT,0.1775594299737815,0.41221310649188325,0.4053682551858344,0.4053682551858344
-1,-3,2,49/17,UNSTABLE,SINGULAR_BOUNDARY_LIMIT,0.08205981042803501,0.22845368209815575,0.22844100524017108,0.22844100524017108
-1,-3,3,291/73,UNSTABLE,SINGULAR_BOUNDARY_LIMIT,0.062348548857318775,0.18486336565288042,0.1848628087852262,0.1848628087852262
-1,-3,4,24/5,UNSTABLE,SINGULAR_BOUNDARY_LIMIT,0.061935296793289574,0.1775459063969791,0.17754580846758472,0.17754580846758472
-1,-3,5,475/89,UNSTABLE,SINGULAR_BOUNDARY_LIMIT,0.06704426801899643,0.18302248537322185,0.18302244753573405,0.18302244753573405
-1,-3,6,141/25,UNSTABLE,SINGULAR_BOUNDARY_LIMIT,0.07446971645746636,0.19457673847266221,0.19457671451232272,0.19457671451232272
-1,-3,7,651/113,UNSTABLE,SINGULAR_BOUNDARY_LIMIT,0.0831532359911975,0.2095704783257304,0.20957045733518953,0.20957045733518953
-1,-3,8,23/4,UNSTABLE,SINGULAR_BOUNDARY_LIMIT,0.09267722023789382,0.22677116047110246,0.2267711376061925,0.2267711376061925
-1,-3,9,819/145,UNSTABLE,SINGULAR_BOUNDARY_LIMIT,0.10286479697880502,0.2455399652938297,0.24553993642734895,0.24553993642734895
-1,-3,10,225/41,UNSTABLE,SINGULAR_BOUNDARY_LIMIT,0.11364577490153138,0.26552617974657267,0.2655261394688466,0.2655261394688466
-1,-3,11,979/185,UNSTABLE,SINGULAR_BOUNDARY_LIMIT,0.1250042665345692,0.286534445840239,0.28653438572007417,0.28653438572007417
-1,-3,12,66/13,UNSTABLE,SINGULAR_BOUNDARY_LIMIT,0.1369560201490252,0.3084609549114887,0.3084608610598423,0.3084608610598423
-1,-3,13,1131/233,UNSTABLE,SINGULAR_BOUNDARY_LIMIT,0.14953805576665502,0.33126051710409854,0.33126036627919575,0.33126036627919575
-1,-3,14,301/65,UNSTABLE,SINGULAR_BOUNDARY_LIMIT,0.16280400002138684,0.3549288062456597,0.35492855946984037,0.35492855946984037
-1,-3,15,75/17,UNSTABLE,SINGULAR_BOUNDARY_LIMIT,0.17682237970949544,0.3794927038639244,0.37949229597018075,0.37949229597018075
-1,-3,16,21/5,UNSTABLE,SINGULAR_BOUNDARY_LIMIT,0.19167668060762022,0.405005342420381,0.40500466505037025,0.40500466505037025
-1,-3,17,1411/353,UNSTABLE,SINGULAR_BOUNDARY_LIMIT,0.18113772808528772,0.4052152193157994,0.40521409349156556,0.40521409349156556
-1,-3,18,369/97,UNSTABLE,SINGULAR_BOUNDARY_LIMIT,0.17315828298397484,0.40805860963865115,0.4080567418851615,0.40805674188510466
-1,-3,19,1539/425,UNSTABLE,SINGULAR_BOUNDARY_LIMIT,0.16771623996870133,0.41350127726630603,0.4134981899893546,0.4134981899893546
-1,-3,20,100/29,UNSTABLE,SINGULAR_BOUNDARY_LIMIT,0.1648418673897396,0.4215646914979132,0.42155961336723635,0.42155961336723635
-1,-3,21,1659/505,UNSTABLE,SINGULAR_BOUNDARY_LIMIT,0.16461975102183857,0.43232727119603,0.4323189658150568,0.4323189658150568
-1,-3,22,429/137,UNSTABLE,SINGULAR_BOUNDARY_LIMIT,0.1671944272831265,0.44592955843732796,0.4459160583819539,0.4459160583819539
-1,-3,23,1771/593,UNSTABLE,SINGULAR_BOUNDARY_LIMIT,0.17278051186946897,0.4625840821046623,0.46256227867303323,0.4625622786730901
-1,-3,24,57/20,UNSTABLE,SINGULAR_BOUNDARY_LIMIT,0.18167887969138974,0.48259145049750174,0.48255646458633805,0.48255646458633805
-1,-3,25,1875/689,UNSTABLE,SINGULAR_BOUNDARY_LIMIT,0.1943016360084222,0.5063654213542961,0.5063096438471462,0.5063096438471462
-1,-3,26,13/5,UNSTABLE,SINGULAR_BOUNDARY_LIMIT,0.2112106623172787,0.5344717678890376,0.5343834030585128,0.5343834030585128
-1,-3,27,1971/793,UNSTABLE,SINGULAR_BOUNDARY_LIMIT,0.233178297534419,0.5676895686120957,0.5675504327936096,0.5675504327936096
-1,-3,28,126/53,UNSTABLE,SINGULAR_BOUNDARY_LIMIT,0.26128616097011914,0.6071110375873019,0.6068932451869102,0.6068932451869102
-1,-3,29,2059/905,UNSTABLE,SINGULAR_BOUNDARY_LIMIT,0.29709388045515794,0.654311829110334,0.6539728200988293,0.6539728200988293
-1,-3,30,525/241,UNSTABLE,SINGULAR_BOUNDARY_LIMIT,0.34294577400950743,0.7116601236711446,0.7111352228920396,0.7111352228920964
-1,-3,31,2139/1025,UNSTABLE,SINGULAR_BOUNDARY_LIMIT,0.4025764555688376,0.7829258543864341,0.7821171603655444,0.7821171603655444
-1,-3,32,2,UNSTABLE,SINGULAR_BOUNDARY_LIMIT,0.48245008822472935,0.8746253822635133,0.8733851953281118,0.8733851953281118
-1,-3,33,2211/1153,UNSTABLE,SINGULAR_BOUNDARY_LIMIT,0.5952499350974261,0.9995191565601047,0.9976252676846684,0.9976252676846684
-1,-3,34,561/305,UNSTABLE,SINGULAR_BOUNDARY_LIMIT,0.7717219085722142,1.188467420198215,1.1855862210592818,1.1855862210592818
-1,-3,35,2275/1289,UNSTABLE,SINGULAR_BOUNDARY_LIMIT,1.129800508312087,1.5595744748830427,1.5552057240620343,1.5552057240620343
-1,-3,36,144/85,UNSTABLE,SINGULAR_BOUNDARY_LIMIT,1.4978127498245914,1.9414205159502913,1.93481418697678,1.93481418697678
-1,-3,37,2331/1433,UNSTABLE,SINGULAR_BOUNDARY_LIMIT,0.8252629330033123,1.283889551199728,1.2739195225205435,1.2739195225206004
-1,-3,38,589/377,UNSTABLE,SINGULAR_BOUNDARY_LIMIT,0.5528296707877693,1.0282346794584,1.013204170230324,1.013204170230324
-1,-3,39,2379/1585,UNSTABLE,SINGULAR_BOUNDARY_LIMIT,0.3724136768300106,0.8672373859558036,0.8445728829149175,0.8445728829148607
-1,-3,40,75/52,UNSTABLE,SINGULAR_BOUNDARY_LIMIT,0.23413835804079586,0.752398797313937,0.7181533207083532,0.7181533207083532
-1,-3,41,2419/1745,UNSTABLE,SINGULAR_BOUNDARY_LIMIT,0.12013002456928845,0.6680670702062201,0.6160762650309834,0.6160762650309834
-1,-3,42,609/457,UNSTABLE,SINGULAR_BOUNDARY_LIMIT,0.02190260414402445,0.6095115311517816,0.5298603392106429,0.5298603392116661
-1,-3,43,2451/1913,UNSTABLE,SINGULAR_BOUNDARY_LIMIT,-0.0652518802449471,0.5788585844766558,0.45480249460877076,0.4548024946593614
-1,-3,44,154/125,UNSTABLE,SINGULAR_BOUNDARY_LIMIT,-0.14422262504590222,0.5872706223808848,0.388018705276977,0.38801870777336944
-1,-3,45,2475/2089,UNSTABLE,SINGULAR_BOUNDARY_LIMIT,-0.21691382512257817,0.668941996088094,0.32761014224359997,0.327610264066891
-1,-3,46,621/545,UNSTABLE,SINGULAR_BOUNDARY_LIMIT,-0.284649455958645,0.9812347154988075,0.27225557904660036,0.2722614821885827
-1,-3,47,2491/2273,UNSTABLE,SINGULAR_BOUNDARY_LIMIT,-0.3483894103995908,0.9454666335995014,0.2208614656327086,0.22114623935510735
-1,-3,48,39/37,UNSTABLE,SINGULAR_BOUNDARY_LIMIT,-0.4088535715492174,0.29490924689672937,0.16617081845265602,0.1798795271653546
-1,-3,49,147/145,UNSTABLE,SINGULAR_BOUNDARY_LIMIT,-0.46659722434889694,-0.074040978787977,-0.11888227634631221,0.7401722404831048
-1,-3,50,625/641,STABLE,NONZERO_FIXED_POINT,-0.5220590665690796,-0.3663619787875163,-1.4865824915129906,-1.4739556200316315
-1,-3,51,2499/2665,STABLE,NONZERO_FIXED_POINT,-0.5755929752984787,-0.6236431205867774,-3.194137709054246,-3.221583154272764
-1,-3,52,156/173,STABLE,NONZERO_FIXED_POINT,-0.6274897218947455,-0.8616936605958685,-4.914918466759502,-4.959830067574558
-1,-3,53,2491/2873,STABLE,NONZERO_FIXED_POINT,-0.6469822620122088,-1.0572056855340861,-6.608307335818267,-6.670269034457704
-1,-3,54,621/745,STABLE,NONZERO_FIXED_POINT,-0.6604224341316947,-1.2406342440255145,-8.301654060896794,-8.380718729492685
-1,-3,55,2475/3089,STABLE,NONZERO_FIXED_POINT,-0.6740312127843406,-1.4206593321343703,-10.002441226371275,-10.098683931325354
-1,-3,56,77/100,STABLE,NONZERO_FIXED_POINT,-0.6878184021180758,-1.598856354241498,-11.711984098599032,-11.825493373425047
-1,-3,57,2451/3313,STABLE,NONZERO_FIXED_POINT,-0.7017944342390656,-1.776281488119153,-13.431643881637171,-13.562522006267045
-1,-3,58,609/857,STABLE,NONZERO_FIXED_POINT,-0.7159704288231641,-1.953675180678779,-15.16283440881034,-15.311197938100634
-1,-3,59,2419/3545,STABLE,NONZERO_FIXED_POINT,-0.7303582600236815,-2.131580584817918,-16.90702960296818,-17.073009974125398
-1,-3,60,150/229,STABLE,NONZERO_FIXED_POINT,-0.7449706317345974,-2.3104159831312643,-18.66577171925715,-18.84951594254136
-1,-3,61,2379/3785,STABLE,NONZERO_FIXED_POINT,-0.7598211624597546,-2.4905207723828795,-20.44068049420946,-20.64235193600831
-1,-3,62,589/977,STABLE,NONZERO_FIXED_POINT,-0.7749244812689859,-2.6721855517977744,-22.233463349741953,-22.45324261867364
-1,-3,63,63/109,STABLE,NONZERO_FIXED_POINT,-0.7902963366013678,-2.8556723377840854,-24.04592682839734,-24.284012776884367
-1,-3,64,36/65,STABLE,NONZERO_FIXED_POINT,-0.8059537200158093,-3.0412285139611477,-25.879989469839416,-26.136600325714994
-1,-3,65,2275/4289,STABLE,NONZERO_FIXED_POINT,-0.8219150074055168,-3.2290967645322297,-27.73769637981212,-28.01307102505814
-1,-3,66,33/65,STABLE,NONZERO_FIXED_POINT,-0.8382001207055065,-3.4195224370251083,-29.62123579347994,-29.915635210244915
-1,-3,67,2211/4553,STABLE,NONZERO_FIXED_POINT,-0.8548307137571314,-3.612759291371411,-31.532957997852805,-31.846666905582254
-1,-3,68,136/293,STABLE,NONZERO_FIXED_POINT,-0.8718303867846142,-3.809074287119124,-33.475397056234755,-33.808725768218665
-1,-3,69,2139/4825,STABLE,NONZERO_FIXED_POINT,-0.8892249349302794,-4.008751868165916,-35.45129587573837,-35.80458240884667
-1,-3,70,525/1241,STABLE,NONZERO_FIXED_POINT,-0.9070426375471996,-4.212098083997191,-37.463635282762255,-37.83724776085501
-1,-3,71,2059/5105,STABLE,NONZERO_FIXED_POINT,-0.9253145965393941,-4.419444813946079,-39.51566792880408,-39.91000732860897
-1,-3,72,63/164,STABLE,NONZERO_FIXED_POINT,-0.94407513407827,-4.631154322112657,-41.61095805070269,-42.02646134929677
-1,-3,73,1971/5393,STABLE,NONZERO_FIXED_POINT,-0.9633622626559131,-4.847624356922097,-43.75342836987568,-44.19057216588442
-1,-3,74,481/1385,STABLE,NONZERO_FIXED_POINT,-0.9832182438628649,-5.069294016500528,-45.94741575431465,-46.40672045134124
-1,-3,75,1875/5689,STABLE,NONZERO_FIXED_POINT,-1.0036902567813026,-5.296650627701979,-48.197737712835476,-48.67977237453948
-1,-3,76,114/365,STABLE,NONZERO_FIXED_POINT,-1.0248312028596338,-5.530237933876286,-50.50977238254646,-51.01516039566647
-1,-3,77,1771/5993,STABLE,NONZERO_FIXED_POINT,-1.046700682146188,-5.770665958085736,-52.8895554635634,-53.41898118006981
-1,-3,78,429/1537,STABLE,NONZERO_FIXED_POINT,-1.0693661866232418,-6.018623011334199,-55.343898630435945,-55.89811520575097
-1,-3,79,1659/6305,STABLE,NONZERO_FIXED_POINT,-1.0929045712942411,-6.274890460559064,-57.88053542591916,-58.46037413080387
-1,-3,80,25/101,STABLE,NONZERO_FIXED_POINT,-1.117403884416344,-6.540361075862791,-60.50830269585444,-61.11468406096503
-1,-3,81,1539/6625,STABLE,NONZERO_FIXED_POINT,-1.1429656675322981,-6.816062067271609,-63.23736852078912,-63.8713157835665
-1,-3,82,369/1697,STABLE,NONZERO_FIXED_POINT,-1.169707877894373,-7.103184339472982,-66.07952175183499,-66.74217722799364
-1,-3,83,83/409,STABLE,NONZERO_FIXED_POINT,-1.1977686470223539,-7.403120103652157,-69.04854431200079,-69.74118952763209
-1,-3,84,84/445,STABLE,NONZERO_FIXED_POINT,-1.2273111800020935,-7.717511893636207,-72.16069641975452,-72.88477714467354
-1,-3,85,1275/7289,STABLE,NONZERO_FIXED_POINT,-1.2585302380114136,-8.048317411985927,-75.43535854168823,-76.19251630714683
-1,-3,86,301/1865,STABLE,NONZERO_FIXED_POINT,-1.2916608607296567,-8.397896773120763,-78.89589508388491,-79.6880074244358
-1,-3,87,1131/7633,STABLE,NONZERO_FIXED_POINT,-1.3269903267835996,-8.769132125360812,-82.57083863969649,-83.40007129715258
-1,-3,88,33/244,STABLE,NONZERO_FIXED_POINT,-1.3648749112517784,-9.16559524235225,-86.4955491376638,-87.36442502412461
-1,-3,89,979/7985,STABLE,NONZERO_FIXED_POINT,-1.4057639519779634,-9.591788201557023,-90.7145965534196,-91.62608878209096
-1,-3,90,225/2041,STABLE,NONZERO_FIXED_POINT,-1.4502354187582362,-10.053499090576132,-95.28528239843354,-96.24294288503825
-1,-3,91,819/8345,STABLE,NONZERO_FIXED_POINT,-1.499050287076301,-10.558345758145634,-100.28302285183901,-101.29116529109388
-1,-3,92,46/533,STABLE,NONZERO_FIXED_POINT,-1.5532390720929001,-11.116641166935722,-105.80991575064391,-106.87388512798887
-1,-3,93,651/8713,STABLE,NONZERO_FIXED_POINT,-1.6142464495854387,-11.74283961517203,-112.00905818163642,-113.13564490710229
-1,-3,94,141/2225,STABLE,NONZERO_FIXED_POINT,-1.684188115395763,-12.458105342705686,-119.08997567958565,-120.28808658224716
-1,-3,95,475/9089,STABLE,NONZERO_FIXED_POINT,-1.7663439557178258,-13.295244244891585,-127.37744619292914,-128.65926868672733
-1,-3,96,6/145,STABLE,NONZERO_FIXED_POINT,-1.8662085483579443,-14.30920889563814,-137.41549981040663,-138.79871656225797
-1,-3,97,291/9473,STABLE,NONZERO_FIXED_POINT,-1.9940821121714016,-15.603008051699376,-150.22392285211555,-151.73651740043482
-1,-3,98,49/2417,STABLE,NONZERO_FIXED_POINT,-2.173088703290137,-17.4078886243867,-168.09205938812985,-169.785139958509
-1,-3,99,99/9865,STABLE,NONZERO_FIXED_POINT,-2.4770147883431726,-20.46172142074525,-198.32483007491402,-200.32329196990466
-1,-3,100,0,STABLE,NONZERO_FIXED_POINT,,,,
-1,-2,1,33/43,STABLE,NONZERO_FIXED_POINT,-0.11852025099481622,-0.881458844246076,-11.143204181383027,-11.258158697081655
-1,-2,2,49/33,UNSTABLE,SINGULAR_BOUNDARY_LIMIT,0.21733548221777532,0.4672493319948856,0.457986593871766,0.457986593871766
-1,-2,3,291/137,UNSTABLE,SINGULAR_BOUNDARY_LIMIT,0.15782330850751514,0.3509558918879421,0.3506799537995562,0.3506799537995562
-1,-2,4,8/3,UNSTABLE,SINGULAR_BOUNDARY_LIMIT,0.12060409159211805,0.2923614356007178,0.29233054524534907,0.29233054524534907
-1,-2,5,475/153,UNSTABLE,SINGULAR_BOUNDARY_LIMIT,0.1101064846882771,0.2727725681696853,0.27276520395884063,0.27276520395884063
-1,-2,6,141/41,UNSTABLE,SINGULAR_BOUNDARY_LIMIT,0.10949568693972367,0.2695688615795646,0.2695659849396179,0.2695659849395895
-1,-2,7,217/59,UNSTABLE,SINGULAR_BOUNDARY_LIMIT,0.11357740817629391,0.2749331943886091,0.2749316077294566,0.2749316077294566
-1,-2,8,23/6,UNSTABLE,SINGULAR_BOUNDARY_LIMIT,0.12031129941500396,0.2854405746347979,0.2854394505232847,0.2854394505232847
-1,-2,9,819/209,UNSTABLE,SINGULAR_BOUNDARY_LIMIT,0.12877224585527536,0.2993644250250185,0.29936346606024244,0.29936346606024244
-1,-2,10,75/19,UNSTABLE,SINGULAR_BOUNDARY_LIMIT,0.13850541622906398,0.31575419317431397,0.3157532524846829,0.3157532524846829
-1,-2,11,979/249,UNSTABLE,SINGULAR_BOUNDARY_LIMIT,0.14928154987575404,0.33405808133021253,0.3340570555525346,0.3340570555525346
-1,-2,12,66/17,UNSTABLE,SINGULAR_BOUNDARY_LIMIT,0.1609917162804777,0.35394877068144126,0.3539475582769285,0.3539475582769285
-1,-2,13,377/99,UNSTABLE,SINGULAR_BOUNDARY_LIMIT,0.1735979014131388,0.37523557283684283,0.37523404904538893,0.37523404904544577
-1,-2,14,301/81,UNSTABLE,SINGULAR_BOUNDARY_LIMIT,0.18710849113374373,0.39781733511608053,0.3978153280995116,0.3978153280995116
-1,-2,15,1275/353,UNSTABLE,SINGULAR_BOUNDARY_LIMIT,0.20156594343767154,0.4216562509481392,0.42165351152772246,0.42165351152772246
-1,-2,16,7/2,UNSTABLE,SINGULAR_BOUNDARY_LIMIT,0.2170410125264528,0.4467632546111773,0.44675941315738044,0.4467594131573662
-1,-2,17,1411/417,UNSTABLE,SINGULAR_BOUNDARY_LIMIT,0.20730197369491954,0.446861447089816,0.4468559497032061,0.4468559497032061
-1,-2,18,369/113,UNSTABLE,SINGULAR_BOUNDARY_LIMIT,0.20030770885845683,0.4498752763432705,0.44986728930848585,0.449867289308429
-1,-2,19,513/163,UNSTABLE,SINGULAR_BOUNDARY_LIMIT,0.196050546033522,0.45577069683420746,0.4557589632645431,0.45575896326459997
-1,-2,20,100/33,UNSTABLE,SINGULAR_BOUNDARY_LIMIT,0.19458410603670728,0.4645811577184489,0.4645637826820348,0.4645637826820348
-1,-2,21,1659/569,UNSTABLE,SINGULAR_BOUNDARY_LIMIT,0.1960268512016139,0.4764098669313128,0.47638399606199755,0.47638399606199755
-1,-2,22,143/51,UNSTABLE,SINGULAR_BOUNDARY_LIMIT,0.2005705655981913,0.49143741015809894,0.491398750158595,0.491398750158595
-1,-2,23,1771/657,UNSTABLE,SINGULAR_BOUNDARY_LIMIT,0.20849509509401187,0.5099359669784818,0.509878072091567,0.5098780720916238
-1,-2,24,57/22,UNSTABLE,SINGULAR_BOUNDARY_LIMIT,0.22019187482329983,0.5322926129168053,0.5322058258362006,0.5322058258362006
-1,-2,25,625/251,UNSTABLE,SINGULAR_BOUNDARY_LIMIT,0.2362007684902867,0.5590462327312409,0.5589161163699714,0.5589161163699714
-1,-2,26,481/201,UNSTABLE,SINGULAR_BOUNDARY_LIMIT,0.2572683749881577,0.5909462407608146,0.590751261215587,0.590751261215587
-1,-2,27,1971/857,UNSTABLE,SINGULAR_BOUNDARY_LIMIT,0.2844430528084878,0.6290484446901061,0.6287565544903941,0.6287565544903941
-1,-2,28,42/19,UNSTABLE,SINGULAR_BOUNDARY_LIMIT,0.31923682470040493,0.6748783598541763,0.6744419676677467,0.6744419676677182
-1,-2,29,2059/969,UNSTABLE,SINGULAR_BOUNDARY_LIMIT,0.36391842244573525,0.7307264598762302,0.7300750336101487,0.7300750336101487
-1,-2,30,525/257,UNSTABLE,SINGULAR_BOUNDARY_LIMIT,0.4220883022852,0.8002265372216328,0.7992557345950217,0.7992557345950217
-1,-2,31,713/363,UNSTABLE,SINGULAR_BOUNDARY_LIMIT,0.4999385901276412,0.8896206494662806,0.8881763461487822,0.8881763461487822
-1,-2,32,17/9,UNSTABLE,SINGULAR_BOUNDARY_LIMIT,0.6094903288352835,1.0110038038395714,1.0088586034755451,1.0088586034755451
-1,-2,33,2211/1217,UNSTABLE,SINGULAR_BOUNDARY_LIMIT,0.7793179582729763,1.1930595014450063,1.1898781169854828,1.1898781169854828
-1,-2,34,187/107,UNSTABLE,SINGULAR_BOUNDARY_LIMIT,1.1135476638032253,1.5400746260169527,1.5353626694047477,1.5353626694047477
-1,-2,35,2275/1353,UNSTABLE,SINGULAR_BOUNDARY_LIMIT,1.6451226618010892,2.085229690493314,2.078257460574264,2.078257460574264
-1,-2,36,144/89,UNSTABLE,SINGULAR_BOUNDARY_LIMIT,0.8746291434395808,1.3294630123277145,1.3191510192779106,1.3191510192779106
-1,-2,37,777/499,UNSTABLE,SINGULAR_BOUNDARY_LIMIT,0.591178405651573,1.0624126867674732,1.0471573095184112,1.0471573095184112
-1,-2,38,589/393,UNSTABLE,SINGULAR_BOUNDARY_LIMIT,0.4064822956411138,0.8965886245178041,0.8739911564550766,0.8739911564550766
-1,-2,39,2379/1649,UNSTABLE,SINGULAR_BOUNDARY_LIMIT,0.26592819939767054,0.7786102484326278,0.7450432215508727,0.7450432215508727
-1,-2,40,25/18,UNSTABLE,SINGULAR_BOUNDARY_LIMIT,0.15051233846478063,0.6914303567158981,0.6413132904756083,0.6413132904756367
-1,-2,41,2419/1809,UNSTABLE,SINGULAR_BOUNDARY_LIMIT,0.05134102945418206,0.6293983370447691,0.5539115277123869,0.5539115277130691
-1,-2,42,609/473,UNSTABLE,SINGULAR_BOUNDARY_LIMIT,-0.03647680975501544,0.5933659764922297,0.4779509813748746,0.47795098140562686
-1,-2,43,817/659,UNSTABLE,SINGULAR_BOUNDARY_LIMIT,-0.1159249137248537,0.5916610717552402,0.41045233071690745,0.41045233203709586
-1,-2,44,154/129,UNSTABLE,SINGULAR_BOUNDARY_LIMIT,-0.18896124367316602,0.6491643236422036,0.3494622894775148,0.3494623460790365
-1,-2,45,2475/2153,UNSTABLE,SINGULAR_BOUNDARY_LIMIT,-0.2569425988855052,0.8593446826373423,0.2936278526540832,0.2936302768379164
-1,-2,46,207/187,UNSTABLE,SINGULAR_BOUNDARY_LIMIT,-0.32085001216490383,1.4377753023474682,0.2419225017695794,0.24202641543931236
-1,-2,47,2491/2337,UNSTABLE,SINGULAR_BOUNDARY_LIMIT,-0.3814175489115321,0.4501752826963923,0.19147901562905645,0.19594542102475998
-1,-2,48,39/38,UNSTABLE,SINGULAR_BOUNDARY_LIMIT,-0.43921030564235863,0.044153269075259516,0.060313465960462054,0.2559833315792446
-1,-2,49,833/843,STABLE,NONZERO_FIXED_POINT,-0.4946739186826967,-0.26025452397341553,-0.9200353739574325,-0.835089877145947
-1,-2,50,625/657,STABLE,NONZERO_FIXED_POINT,-0.5481672384183867,-0.5220057180005213,-2.553039632041191,-2.5726775031257034
-1,-2,51,2499/2729,STABLE,NONZERO_FIXED_POINT,-0.5999846156062087,-0.761174066612881,-4.229994244798661,-4.268185370367178
-1,-2,52,52/59,STABLE,NONZERO_FIXED_POINT,-0.6389498025777574,-0.9756136636015924,-5.90081274480886,-5.955660386117415
-1,-2,53,2491/2937,STABLE,NONZERO_FIXED_POINT,-0.6521333318203464,-1.1572194593270382,-7.552641504323276,-7.624171700825286
-1,-2,54,621/761,STABLE,NONZERO_FIXED_POINT,-0.6654797778243591,-1.3347745356189336,-9.212497071752978,-9.300790127863479
-1,-2,55,825/1051,STABLE,NONZERO_FIXED_POINT,-0.6789981802270395,-1.5100715999563334,-10.881527543593336,-10.986676311061501
-1,-2,56,77/102,STABLE,NONZERO_FIXED_POINT,-0.6926981667361627,-1.684298290047252,-12.560931704946825,-12.683041151536031
-1,-2,57,2451/3377,STABLE,NONZERO_FIXED_POINT,-0.7065900051950678,-1.8582765833947619,-14.251963723356994,-14.391151472740319
-1,-2,58,203/291,STABLE,NONZERO_FIXED_POINT,-0.7206846621613661,-2.0326000636158454,-15.955939015450355,-16.112335966523005
-1,-2,59,2419/3609,STABLE,NONZERO_FIXED_POINT,-0.7349938688853186,-2.2077170348669455,-17.67424089709141,-17.847991910789062
-1,-2,60,150/233,STABLE,NONZERO_FIXED_POINT,-0.7495301957351472,-2.3839829678600637,-19.408328101250845,-19.59959276322118
-1,-2,61,793/1283,STABLE,NONZERO_FIXED_POINT,-0.7643071363094549,-2.5616946761345076,-21.159743278691735,-21.36869674774897
-1,-2,62,589/993,STABLE,NONZERO_FIXED_POINT,-0.7793392027087176,-2.741113192603308,-22.930122621097212,-23.15695657480552
-1,-2,63,2331/4097,STABLE,NONZERO_FIXED_POINT,-0.7946420337181301,-2.9224794723758265,-24.72120677513317,-24.966130465565698
-1,-2,64,6/11,STABLE,NONZERO_FIXED_POINT,-0.8102325179950842,-3.1060254696497864,-26.534853250613722,-26.798094685388307
-1,-2,65,2275/4353,STABLE,NONZERO_FIXED_POINT,-0.8261289347717611,-3.291982217375228,-28.37305056800045,-28.654857834164773
-1,-2,66,561/1121,STABLE,NONZERO_FIXED_POINT,-0.8423511150966334,-3.480585981986863,-30.237934441913637,-30.538577193252422
-1,-2,67,737/1539,STABLE,NONZERO_FIXED_POINT,-0.8589206272741237,-3.6720832188524497,-32.13180636076504,-32.451577492737556
-1,-2,68,136/297,STABLE,NONZERO_FIXED_POINT,-0.8758609909532549,-3.8667348343116785,-34.057155001415566,-34.39637254236254
-1,-2,69,2139/4889,STABLE,NONZERO_FIXED_POINT,-0.8931979253082432,-4.0648201203655105,-36.01668101634425,-36.37569026903651
-1,-2,70,175/419,STABLE,NONZERO_FIXED_POINT,-0.9109596380065046,-4.266640640711962,-38.01332585509846,-38.39250182937843
-1,-2,71,2059/5169,STABLE,NONZERO_FIXED_POINT,-0.9291771632512926,-4.4725242954274975,-40.05030543962931,-40.45005562517895
-1,-2,72,63/166,STABLE,NONZERO_FIXED_POINT,-0.947884759225035,-4.682829766292052,-42.13114971516245,-42.55191725374888
-1,-2,73,657/1819,STABLE,NONZERO_FIXED_POINT,-0.9671203778916775,-4.897951539917564,-44.25974935900547,-44.70201668850916
-1,-2,74,481/1401,STABLE,NONZERO_FIXED_POINT,-0.9869262235436231,-5.1183257187976,-46.44041126913373,-46.904704328045625
-1,-2,75,1875/5753,STABLE,NONZERO_FIXED_POINT,-1.0073494209822673,-5.344436860822938,-48.677924900346966,-49.164818002308664
-1,-2,76,38/123,STABLE,NONZERO_FIXED_POINT,-1.0284428201965845,-5.576826137543115,-50.977642107441454,-51.487763622264055
-1,-2,77,1771/6057,STABLE,NONZERO_FIXED_POINT,-1.0502659724158256,-5.816101174701913,-53.34557394807757,-53.879612960550844
-1,-2,78,429/1553,STABLE,NONZERO_FIXED_POINT,-1.0728863232763821,-6.062948042503663,-55.78850897360047,-56.34722313714434
-1,-2,79,553/2123,STABLE,NONZERO_FIXED_POINT,-1.096380683754317,-6.318146008961037,-58.314159012372386,-58.89838387523372
-1,-2,80,25/102,STABLE,NONZERO_FIXED_POINT,-1.120837060254738,-6.582585874866787,-60.93134050341905,-61.542000666508926
-1,-2,81,1539/6689,STABLE,NONZERO_FIXED_POINT,-1.1463569545109529,-6.85729300004985,-63.65020233515679,-64.28832491127793
-1,-2,82,123/571,STABLE,NONZERO_FIXED_POINT,-1.173058285885288,-7.143456548942247,-66.48251529592875,-67.14924629273523
-1,-2,83,1411/7017,STABLE,NONZERO_FIXED_POINT,-1.2010791498127809,-7.4424670942858455,-69.44204429689245,-70.13866875966687
-1,-2,84,84/449,STABLE,NONZERO_FIXED_POINT,-1.230582716993478,-7.75596562598399,-72.54503352338992,-73.27300057833133
-1,-2,85,425/2451,STABLE,NONZERO_FIXED_POINT,-1.2617637158195212,-8.08590839059405,-75.81084832111475,-76.57180270231652
-1,-2,86,301/1881,STABLE,NONZERO_FIXED_POINT,-1.2948571546926768,-8.434654128440336,-79.26283882616838,-80.05866112612489
-1,-2,87,1131/7697,STABLE,NONZERO_FIXED_POINT,-1.3301502823845492,-8.80508369015223,-82.92952415626075,-83.76238303789472
-1,-2,88,11/82,STABLE,NONZERO_FIXED_POINT,-1.3679993454609276,-9.200767623032672,-86.84625150637497,-87.71867267360047
-1,-2,89,979/8049,STABLE,NONZERO_FIXED_POINT,-1.408853654520664,-9.626206844888571,-91.05757881236451,-91.97253804795298
-1,-2,90,225/2057,STABLE,NONZERO_FIXED_POINT,-1.453291153313053,-10.087188346052365,-95.62079619500707,-96.58184796859047
-1,-2,91,273/2803,STABLE,NONZERO_FIXED_POINT,-1.502072792407997,-10.591328936399854,-100.61130905044917,-101.6227695011687
-1,-2,92,46/537,STABLE,NONZERO_FIXED_POINT,-1.5562290631244764,-11.148940594465373,-106.13120500206881,-107.19842145608678
-1,-2,93,651/8777,STABLE,NONZERO_FIXED_POINT,-1.6172046184131386,-11.774476685647912,-112.32357145681618,-113.45333656660455
-1,-2,94,47/747,STABLE,NONZERO_FIXED_POINT,-1.687115132250609,-12.48910056511199,-119.39792477040379,-120.59914751428343
-1,-2,95,475/9153,STABLE,NONZERO_FIXED_POINT,-1.769240469877083,-13.325617288722405,-127.67903418233351,-128.9639040350707
-1,-2,96,3/73,STABLE,NONZERO_FIXED_POINT,-1.8690751890095472,-14.338978633357941,-137.71092151402854,-139.09712311942934
-1,-2,97,97/3179,STABLE,NONZERO_FIXED_POINT,-1.996919489234294,-15.63219259865815,-150.51336523337716,-152.02888402702567
-1,-2,98,49/2433,STABLE,NONZERO_FIXED_POINT,-2.175897408193137,-17.436505376365616,-168.37570194867075,-170.07164797757306
-1,-2,99,99/9929,STABLE,NONZERO_FIXED_POINT,-2.479795394764885,-20.489787089294936,-198.60284522202727,-200.6041155381254
-1,-2,100,0,STABLE,NONZERO_FIXED_POINT,,,,
-1,-1,1,99/257,STABLE,NONZERO_FIXED_POINT,-0.9177481221757562,-4.50815019415181,-41.38069625694891,-41.79499418568264
-1,-1,2,49/65,STABLE,NONZERO_FIXED_POINT,-0.17985082318505796,-1.0279831864021816,-11.974565314086277,-12.097282590700132
-1,-1,3,291/265,UNSTABLE,SINGULAR_BOUNDARY_LIMIT,1.0306745738370413,1.5902124899410168,1.3371159832011017,1.337204371420171
-1,-1,4,24/17,UNSTABLE,SINGULAR_BOUNDARY_LIMIT,0.3172681918684539,0.6000584018835511,0.5832645623635244,0.5832645623635244
-1,-1,5,475/281,UNSTABLE,SINGULAR_BOUNDARY_LIMIT,0.23137717679842495,0.47750098136049957,0.4745980478330125,0.4745980478330125
-1,-1,6,141/73,UNSTABLE,SINGULAR_BOUNDARY_LIMIT,0.2168683163312206,0.44809408206523926,0.4472809996952094,0.4472809996952094
-1,-1,7,651/305,UNSTABLE,SINGULAR_BOUNDARY_LIMIT,0.22173652588609372,0.445836802199274,0.4455182809304574,0.44551828093051427
-1,-1,8,23/10,UNSTABLE,SINGULAR_BOUNDARY_LIMIT,0.2124948700477436,0.43389918043601483,0.43373896313497085,0.4337389631349424
-1,-1,9,819/337,UNSTABLE,SINGULAR_BOUNDARY_LIMIT,0.21085928582198044,0.4325129769731859,0.432415225452246,0.43241522545218913
-1,-1,10,225/89,UNSTABLE,SINGULAR_BOUNDARY_LIMIT,0.21399915765189803,0.4379970002055913,0.43792753366136594,0.43792753366136594
-1,-1,11,979/377,UNSTABLE,SINGULAR_BOUNDARY_LIMIT,0.22044796234890818,0.448340582124942,0.4482847907515861,0.4482847907515861
-1,-1,12,66/25,UNSTABLE,SINGULAR_BOUNDARY_LIMIT,0.2294001195746027,0.46236874344953804,0.4623192615160576,0.4623192615160576
-1,-1,13,1131/425,UNSTABLE,SINGULAR_BOUNDARY_LIMIT,0.24040439649600742,0.479369520933588,0.4793219293417792,0.4793219293417792
-1,-1,14,301/113,UNSTABLE,SINGULAR_BOUNDARY_LIMIT,0.25321695795444654,0.4989096984348933,0.4988607731293655,0.4988607731293655
-1,-1,15,1275/481,UNSTABLE,SINGULAR_BOUNDARY_LIMIT,0.26772634351133284,0.520737158644522,0.5206840226182976,0.5206840226182976
-1,-1,16,21/8,UNSTABLE,SINGULAR_BOUNDARY_LIMIT,0.28391402410848876,0.5447270498908914,0.5446666584793718,0.5446666584793718
-1,-1,17,1411/545,UNSTABLE,SINGULAR_BOUNDARY_LIMIT,0.27550528609497427,0.5445231930110666,0.5444519211570196,0.5444519211570196
-1,-1,18,369/145,UNSTABLE,SINGULAR_BOUNDARY_LIMIT,0.2704528397504564,0.5480152855516423,0.5479285009569139,0.5479285009568571
-1,-1,19,1539/617,UNSTABLE,SINGULAR_BOUNDARY_LIMIT,0.2687759814427455,0.5551736616127059,0.5550652045271818,0.5550652045271818
-1,-1,20,100/41,UNSTABLE,SINGULAR_BOUNDARY_LIMIT,0.27058931091208294,0.566074964812735,0.5659364592457052,0.5659364592457052
-1,-1,21,1659/697,UNSTABLE,SINGULAR_BOUNDARY_LIMIT,0.27611164915692754,0.5809089866972315,0.5807288936306918,0.5807288936306918
-1,-1,22,429/185,UNSTABLE,SINGULAR_BOUNDARY_LIMIT,0.2856854658991992,0.5999967428071287,0.5997590369508998,0.5997590369508998
-1,-1,23,1771/785,UNSTABLE,SINGULAR_BOUNDARY_LIMIT,0.2998107506491472,0.6238235886371299,0.6235058947298171,0.6235058947298739
-1,-1,24,57/26,UNSTABLE,SINGULAR_BOUNDARY_LIMIT,0.3192010929622704,0.6530950874595476,0.6526660450608119,0.6526660450607835
-1,-1,25,1875/881,UNSTABLE,SINGULAR_BOUNDARY_LIMIT,0.34487693871671254,0.688830610257483,0.6882461389442938,0.6882461389442369
-1,-1,26,481/233,UNSTABLE,SINGULAR_BOUNDARY_LIMIT,0.37832593024631755,0.7325246566013845,0.7317226535934083,0.7317226535934651
-1,-1,27,1971/985,UNSTABLE,SINGULAR_BOUNDARY_LIMIT,0.4217942562685302,0.7864399823818076,0.7853327825483234,0.7853327825483802
-1,-1,28,126/65,UNSTABLE,SINGULAR_BOUNDARY_LIMIT,0.478859165552187,0.8541829512404817,0.8526465860367978,0.8526465860368262
-1,-1,29,2059/1097,UNSTABLE,SINGULAR_BOUNDARY_LIMIT,0.5556836783707482,0.9419625507501479,0.9398214132445446,0.9398214132445446
-1,-1,30,525/289,UNSTABLE,SINGULAR_BOUNDARY_LIMIT,0.6642385793044703,1.0618187756272874,1.0588236634436043,1.0588236634436612
-1,-1,31,2139/1217,UNSTABLE,SINGULAR_BOUNDARY_LIMIT,0.8329618334784019,1.2422914616359932,1.238088015606138,1.238088015606138
-1,-1,32,17/10,UNSTABLE,SINGULAR_BOUNDARY_LIMIT,1.1651966805976333,1.5868722758869431,1.5809553714260574,1.5809553714260574
-1,-1,33,2211/1345,UNSTABLE,SINGULAR_BOUNDARY_LIMIT,1.7074701298288133,2.142303873307668,2.1339512275883408,2.1339512275883408
-1,-1,34,561/353,UNSTABLE,SINGULAR_BOUNDARY_LIMIT,0.9292373667058236,1.3783554449491717,1.3665299829093556,1.3665299829093556
-1,-1,35,2275/1481,UNSTABLE,SINGULAR_BOUNDARY_LIMIT,0.6446683017441757,1.1096571632920416,1.0928614057233972,1.0928614057233403
-1,-1,36,144/97,UNSTABLE,SINGULAR_BOUNDARY_LIMIT,0.45935777083800744,0.9424861666278019,0.9185407682251707,0.9185407682251707
-1,-1,37,2331/1625,UNSTABLE,SINGULAR_BOUNDARY_LIMIT,0.3183765181561391,0.8229421679535278,0.7886397758433077,0.7886397758433077
-1,-1,38,589/425,UNSTABLE,SINGULAR_BOUNDARY_LIMIT,0.20264456410970055,0.7335366816293103,0.6840798921340934,0.6840798921340934
-1,-1,39,2379/1777,UNSTABLE,SINGULAR_BOUNDARY_LIMIT,0.10323942489243088,0.6679020377341303,0.5959405240488422,0.5959405240494107
-1,-1,40,75/58,UNSTABLE,SINGULAR_BOUNDARY_LIMIT,0.015256051835425666,0.6254689137922398,0.5193189345031897,0.5193189345225733
-1,-1,41,2419/1937,UNSTABLE,SINGULAR_BOUNDARY_LIMIT,-0.06429723513984875,0.6112641919121558,0.4512261552222867,0.45122615584318737
-1,-1,42,609/505,UNSTABLE,SINGULAR_BOUNDARY_LIMIT,-0.13738341788767983,0.6404084053128685,0.3897022923158602,0.38970231245713194
-1,-1,43,2451/2105,UNSTABLE,SINGULAR_BOUNDARY_LIMIT,-0.20536268398483415,0.7589932631805922,0.33339030848924267,0.3333909700459685
-1,-1,44,154/137,UNSTABLE,SINGULAR_BOUNDARY_LIMIT,-0.26921843364239706,1.2429147999630672,0.281300033831684,0.28132204794019344
-1,-1,45,2475/2281,UNSTABLE,SINGULAR_BOUNDARY_LIMIT,-0.32968639699184266,0.7987032900082411,0.23234755038419053,0.23309016802448923
-1,-1,46,621/593,UNSTABLE,SINGULAR_BOUNDARY_LIMIT,-0.3873328109017553,0.274457796298023,0.17428342303588806,0.1996931140490119
-1,-1,47,2491/2465,UNSTABLE,SINGULAR_BOUNDARY_LIMIT,-0.44260403330283893,-0.0607230140433046,-0.16198287971081982,2.0627432994547803
-1,-1,48,39/40,STABLE,NONZERO_FIXED_POINT,-0.4958592824262027,-0.3332629007260479,-1.4594437392222233,-1.4462862464788486
-1,-1,49,2499/2657,STABLE,NONZERO_FIXED_POINT,-0.5473929637457626,-0.5753531896608592,-3.0350876949471512,-3.06104135583837
-1,-1,50,625/689,STABLE,NONZERO_FIXED_POINT,-0.597450332752425,-0.8001969999852676,-4.628757578676982,-4.671078455158124
-1,-1,51,2499/2857,STABLE,NONZERO_FIXED_POINT,-0.6364256816601443,-1.004690861593268,-6.220474052501459,-6.278617546707267
-1,-1,52,156/185,STABLE,NONZERO_FIXED_POINT,-0.6492599480639347,-1.1774604288677608,-7.795598286972449,-7.869645404204505
-1,-1,53,2491/3065,STABLE,NONZERO_FIXED_POINT,-0.6622557298982255,-1.347067342093446,-9.381222452521854,-9.471279203512495
-1,-1,54,621/793,STABLE,NONZERO_FIXED_POINT,-0.6754211442470606,-1.5149839200472712,-10.978214387465925,-11.084395974598806
-1,-1,55,2475/3281,STABLE,NONZERO_FIXED_POINT,-0.6887648767289001,-1.6822098142270434,-12.58750632494764,-12.70993735206389
-1,-1,56,77/106,STABLE,NONZERO_FIXED_POINT,-0.7022962254866982,-1.8494507585603301,-14.210097531494995,-14.348912671587271
-1,-1,57,2451/3505,STABLE,NONZERO_FIXED_POINT,-0.7160251511772522,-2.0172245503962642,-15.847057973009726,-16.002402684060314
-1,-1,58,609/905,STABLE,NONZERO_FIXED_POINT,-0.7299623336821099,-2.1859270512031728,-17.49953283397946,-17.67156412055175
-1,-1,59,2419/3737,STABLE,NONZERO_FIXED_POINT,-0.7441192364021649,-2.355874867758615,-19.16874794432539,-19.35763517381315
-1,-1,60,150/241,STABLE,NONZERO_FIXED_POINT,-0.7585081791623915,-2.52733378479536,-20.856016193790254,-21.06194197730943
-1,-1,61,2379/3977,STABLE,NONZERO_FIXED_POINT,-0.7731424209487141,-2.700538182812764,-22.56274503631596,-22.78590618526465
-1,-1,62,589/1025,STABLE,NONZERO_FIXED_POINT,-0.7880362539331127,-2.875704611230404,-24.29044521263711,-24.53105378324176
-1,-1,63,2331/4225,STABLE,NONZERO_FIXED_POINT,-0.8032051105252851,-3.053041516291188,-26.040740849481608,-26.299025289246742
-1,-1,64,9/17,STABLE,NONZERO_FIXED_POINT,-0.818665685531947,-3.232756427754186,-27.8153811295916,-28.091587541530544
-1,-1,65,2275/4481,STABLE,NONZERO_FIXED_POINT,-0.834436075923433,-3.4150614796289034,-29.616253769845798,-29.910647312765718
-1,-1,66,561/1153,STABLE,NONZERO_FIXED_POINT,-0.8505359412219189,-3.60017786818932,-31.44540059710397,-31.75826704314244
-1,-1,67,2211/4745,STABLE,NONZERO_FIXED_POINT,-0.866986688162104,-3.7883396748260125,-33.30503557560661,-33.63668304979126
-1,-1,68,136/305,STABLE,NONZERO_FIXED_POINT,-0.8838116840677284,-3.9797973672774702,-35.19756571924725,-35.54832665022383
-1,-1,69,2139/5017,STABLE,NONZERO_FIXED_POINT,-0.9010365043803201,-4.1748212198389325,-37.125615421230805,-37.49584873768703
-1,-1,70,525/1289,STABLE,NONZERO_FIXED_POINT,-0.9186892210297257,-4.373704848771496,-39.092054858449785,-39.482148472397284
-1,-1,71,2059/5297,STABLE,NONZERO_FIXED_POINT,-0.9368007399284402,-4.576769035705418,-41.10003328622497,-41.51040691254258
-1,-1,72,63/170,STABLE,NONZERO_FIXED_POINT,-0.9554051979111655,-4.784366004883481,-43.153018241522204,-43.58412661344687
-1,-1,73,1971/5585,STABLE,NONZERO_FIXED_POINT,-0.9745404320737325,-4.996884327367042,-45.25484193388303,-45.70717848705516
-1,-1,74,481/1433,STABLE,NONZERO_FIXED_POINT,-0.9942485378932098,-5.214754646313416,-47.40975644307906,-47.883857557102544
-1,-1,75,1875/5881,STABLE,NONZERO_FIXED_POINT,-1.0145765370149675,-5.43845645319535,-49.62249978874337,-50.11894969608164
-1,-1,76,114/377,STABLE,NONZERO_FIXED_POINT,-1.0355771815680406,-5.668526198117426,-51.89837552914733,-52.4178120280167
-1,-1,77,1771/6185,STABLE,NONZERO_FIXED_POINT,-1.057309929882262,-5.90556709299608,-54.24334933975706,-54.78647048253214
-1,-1,78,429/1585,STABLE,NONZERO_FIXED_POINT,-1.0798421393447235,-6.150261071872812,-56.664167097989946,-57.231739072359005
-1,-1,79,1659/6497,STABLE,NONZERO_FIXED_POINT,-1.1032505370449712,-6.403383519572273,-59.16850047707595,-59.76136695781696
-1,-1,80,25/104,STABLE,NONZERO_FIXED_POINT,-1.1276230495980295,-6.665821585806654,-61.765128105334924,-62.38422143596165
-1,-1,81,1539/6817,STABLE,NONZERO_FIXED_POINT,-1.1530611027965385,-6.938597193410324,-64.46416324429634,-65.1105179184633
-1,-1,82,369/1745,STABLE,NONZERO_FIXED_POINT,-1.179682543682178,-7.222896268063884,-67.27734309117511,-67.95211215631127
-1,-1,83,1411/7145,STABLE,NONZERO_FIXED_POINT,-1.2076253987762087,-7.520106327875233,-70.2184008651526,-70.92287608452517
-1,-1,84,84/457,STABLE,NONZERO_FIXED_POINT,-1.2370527730734757,-7.831865479498674,-73.30355083260406,-74.03918774661201
-1,-1,85,1275/7481,STABLE,NONZERO_FIXED_POINT,-1.2681593322849078,-8.160127246055772,-76.55213007669022,-77.32057954666362
-1,-1,86,301/1913,STABLE,NONZERO_FIXED_POINT,-1.3011800249830596,-8.5072477936668,-79.98746201959472,-80.79061049402816
-1,-1,87,1131/7825,STABLE,NONZERO_FIXED_POINT,-1.3364020428019252,-8.876105538268774,-83.63804051392623,-84.47806225521924
-1,-1,88,33/250,STABLE,NONZERO_FIXED_POINT,-1.3741815777116209,-9.270268723024827,-87.53918884593728,-88.41861491473142
-1,-1,89,979/8177,STABLE,NONZERO_FIXED_POINT,-1.4149678881174452,-9.694236083876007,-91.73544231342197,-92.65725361937092
-1,-1,90,225/2089,STABLE,NONZERO_FIXED_POINT,-1.4593388678465864,-10.153792543898277,-96.28406959026495,-97.2518255121339
-1,-1,91,819/8537,STABLE,NONZERO_FIXED_POINT,-1.508055419696058,-10.656552953213428,-101.26045574307466,-102.27847712273592
-1,-1,92,46/545,STABLE,NONZERO_FIXED_POINT,-1.5621479892467178,-11.212827431506525,-106.76666911447026,-107.84030778506533
-1,-1,93,651/8905,STABLE,NONZERO_FIXED_POINT,-1.6230611856386936,-11.837067580100602,-112.94577881566653,-114.08183175089755
-1,-1,94,141/2273,STABLE,NONZERO_FIXED_POINT,-1.6929106408651808,-12.550435079154411,-120.00728383234812,-121.21466415541772
-1,-1,95,475/9281,STABLE,NONZERO_FIXED_POINT,-1.7749761799157824,-13.385733393288255,-128.27593690447333,-129.56683806752034
-1,-1,96,3/74,STABLE,NONZERO_FIXED_POINT,-1.8747523219012372,-14.397912786951965,-138.2957441729589,-139.6878546379702
-1,-1,97,291/9665,STABLE,NONZERO_FIXED_POINT,-2.0025392293628066,-15.689979821561217,-151.08646919626233,-152.607778065641
-1,-1,98,49/2465,STABLE,NONZERO_FIXED_POINT,-2.181460904380364,-17.49317932053883,-168.93743439958027,-170.63905524316502
-1,-1,99,99/10057,STABLE,NONZERO_FIXED_POINT,-2.485303761680388,-20.545380104269,-199.15353984650864,-201.16037310203942
-1,-1,100,0,STABLE,NONZERO_FIXED_POINT,,,,
-1,0,1,11/57,STABLE,NONZERO_FIXED_POINT,-1.2179323639562778,-7.573278066948529,-71.16219127310764,-71.8766734436219
-1,0,2,49/129,STABLE,NONZERO_FIXED_POINT,-0.9322769912496094,-4.582262527237241,-41.99732135659775,-42.4177149868685
-1,0,3,291/521,STABLE,NONZERO_FIXED_POINT,-0.6756688242562205,-2.7717958342374516,-25.285052358101154,-25.53799709241474
-1,0,4,8/11,STABLE,NONZERO_FIXED_POINT,-0.28547070296168897,-1.2995315888475467,-13.6245620956919,-13.76286479385817
-1,0,5,475/537,STABLE,NONZERO_FIXED_POINT,0.10662223807655913,-0.008241799665078986,-4.8732695603864045,-4.926546578652449
-1,0,6,141/137,UNSTABLE,SINGULAR_BOUNDARY_LIMIT,0.6212652787896413,2.136181648579388,0.9351169822960799,0.9968030483085784
-1,0,7,217/187,UNSTABLE,SINGULAR_BOUNDARY_LIMIT,1.3810693279052302,1.8591893229338439,1.7078955838547074,1.7078960058189807
-1,0,8,23/18,UNSTABLE,SINGULAR_BOUNDARY_LIMIT,0.7114552735499533,1.0813031478704005,1.0269692834618809,1.0269692834924058
-1,0,9,819/593,UNSTABLE,SINGULAR_BOUNDARY_LIMIT,0.5540502907728833,0.8877753588164552,0.8624830930343705,0.8624830930343705
-1,0,10,25/17,UNSTABLE,SINGULAR_BOUNDARY_LIMIT,0.48700448865175794,0.8054332817529861,0.7914950164252446,0.7914950164252446
-1,0,11,979/633,UNSTABLE,SINGULAR_BOUNDARY_LIMIT,0.4562469706460597,0.7679299742503645,0.7591891469867278,0.7591891469867278
-1,0,12,66/41,UNSTABLE,SINGULAR_BOUNDARY_LIMIT,0.4441764765501084,0.7535254541397194,0.7474380038556774,0.7474380038556774
-1,0,13,377/227,UNSTABLE,SINGULAR_BOUNDARY_LIMIT,0.4432314341619943,0.7529244812737446,0.7482975676949195,0.7482975676948627
-1,0,14,301/177,UNSTABLE,SINGULAR_BOUNDARY_LIMIT,0.44971330833492473,0.7615717882314428,0.7577846790010767,0.7577846790010767
-1,0,15,1275/737,UNSTABLE,SINGULAR_BOUNDARY_LIMIT,0.4617239731173406,0.7770875899150624,0.7737851170380736,0.7737851170380736
-1,0,16,7/4,UNSTABLE,SINGULAR_BOUNDARY_LIMIT,0.4783315513187576,0.7982415835012517,0.7952001276685792,0.7952001276685792
-1,0,17,1411/801,UNSTABLE,SINGULAR_BOUNDARY_LIMIT,0.49919667197535134,0.824496337467032,0.8215595792185013,0.8215595792184445
-1,0,18,369/209,UNSTABLE,SINGULAR_BOUNDARY_LIMIT,0.5244043848584319,0.855799600045124,0.8528447654900901,0.852844765490147
-1,0,19,171/97,UNSTABLE,SINGULAR_BOUNDARY_LIMIT,0.5332609954560894,0.871360623235887,0.868278765493983,0.868278765493983
-1,0,20,100/57,UNSTABLE,SINGULAR_BOUNDARY_LIMIT,0.5479670008143245,0.8933118944068212,0.8899946889018224,0.8899946889018224
-1,0,21,1659/953,UNSTABLE,SINGULAR_BOUNDARY_LIMIT,0.5715563705096081,0.9246422359094382,0.9209715014713424,0.9209715014713424
-1,0,22,143/83,UNSTABLE,SINGULAR_BOUNDARY_LIMIT,0.6059253371361155,0.9672224629298256,0.9630602309136975,0.9630602309136975
-1,0,23,1771/1041,UNSTABLE,SINGULAR_BOUNDARY_LIMIT,0.6542509185388283,1.0242229138724213,1.0194005294809472,1.019400529481004
-1,0,24,57/34,UNSTABLE,SINGULAR_BOUNDARY_LIMIT,0.7221023128876194,1.1012256426084193,1.095530564931181,1.095530564931181
-1,0,25,625/379,UNSTABLE,SINGULAR_BOUNDARY_LIMIT,0.8202491070992792,1.2090352101575306,1.2021940616198776,1.2021940616198776
-1,0,26,481/297,UNSTABLE,SINGULAR_BOUNDARY_LIMIT,0.9735963486650654,1.3726184074841328,1.3642744572256902,1.364274457225747
-1,0,27,27/17,UNSTABLE,SINGULAR_BOUNDARY_LIMIT,1.265737938781471,1.675664956473824,1.6653475719451478,1.6653475719451478
-1,0,28,14/9,UNSTABLE,SINGULAR_BOUNDARY_LIMIT,2.2785547936790884,2.7001966358607525,2.6872791923728983,2.6872791923729267
-1,0,29,2059/1353,UNSTABLE,SINGULAR_BOUNDARY_LIMIT,1.1384873319977586,1.5728560129146274,1.5564970948296377,1.5564970948296377
-1,0,30,525/353,UNSTABLE,SINGULAR_BOUNDARY_LIMIT,0.8280597294243108,1.2764548671939409,1.2555149245803818,1.2555149245803818
-1,0,31,713/491,UNSTABLE,SINGULAR_BOUNDARY_LIMIT,0.63179326595764,1.0959240548327358,1.0688452375702013,1.0688452375702013
-1,0,32,17/12,UNSTABLE,SINGULAR_BOUNDARY_LIMIT,0.4841789032125199,0.9663426409054061,0.9309718277809225,0.9309718277809225
-1,0,33,2211/1601,UNSTABLE,SINGULAR_BOUNDARY_LIMIT,0.3637616624196518,0.8671129257669321,0.8204338998472736,0.8204338998473304
-1,0,34,187/139,UNSTABLE,SINGULAR_BOUNDARY_LIMIT,0.26077625428817974,0.7897481346650821,0.7274615295452804,0.7274615295456215
-1,0,35,2275/1737,UNSTABLE,SINGULAR_BOUNDARY_LIMIT,0.16993710341236223,0.7309331866101658,0.646765548143037,0.6467655481480961
-1,0,36,144/113,UNSTABLE,SINGULAR_BOUNDARY_LIMIT,0.08805206821956624,0.6906599297678468,0.5751511463199392,0.5751511463971042
-1,0,37,259/209,UNSTABLE,SINGULAR_BOUNDARY_LIMIT,0.013040451556262767,0.6723625522630456,0.5105357881399186,0.5105357893899622
-1,0,38,589/489,UNSTABLE,SINGULAR_BOUNDARY_LIMIT,-0.05653283921795804,0.6852373205536466,0.4514832830362252,0.45148330430993155
-1,0,39,2379/2033,UNSTABLE,SINGULAR_BOUNDARY_LIMIT,-0.12170185562320057,0.7527914389708172,0.39695900399306083,0.39695938310899237
-1,0,40,25/22,UNSTABLE,SINGULAR_BOUNDARY_LIMIT,-0.18323819994481028,0.9561131722910083,0.34618840131852835,0.34619545718018685
-1,0,41,2419/2193,UNSTABLE,SINGULAR_BOUNDARY_LIMIT,-0.24173441361769576,1.9625127759400982,0.2985186401311921,0.29865547463100484
-1,0,42,609/569,UNSTABLE,SINGULAR_BOUNDARY_LIMIT,-0.2976566370142084,0.6642839829374481,0.2522646447498573,0.2550243927622091
-1,0,43,817/787,UNSTABLE,SINGULAR_BOUNDARY_LIMIT,-0.3513792196350334,0.259950735020432,0.18262248674835746,0.24045261667521345
-1,0,44,154/153,UNSTABLE,SINGULAR_BOUNDARY_LIMIT,-0.4032082453369359,-0.031189009448290506,-0.21880331699986755,0.5254095791212308
-1,0,45,2475/2537,STABLE,NONZERO_FIXED_POINT,-0.45339798950863397,-0.2760809724207647,-1.3890152710515622,-1.373096113589952
-1,0,46,69/73,STABLE,NONZERO_FIXED_POINT,-0.5021627226425309,-0.4965896720245411,-2.7744531905511565,-2.7977833167623487
-1,0,47,2491/2721,STABLE,NONZERO_FIXED_POINT,-0.5496853639343406,-0.7026656040942214,-4.185646692361047,-4.223954116230573
-1,0,48,39/44,STABLE,NONZERO_FIXED_POINT,-0.5961239506277387,-0.8996856346998143,-5.611121076333944,-5.663507248458728
-1,0,49,833/971,STABLE,NONZERO_FIXED_POINT,-0.6322567220606654,-1.0815197334326214,-7.0412087785189215,-7.107782933637566
-1,0,50,625/753,STABLE,NONZERO_FIXED_POINT,-0.6443991958915127,-1.2364454558704523,-8.462369401817114,-8.543284357932976
-1,0,51,2499/3113,STABLE,NONZERO_FIXED_POINT,-0.6567027756764947,-1.3899216850935545,-9.899011120059242,-9.994423984516516
-1,0,52,52/67,STABLE,NONZERO_FIXED_POINT,-0.6691737851836308,-1.5428590156861048,-11.351486958599622,-11.461558417662218
-1,0,53,2491/3321,STABLE,NONZERO_FIXED_POINT,-0.6818190984586323,-1.69590933865031,-12.820237908763715,-12.945133056825455
-1,0,54,621/857,STABLE,NONZERO_FIXED_POINT,-0.6946461688449865,-1.8495535615773306,-14.305792168222865,-14.44568138996948
-1,0,55,275/393,STABLE,NONZERO_FIXED_POINT,-0.7076630633792025,-2.0041577024287207,-15.808765337848172,-15.96382519439328
-1,0,56,77/114,STABLE,NONZERO_FIXED_POINT,-0.7208785030039966,-2.1600101472312403,-17.329861544207063,-17.500275670371053
-1,0,57,2451/3761,STABLE,NONZERO_FIXED_POINT,-0.7343019091536362,-2.3173471482183388,-18.869875502069533,-19.055835524239853
-1,0,58,203/323,STABLE,NONZERO_FIXED_POINT,-0.7479434573914574,-2.4763706997294506,-20.429695549482773,-20.631402033900656
-1,0,59,2419/3993,STABLE,NONZERO_FIXED_POINT,-0.7618141389248319,-2.6372613307029837,-22.010307706426374,-22.22797114825886
-1,0,60,150/257,STABLE,NONZERO_FIXED_POINT,-0.7759258309917456,-2.8001874388849757,-23.61280082837223,-23.846642692647862
-1,0,61,793/1411,STABLE,NONZERO_FIXED_POINT,-0.7902913773127818,-2.9653122455162872,-25.23837294895901,-25.488626775395744
-1,0,62,589/1089,STABLE,NONZERO_FIXED_POINT,-0.8049246800397416,-3.13279910919227,-26.88833893227053,-27.155251517239208
-1,0,63,2331/4481,STABLE,NONZERO_FIXED_POINT,-0.8198408049173871,-3.302815718566478,-28.564139585884277,-28.847972256276705
-1,0,64,1/2,STABLE,NONZERO_FIXED_POINT,-0.8350561017201166,-3.4755375386905385,-30.267352422182555,-30.568382417846536
-1,0,65,2275/4737,STABLE,NONZERO_FIXED_POINT,-0.8505883424462191,-3.6511507882639265,-31.999704298974677,-32.31822628270953
-1,0,66,561/1217,STABLE,NONZERO_FIXED_POINT,-0.8664568802689345,-3.829855159074981,-33.7630862232873,-34.09941394026117
-1,0,67,737/1667,STABLE,NONZERO_FIXED_POINT,-0.8826828328817928,-4.011866444787351,-35.55957066683703,-35.91403877880606
-1,0,68,136/321,STABLE,NONZERO_FIXED_POINT,-0.8992892946697388,-4.197419217944102,-37.391431821604016,-37.76439794563862
-1,0,69,2139/5273,STABLE,NONZERO_FIXED_POINT,-0.916301583131844,-4.386769677854446,-39.2611693235113,-39.6530163102712
-1,0,70,175/451,STABLE,NONZERO_FIXED_POINT,-0.9337475262357415,-4.580198785613462,-41.17153609740302,-41.58267459059465
-1,0,71,2059/5553,STABLE,NONZERO_FIXED_POINT,-0.9516577989773829,-4.778015804672876,-43.12557113516527,-43.556442462019845
-1,0,72,63/178,STABLE,NONZERO_FIXED_POINT,-0.9700663194600168,-4.980562375780323,-45.126638221615906,-45.57771767447119
-1,0,73,219/649,STABLE,NONZERO_FIXED_POINT,-0.9890107174397533,-5.188217274176715,-47.1784718842045,-47.65027246616472
-1,0,74,481/1497,STABLE,NONZERO_FIXED_POINT,-1.0085328917135463,-5.401402025961872,-49.28523218260398,-49.778308906573216
-1,0,75,1875/6137,STABLE,NONZERO_FIXED_POINT,-1.0286796772298388,-5.620587601776876,-51.45157040076418,-51.966525251984365
-1,0,76,38/131,STABLE,NONZERO_FIXED_POINT,-1.0495036487784084,-5.8463024629698666,-53.6827082961388,-54.22019599517776
-1,0,77,1771/6441,STABLE,NONZERO_FIXED_POINT,-1.071064096128417,-6.079142313565896,-55.9845343544697,-56.54526909243555
-1,0,78,429/1649,STABLE,NONZERO_FIXED_POINT,-1.0934282163482827,-6.319782018596328,-58.36372157448875,-58.948484937948535
-1,0,79,553/2251,STABLE,NONZERO_FIXED_POINT,-1.1166725839531537,-6.568990297461411,-60.82787278355346,-61.43752314724935
-1,0,80,25/108,STABLE,NONZERO_FIXED_POINT,-1.1408849802658665,-6.827648007688609,-63.3857015388015,-64.02118528561638
-1,0,81,1539/7073,STABLE,NONZERO_FIXED_POINT,-1.1661666926397167,-7.096771126573017,-66.04725956566386,-66.70962460391485
-1,0,82,41/201,STABLE,NONZERO_FIXED_POINT,-1.1926354361305282,-7.377539957228585,-68.82422583780289,-69.51463803850365
-1,0,83,1411/7401,STABLE,NONZERO_FIXED_POINT,-1.2204291113554504,-7.671336696835546,-71.73027845659158,-72.45004184704658
-1,0,84,84/473,STABLE,NONZERO_FIXED_POINT,-1.2497107031406358,-7.979794413350646,-74.78157948405823,-75.53216133873411
-1,0,85,425/2579,STABLE,NONZERO_FIXED_POINT,-1.2806747624408068,-8.304861855643928,-77.99741653359507,-78.78047894568266
-1,0,86,301/1977,STABLE,NONZERO_FIXED_POINT,-1.3135561281834374,-8.648890663647869,-81.40106612568741,-82.21850629940724
-1,0,87,1131/8081,STABLE,NONZERO_FIXED_POINT,-1.3486418871871262,-9.0147549600252,-85.02097762424069,-85.87498012608108
-1,0,88,11/86,STABLE,NONZERO_FIXED_POINT,-1.3862881311732371,-9.40601891352679,-88.89243209529282,-89.78553786137813
-1,0,89,979/8433,STABLE,NONZERO_FIXED_POINT,-1.4269440226189225,-9.827177391482905,-93.05992475018047,-93.99512415870441
-1,0,90,225/2153,STABLE,NONZERO_FIXED_POINT,-1.471187363513529,-10.28401164200092,-97.58068618440262,-98.56154769611476
-1,0,91,91/977,STABLE,NONZERO_FIXED_POINT,-1.5197789686908045,-10.78413302254183,-102.53006527694242,-103.56091844834012
-1,0,92,46/561,STABLE,NONZERO_FIXED_POINT,-1.5737491994407211,-11.337848331861565,-108.01009596400186,-109.09630099357642
-1,0,93,651/9161,STABLE,NONZERO_FIXED_POINT,-1.6345425840952004,-11.959606012208859,-114.16381462922374,-115.3121765237969
-1,0,94,47/779,STABLE,NONZERO_FIXED_POINT,-1.7042746771438964,-12.670564737292757,-121.20068911387222,-122.4201287136091
-1,0,95,475/9537,STABLE,NONZERO_FIXED_POINT,-1.7862252292102756,-13.503525109276843,-129.44544250712846,-130.74816068013803
-1,0,96,3/76,STABLE,NONZERO_FIXED_POINT,-1.8858886880191967,-14.51343466607071,-139.4420527090112,-140.8457450465723
-1,0,97,97/3307,STABLE,NONZERO_FIXED_POINT,-2.013565147558463,-15.803297370904943,-152.2102563685287,-153.74291882917615
-1,0,98,49/2529,STABLE,NONZERO_FIXED_POINT,-2.192378544047809,-17.604355570289748,-170.03935025940407,-171.75210300871996
-1,0,99,99/10313,STABLE,NONZERO_FIXED_POINT,-2.4961152289159028,-20.654475722331178,-200.23420998287122,-202.2519598060234
-1,0,100,0,STABLE,NONZERO_FIXED_POINT,,,,
-1,1,1,99/1025,STABLE,NONZERO_FIXED_POINT,-1.518538864236235,-10.615116157899685,-100.95800785861556,-101.97309652940982
-1,1,2,49/257,STABLE,NONZERO_FIXED_POINT,-1.2316204042816548,-7.636638583795786,-71.69323546405852,-72.4129725073613
-1,1,3,291/1033,STABLE,NONZERO_FIXED_POINT,-1.070363219478577,-5.921310689095691,-54.88976455381163,-55.43997188634535
-1,1,4,24/65,STABLE,NONZERO_FIXED_POINT,-0.9609758920982938,-4.730518447955131,-43.24102511127924,-43.6737272262105
-1,1,5,475/1049,STABLE,NONZERO_FIXED_POINT,-0.8803245854070099,-3.8322340251394067,-34.45565866058831,-34.79974053915697
-1,1,6,141/265,STABLE,NONZERO_FIXED_POINT,-0.7630071009725068,-3.0673784444496377,-27.45642785664313,-27.73045461792458
-1,1,7,651/1073,STABLE,NONZERO_FIXED_POINT,-0.5989459481912665,-2.374984160570456,-21.69205404206349,-21.909072775461254
-1,1,8,23/34,STABLE,NONZERO_FIXED_POINT,-0.4543170906642775,-1.789495930150352,-16.904268938360445,-17.074020019385102
-1,1,9,63/85,STABLE,NONZERO_FIXED_POINT,-0.3254146729897851,-1.284930431374299,-12.878771651655029,-13.008850027915656
-1,1,10,225/281,STABLE,NONZERO_FIXED_POINT,-0.21000291623496636,-0.8416297751243391,-9.468294411939638,-9.56481821357346
-1,1,11,979/1145,STABLE,NONZERO_FIXED_POINT,-0.10680266521860204,-0.4432213002935441,-6.566962743221438,-6.634985432596864
-1,1,12,66/73,STABLE,NONZERO_FIXED_POINT,-0.01518379140095405,-0.07432511978164058,-4.095874053813986,-4.139626681369492
-1,1,13,1131/1193,STABLE,NONZERO_FIXED_POINT,0.0650522580694286,0.28260626445150905,-1.9958357808939127,-2.0161640985858753
-1,1,14,301/305,STABLE,NONZERO_FIXED_POINT,0.1338555810127584,0.655129250627013,-0.28436129627061746,-0.13869409297637958
-1,1,15,1275/1249,UNSTABLE,SINGULAR_BOUNDARY_LIMIT,0.19109931441657935,1.1142334529424573,0.519223427165457,0.7010700827598839
-1,1,16,21/20,UNSTABLE,SINGULAR_BOUNDARY_LIMIT,0.23673874350664548,2.426714835800194,0.642172331123561,0.6533810505569022
-1,1,17,1411/1313,UNSTABLE,SINGULAR_BOUNDARY_LIMIT,0.27094100168696045,1.4538605506380264,0.6831311308150134,0.6842800722940297
-1,1,18,369/337,UNSTABLE,SINGULAR_BOUNDARY_LIMIT,0.2941630037375056,1.2442847065264786,0.7093844037652843,0.7095677971105374
-1,1,19,1539/1385,UNSTABLE,SINGULAR_BOUNDARY_LIMIT,0.3071634947652413,1.1551836623344087,0.7257583949382251,0.7258019703804166
-1,1,20,100/89,UNSTABLE,SINGULAR_BOUNDARY_LIMIT,0.3109529002498519,1.1068807653564008,0.7335348980284664,0.7335497196652909
-1,1,21,1659/1465,UNSTABLE,SINGULAR_BOUNDARY_LIMIT,0.3067020109347105,1.0773656732886323,0.7338512905423613,0.7338582653482604
-1,1,22,33/29,UNSTABLE,SINGULAR_BOUNDARY_LIMIT,0.2956382461038931,1.0586408997858427,0.7278761421816,0.7278805491481535
-1,1,23,1771/1553,UNSTABLE,SINGULAR_BOUNDARY_LIMIT,0.2789542260449167,1.0479680444123076,0.71674759581839,0.716751236896755
-1,1,24,57/50,UNSTABLE,SINGULAR_BOUNDARY_LIMIT,0.24608746862077524,1.0335918278188885,0.6898560591144189,0.6898599015750051
-1,1,25,1875/1649,UNSTABLE,SINGULAR_BOUNDARY_LIMIT,0.20417372268460454,1.023469855555092,0.6542969106644136,0.6543019828930028
-1,1,26,481/425,UNSTABLE,SINGULAR_BOUNDARY_LIMIT,0.1606682334868239,1.0281343240622576,0.6174905785723581,0.6174987988395628
-1,1,27,1971/1753,UNSTABLE,SINGULAR_BOUNDARY_LIMIT,0.11613942749889716,1.0549271862471628,0.5799746834751431,0.5799907678378986
-1,1,28,126/113,UNSTABLE,SINGULAR_BOUNDARY_LIMIT,0.0710344699412353,1.119297818113857,0.5421666911098555,0.5422041219592302
-1,1,29,2059/1865,UNSTABLE,SINGULAR_BOUNDARY_LIMIT,0.02569654635924934,1.2622801140063657,0.5043726561239055,0.5044748674224593
-1,1,30,525/481,UNSTABLE,SINGULAR_BOUNDARY_LIMIT,-0.019617116016075187,1.6865155737775765,0.4667727270434625,0.4670962700230348
-1,1,31,2139/1985,UNSTABLE,SINGULAR_BOUNDARY_LIMIT,-0.06471849715704181,1.506359600692619,0.4292957248670177,0.43046999656331764
-1,1,32,17/16,UNSTABLE,SINGULAR_BOUNDARY_LIMIT,-0.10947421595773044,0.9696731270917951,0.39094886379561444,0.3957872837250136
-1,1,33,2211/2113,UNSTABLE,SINGULAR_BOUNDARY_LIMIT,-0.15379338754701166,0.6640733763482487,0.34628621432398177,0.3687182630257553
-1,1,34,561/545,UNSTABLE,SINGULAR_BOUNDARY_LIMIT,-0.1976177883817236,0.4292793505901429,0.26722958694819,0.38386685475910554
-1,1,35,175/173,UNSTABLE,SINGULAR_BOUNDARY_LIMIT,-0.24091404837284536,0.22865929718258826,0.039676277740397836,0.9131798838385521
-1,1,36,144/145,STABLE,NONZERO_FIXED_POINT,-0.2836675406463911,0.04770054835257298,-0.5113580372762385,-0.332719614094259
-1,1,37,2331/2393,STABLE,NONZERO_FIXED_POINT,-0.32587765032092264,-0.12088954243217387,-1.3112134844666343,-1.2967087051314365
-1,1,38,589/617,STABLE,NONZERO_FIXED_POINT,-0.36755414092666605,-0.28132386520665875,-2.204798724400405,-2.2215284535800492
-1,1,39,2379/2545,STABLE,NONZERO_FIXED_POINT,-0.40871438251706493,-0.43627229441212023,-3.1421518092170686,-3.171023608512087
-1,1,40,75/82,STABLE,NONZERO_FIXED_POINT,-0.44938124989465855,-0.587541549983662,-4.113215157710869,-4.151919889287768
-1,1,41,2419/2705,STABLE,NONZERO_FIXED_POINT,-0.4895815386485296,-0.7364145395330297,-5.115250337561406,-5.163776686038261
-1,1,42,609/697,STABLE,NONZERO_FIXED_POINT,-0.5293447796294011,-0.8838356335574673,-6.14673374274463,-6.20534873051588
-1,1,43,2451/2873,STABLE,NONZERO_FIXED_POINT,-0.5687023592000529,-1.0305192551557525,-7.2064501027474535,-7.275442371617032
-1,1,44,154/185,STABLE,NONZERO_FIXED_POINT,-0.6076868738114847,-1.1770173901527627,-8.293362836843414,-8.373013840444429
-1,1,45,2475/3049,STABLE,NONZERO_FIXED_POINT,-0.6274320675898348,-1.3048641591327055,-9.387689322223878,-9.478271542997447
-1,1,46,621/785,STABLE,NONZERO_FIXED_POINT,-0.6381949492107744,-1.4246284969472995,-10.498912151311345,-10.600690207855337
-1,1,47,47/61,STABLE,NONZERO_FIXED_POINT,-0.6491276274814579,-1.5457077570557658,-11.635542709074514,-11.748774686147783
-1,1,48,3/4,STABLE,NONZERO_FIXED_POINT,-0.6602328566510707,-1.6682993043159637,-12.797069718250555,-12.922008454858727
-1,1,49,2499/3425,STABLE,NONZERO_FIXED_POINT,-0.6715139839842514,-1.7925626418718608,-13.983103242300444,-14.119997562002482
-1,1,50,625/881,STABLE,NONZERO_FIXED_POINT,-0.6829749501845885,-1.9186288770534077,-15.193369726324022,-15.342465617392008
-1,1,51,2499/3625,STABLE,NONZERO_FIXED_POINT,-0.6946202953463967,-2.0466082215438988,-16.42770798232783,-16.589249737108446
-1,1,52,156/233,STABLE,NONZERO_FIXED_POINT,-0.7064551703971453,-2.1765960202699404,-17.686066085415547,-17.860297408087064
-1,1,53,2491/3833,STABLE,NONZERO_FIXED_POINT,-0.7184853540928184,-2.3086776511979252,-18.968499159210864,-19.15566425092868
-1,1,54,621/985,STABLE,NONZERO_FIXED_POINT,-0.7307172757288427,-2.442932542906867,-20.275168040495032,-20.4755126708161
-1,1,55,2475/4049,STABLE,NONZERO_FIXED_POINT,-0.7431580438325689,-2.5794374957710176,-21.60633882498763,-21.820111398486404
-1,1,56,77/130,STABLE,NONZERO_FIXED_POINT,-0.7558154812131868,-2.7182694523403512,-22.96238330873217,-23.189835935866512
-1,1,57,2451/4273,STABLE,NONZERO_FIXED_POINT,-0.7686981668645476,-2.8595078349836456,-24.343780352987437,-24.58516993455254
-1,1,58,609/1097,STABLE,NONZERO_FIXED_POINT,-0.7818154853495596,-3.0032365492441997,-25.751118215237227,-26.006707550178987
-1,1,59,2419/4505,STABLE,NONZERO_FIXED_POINT,-0.795177684446081,-3.149545736818766,-27.18509790535552,-27.455156832308717
-1,1,60,150/289,STABLE,NONZERO_FIXED_POINT,-0.8087959420086461,-3.2985333509710415,-28.646537644610333,-28.93134422831119
-1,1,61,183/365,STABLE,NONZERO_FIXED_POINT,-0.8226824432045774,-3.4503066186169065,-30.136378526685803,-30.43622030141185
-1,1,62,589/1217,STABLE,NONZERO_FIXED_POINT,-0.8368504695245473,-3.6049834467854964,-31.65569150503228,-31.970866788475234
-1,1,63,2331/4993,STABLE,NONZERO_FIXED_POINT,-0.851314501256482,-3.7626938264299525,-33.205685860573794,-33.536505153108294
-1,1,64,9/20,STABLE,NONZERO_FIXED_POINT,-0.8660903354600844,-3.92358128355146,-34.7877193393451,-35.13450682556976
-1,1,65,2275/5249,STABLE,NONZERO_FIXED_POINT,-0.8811952219028036,-4.087804426319018,-36.403310192541255,-36.766405364316256
-1,1,66,561/1345,STABLE,NONZERO_FIXED_POINT,-0.8966480199370466,-4.255538637403127,-38.054151403746005,-38.43391082682825
-1,1,67,2211/5513,STABLE,NONZERO_FIXED_POINT,-0.9124693799387842,-4.4269779632521065,-39.74212745233842,-40.13892670223902
-1,1,68,136/353,STABLE,NONZERO_FIXED_POINT,-0.92868195372351,-4.60233725677282,-41.469334041636756,-41.88356983865435
-1,1,69,2139/5785,STABLE,NONZERO_FIXED_POINT,-0.9453106393514936,-4.78185463719111,-43.238101319657915,-43.67019389837412
-1,1,70,525/1481,STABLE,NONZERO_FIXED_POINT,-0.9623828669900485,-4.96579434127392,-45.05102124533846,-45.50141700045373
-1,1,71,2059/6065,STABLE,NONZERO_FIXED_POINT,-0.9799289340951685,-5.154450054312498,-46.91097991155402,-47.3801543701386
-1,1,72,63/194,STABLE,NONZERO_FIXED_POINT,-0.9979824002164417,-5.34814882830085,-48.82119583892657,-49.309657019403176
-1,1,73,1971/6353,STABLE,NONZERO_FIXED_POINT,-1.0165805543635251,-5.547255719998681,-50.78526551573185,-51.293557746787656
-1,1,74,37/125,STABLE,NONZERO_FIXED_POINT,-1.0357649713018517,-5.75217931500849,-52.807217799193495,-53.335926088134556
-1,1,75,1875/6649,STABLE,NONZERO_FIXED_POINT,-1.0555821776504644,-5.963378348388169,-54.89157923989353,-55.44133430078119
-1,1,76,114/425,STABLE,NONZERO_FIXED_POINT,-1.0760844546318111,-6.181369691581246,-57.04345298314482,-57.61493706185868
-1,1,77,1771/6953,STABLE,NONZERO_FIXED_POINT,-1.0973308123365264,-6.406738055192662,-59.26861469482975,-59.86256836302533
-1,1,78,429/1777,STABLE,NONZERO_FIXED_POINT,-1.1193881812312974,-6.640147865497475,-61.573630035186056,-62.19086017080667
-1,1,79,1659/7265,STABLE,NONZERO_FIXED_POINT,-1.1423328815506686,-6.882357921481329,-63.96599968068398,-64.60738891329368
-1,1,80,25/116,STABLE,NONZERO_FIXED_POINT,-1.1662524519541604,-7.134239646456926,-66.45433994772327,-67.12085792827816
-1,1,81,1539/7585,STABLE,NONZERO_FIXED_POINT,-1.191247948092876,-7.3968000408143695,-69.04860996915488,-69.74132693444619
-1,1,82,369/1937,STABLE,NONZERO_FIXED_POINT,-1.21743686366945,-7.67121086177734,-71.76040052688103,-72.48050378144109
-1,1,83,1411/7913,STABLE,NONZERO_FIXED_POINT,-1.2449568877252588,-7.958846167482186,-74.60330569786817,-75.3521198498413
-1,1,84,84/505,STABLE,NONZERO_FIXED_POINT,-1.2739708027540075,-8.26133127130963,-77.59340746674235,-78.3724195587991
-1,1,85,1275/8249,STABLE,NONZERO_FIXED_POINT,-1.3046729661218546,-8.580607531185741,-80.74991710854368,-81.5608082273776
-1,1,86,301/2105,STABLE,NONZERO_FIXED_POINT,-1.3372980314441811,-8.919019540253814,-84.09603834820524,-84.94072395278306
-1,1,87,87/661,STABLE,NONZERO_FIXED_POINT,-1.3721329080662308,-9.279434700282124,-87.66015111167528,-88.5408333185423
-1,1,88,33/274,STABLE,NONZERO_FIXED_POINT,-1.4095335176645163,-9.665410767867503,-91.47747020984386,-92.39670683278635
-1,1,89,979/8945,STABLE,NONZERO_FIXED_POINT,-1.4499488597151107,-10.081436490787603,-95.59242761674619,-96.55322526984645
-1,1,90,225/2281,STABLE,NONZERO_FIXED_POINT,-1.4939565798889873,-10.533287274998791,-100.06219355272196,-101.06813631988729
-1,1,91,819/9305,STABLE,NONZERO_FIXED_POINT,-1.542317343045159,-11.02856889888676,-104.96205923675751,-106.01749171246388
-1,1,92,46/593,STABLE,NONZERO_FIXED_POINT,-1.5960613665238625,-11.57758283169806,-110.39400352145847,-111.50430038314116
-1,1,93,651/9673,STABLE,NONZERO_FIXED_POINT,-1.6566330404326841,-12.194772422992415,-116.50101015225135,-117.67299035145646
-1,1,94,141/2465,STABLE,NONZERO_FIXED_POINT,-1.7261477864804178,-12.901291478581605,-123.49249665383198,-124.73509446478988
-1,1,95,475/10049,STABLE,NONZERO_FIXED_POINT,-1.8078852276877555,-13.72993594616834,-131.69313800359464,-133.0185672401949
-1,1,96,3/80,STABLE,NONZERO_FIXED_POINT,-1.9073396891048295,-14.735648911915236,-141.64686608414826,-143.07283481642054
-1,1,97,291/10433,STABLE,NONZERO_FIXED_POINT,-2.0348111467370913,-16.021430079892326,-154.37337351715064,-155.92788973554684
-1,1,98,49/2657,STABLE,NONZERO_FIXED_POINT,-2.213423423292028,-17.818517720467945,-172.16191494044492,-173.89611041482672
-1,1,99,99/10825,STABLE,NONZERO_FIXED_POINT,-2.5169627609464005,-20.864774389583843,-202.3173256176628,-204.35611832809062
-1,1,100,0,STABLE,NONZERO_FIXED_POINT,,,,
-1,2,1,33/683,STABLE,NONZERO_FIXED_POINT,-1.819356957245656,-13.642436758895059,-130.75813873741947,-132.07404550122317
-1,2,2,49/513,STABLE,NONZERO_FIXED_POINT,-1.5318046460621773,-10.673069811634008,-101.44606418407423,-102.46598546915754
-1,2,3,291/2057,STABLE,NONZERO_FIXED_POINT,-1.3694971896536812,-8.959568931983142,-84.55094487437282,-85.40028617708163
-1,2,4,8/43,STABLE,NONZERO_FIXED_POINT,-1.258652245754687,-7.763900965922474,-72.76758468993019,-73.49796315851783
-1,2,5,475/2073,STABLE,NONZERO_FIXED_POINT,-1.176148399307312,-6.854653032253907,-63.806259816299814,-64.44616550876879
-1,2,6,141/521,STABLE,NONZERO_FIXED_POINT,-1.1116866549944202,-6.128646960698298,-56.64670410229451,-57.21432271293867
-1,2,7,217/699,STABLE,NONZERO_FIXED_POINT,-1.059772314913718,-5.530757441821777,-50.74431282177272,-51.252330263669876
-1,2,8,23/66,STABLE,NONZERO_FIXED_POINT,-1.017124110431288,-5.028002494439839,-45.77364478795084,-46.23146088747512
-1,2,9,819/2129,STABLE,NONZERO_FIXED_POINT,-0.9816237886641233,-4.599038321666335,-41.52442960656214,-41.939321366239994
-1,2,10,75/179,STABLE,NONZERO_FIXED_POINT,-0.9518230353159121,-4.229227589871272,-37.852751320643534,-38.23054308823174
-1,2,11,979/2169,STABLE,NONZERO_FIXED_POINT,-0.9266867125658997,-3.9080712171322105,-34.655627315333504,-35.00110417554458
-1,2,12,66/137,STABLE,NONZERO_FIXED_POINT,-0.9054483384568668,-3.6277632065432144,-31.856699188600288,-32.17387582021482
-1,2,13,377/739,STABLE,NONZERO_FIXED_POINT,-0.8540607149173347,-3.3488641887070756,-29.36421151601877,-29.656514604207814
-1,2,14,301/561,STABLE,NONZERO_FIXED_POINT,-0.7996892869695724,-3.094307833353149,-27.160185156102102,-27.430581521764395
-1,2,15,1275/2273,STABLE,NONZERO_FIXED_POINT,-0.751769165652723,-2.870140577973295,-25.21799705738482,-25.469086308339854
-1,2,16,7/12,STABLE,NONZERO_FIXED_POINT,-0.7097135215064281,-2.6730162466155747,-23.507738606757158,-23.741821812790533
-1,2,17,1411/2337,STABLE,NONZERO_FIXED_POINT,-0.6730247785593235,-2.5001587907985794,-22.00469283756928,-22.22382453620719
-1,2,18,369/593,STABLE,NONZERO_FIXED_POINT,-0.6412712777985163,-2.349232837002198,-20.688146932932796,-20.894175260137956
-1,2,19,513/803,STABLE,NONZERO_FIXED_POINT,-0.6140708909792636,-2.218249263437052,-19.540528650828207,-19.735126830995057
-1,2,20,100/153,STABLE,NONZERO_FIXED_POINT,-0.5910795207292843,-2.1054947204613654,-18.546766730217882,-18.731458161035505
-1,2,21,1659/2489,STABLE,NONZERO_FIXED_POINT,-0.5719830820177911,-2.009477923385795,-17.693809475525143,-17.86998798610938
-1,2,22,143/211,STABLE,NONZERO_FIXED_POINT,-0.5564919743832863,-1.928888028220122,-16.970257131917634,-17.13920354975025
-1,2,23,1771/2577,STABLE,NONZERO_FIXED_POINT,-0.5443373265368869,-1.8625619918274552,-16.366077459962526,-16.528973317323334
-1,2,24,57/82,STABLE,NONZERO_FIXED_POINT,-0.5352684827508618,-1.8094588339743254,-15.872383021565724,-16.030322018276962
-1,2,25,625/891,STABLE,NONZERO_FIXED_POINT,-0.5290513363934402,-1.7686393560636375,-15.481254827580585,-15.635252514273418
-1,2,26,481/681,STABLE,NONZERO_FIXED_POINT,-0.5254672184490587,-1.7392502597363872,-15.185601218727129,-15.336603254266095
-1,2,27,1971/2777,STABLE,NONZERO_FIXED_POINT,-0.524312128187379,-1.720511838565514,-14.979043806062407,-15.127933061533213
-1,2,28,42/59,STABLE,NONZERO_FIXED_POINT,-0.5253961551933575,-1.7117085524266713,-14.855824398164316,-15.003427119408542
-1,2,29,2059/2889,STABLE,NONZERO_FIXED_POINT,-0.5285429902885141,-1.712181882238859,-14.810728357073174,-14.957819552299327
-1,2,30,525/737,STABLE,NONZERO_FIXED_POINT,-0.545332577292978,-1.7330680497859063,-14.850764048205349,-14.998072232658444
-1,2,31,713/1003,STABLE,NONZERO_FIXED_POINT,-0.5659930856429298,-1.7641863556752853,-14.962001965719537,-15.110213368888083
-1,2,32,17/24,STABLE,NONZERO_FIXED_POINT,-0.5875439607938562,-1.8021795183363096,-15.137673279422103,-15.28743559975544
-1,2,33,2211/3137,STABLE,NONZERO_FIXED_POINT,-0.6037107440512877,-1.8404263953850446,-15.368046926618717,-15.519972702737789
-1,2,34,187/267,STABLE,NONZERO_FIXED_POINT,-0.6105235280464676,-1.8746387121935442,-15.645995883335672,-15.800665538163742
-1,2,35,2275/3273,STABLE,NONZERO_FIXED_POINT,-0.6176039727863909,-1.9141465488268494,-15.97825656596848,-16.136221170283363
-1,2,36,144/209,STABLE,NONZERO_FIXED_POINT,-0.6249406602001208,-1.958672250179454,-16.362180366712266,-16.52396416072807
-1,2,37,777/1139,STABLE,NONZERO_FIXED_POINT,-0.6325237342242112,-2.007963643309587,-16.795347650386304,-16.961450355664454
-1,2,38,589/873,STABLE,NONZERO_FIXED_POINT,-0.6403447456488909,-2.061792456003168,-17.275549634057995,-17.446448582976473
-1,2,39,2379/3569,STABLE,NONZERO_FIXED_POINT,-0.648396520121544,-2.1199527556949533,-17.800772566002422,-17.976924671920813
-1,2,40,25/38,STABLE,NONZERO_FIXED_POINT,-0.6566730458848502,-2.182259421545581,-18.36918387492875,-18.55102746287352
-1,2,41,2419/3729,STABLE,NONZERO_FIXED_POINT,-0.6651693784509032,-2.248546670310347,-18.97912002194971,-19.167076536949196
-1,2,42,609/953,STABLE,NONZERO_FIXED_POINT,-0.6738815599179429,-2.318666658385638,-19.62907583729873,-19.823551445304247
-1,2,43,817/1299,STABLE,NONZERO_FIXED_POINT,-0.6828065510486478,-2.3924881802308846,-20.317695163940243,-20.519082258480864
-1,2,44,154/249,STABLE,NONZERO_FIXED_POINT,-0.6919421745683252,-2.4698954790149728,-21.04376266300605,-21.252441289265306
-1,2,45,2475/4073,STABLE,NONZERO_FIXED_POINT,-0.7012870684231451,-2.550787180162729,-21.80619666300862,-22.02253586982505
-1,2,46,207/347,STABLE,NONZERO_FIXED_POINT,-0.7108406479750613,-2.635075353402023,-22.604042957276988,-22.828402086610964
-1,2,47,2491/4257,STABLE,NONZERO_FIXED_POINT,-0.7206030763108071,-2.7226847044965865,-23.436469473023465,-23.669199395664123
-1,2,48,39/68,STABLE,NONZERO_FIXED_POINT,-0.7305752420151865,-2.8135518943833304,-24.30276175166813,-24.54420605734788
-1,2,49,833/1483,STABLE,NONZERO_FIXED_POINT,-0.740758743910142,-2.9076249810023427,-25.202319194172105,-25.452815343793702
-1,2,50,625/1137,STABLE,NONZERO_FIXED_POINT,-0.7511558823959348,-3.0048629776729996,-26.13465203768959,-26.394532485033267
-1,2,51,2499/4649,STABLE,NONZERO_FIXED_POINT,-0.7617696571537795,-3.1052355213146186,-27.099379041292025,-27.368972331348687
-1,2,52,52/99,STABLE,NONZERO_FIXED_POINT,-0.7726037710842686,-3.2087226439860217,-28.09622586923851,-28.375857720201253
-1,2,53,2491/4857,STABLE,NONZERO_FIXED_POINT,-0.7836626404664173,-3.315314641969678,-29.125024170608413,-29.4150185465449
-1,2,54,621/1241,STABLE,NONZERO_FIXED_POINT,-0.794951411431505,-3.4250120378133033,-30.185711364407723,-30.486391545729873
-1,2,55,825/1691,STABLE,NONZERO_FIXED_POINT,-0.8064759829572257,-3.537825632245628,-31.27833114982525,-31.59002080887302
-1,2,56,77/162,STABLE,NONZERO_FIXED_POINT,-0.8182430367044073,-3.6537766446163786,-32.40303477246957,-32.72605906183972
-1,2,57,2451/5297,STABLE,NONZERO_FIXED_POINT,-0.8302600741441886,-3.7728969424142917,-33.56008308951914,-33.89476975120266
-1,2,58,203/451,STABLE,NONZERO_FIXED_POINT,-0.8425354615619849,-3.8952293624624943,-34.74984949014177,-35.09652999410645
-1,2,59,2419/5529,STABLE,NONZERO_FIXED_POINT,-0.8550784836805025,-4.020828128576795,-35.97282374273499,-36.331834464311896
-1,2,60,150/353,STABLE,NONZERO_FIXED_POINT,-0.8678994068224526,-4.14975937282442,-37.229616858030084,-37.60130030436224
-1,2,61,793/1923,STABLE,NONZERO_FIXED_POINT,-0.8810095527414994,-4.282101770087294,-38.52096707751542,-38.90567317443623
-1,2,62,589/1473,STABLE,NONZERO_FIXED_POINT,-0.8944213844945583,-4.4179472984905175,-39.84774712075773,-40.245834572813294
-1,2,63,2331/6017,STABLE,NONZERO_FIXED_POINT,-0.9081486060202408,-4.557402141502479,-41.210972853990484,-41.62281059196158
-1,2,64,3/8,STABLE,NONZERO_FIXED_POINT,-0.9222062774390167,-4.700587751279359,-42.61181357702105,-43.037782309293334
-1,2,65,2275/6273,STABLE,NONZERO_FIXED_POINT,-0.9366109485164937,-4.847642097278694,-44.0516041676384,-44.492098054182634
-1,2,66,561/1601,STABLE,NONZERO_FIXED_POINT,-0.9513808132520314,-4.998721129517193,-45.53185937426707,-45.987287844930165
-1,2,67,737/2179,STABLE,NONZERO_FIXED_POINT,-0.9665358891970275,-5.154000492366315,-47.05429061119497,-47.52508035358221
-1,2,68,136/417,STABLE,NONZERO_FIXED_POINT,-0.9820982259045881,-5.313677532816577,-48.62082568967318,-49.10742283627667
-1,2,69,2139/6809,STABLE,NONZERO_FIXED_POINT,-0.9980921479095777,-5.477973657153228,-50.233632016967135,-50.7365045665739
-1,2,70,175/579,STABLE,NONZERO_FIXED_POINT,-1.0145445388950858,-5.647137102573225,-51.89514391992839,-52.41478443496953
-1,2,71,2059/7089,STABLE,NONZERO_FIXED_POINT,-1.0314851752971101,-5.821446206237965,-53.60809490770947,-54.14502353744348
-1,2,72,63/226,STABLE,NONZERO_FIXED_POINT,-1.0489471196416957,-6.0012132746768145,-55.37555589050942,-55.930323780203224
-1,2,73,657/2459,STABLE,NONZERO_FIXED_POINT,-1.066967186544125,-6.186789182800972,-57.20098063221104,-57.77417379139001
-1,2,74,481/1881,STABLE,NONZERO_FIXED_POINT,-1.0855864977298815,-6.3785688660772095,-59.088260054431544,-59.68050377360805
-1,2,75,1875/7673,STABLE,NONZERO_FIXED_POINT,-1.104851146943017,-6.576997914458666,-61.04178745567464,-61.65375138181162
-1,2,76,38/163,STABLE,NONZERO_FIXED_POINT,-1.124813001585224,-6.782580536433436,-63.066537301137515,-63.698941308924674
-1,2,77,1771/7977,STABLE,NONZERO_FIXED_POINT,-1.145530675942549,-6.995889241679265,-65.1681610321645,-65.8217820630257
-1,2,78,429/2033,STABLE,NONZERO_FIXED_POINT,-1.1670707217224212,-7.217576699459293,-67.35310442011951,-68.02878450657283
-1,2,79,553/2763,STABLE,NONZERO_FIXED_POINT,-1.1895090965367672,-7.448390379019905,-69.62875246593785,-70.32740821954968
-1,2,80,25/132,STABLE,NONZERO_FIXED_POINT,-1.2129329917080138,-7.689190785655086,-72.00360990004808,-72.72624382258189
-1,2,81,1539/8609,STABLE,NONZERO_FIXED_POINT,-1.2374431300379598,-7.940974398731626,-74.48752823449462,-75.23524232248099
-1,2,82,123/731,STABLE,NONZERO_FIXED_POINT,-1.263156686119439,-8.204902837366603,-77.09199447121918,-77.86600673673769
-1,2,83,1411/8937,STABLE,NONZERO_FIXED_POINT,-1.290211042921225,-8.482340390954029,-79.83050262443629,-80.63216736861659
-1,2,84,84/569,STABLE,NONZERO_FIXED_POINT,-1.3187686892419812,-8.774902960391614,-82.71903821077478,-83.54987119110791
-1,2,85,425/3091,STABLE,NONZERO_FIXED_POINT,-1.3490237005104095,-9.0845228346747,-85.77671951118862,-86.6384295862016
-1,2,86,301/2361,STABLE,NONZERO_FIXED_POINT,-1.3812104595790107,-9.413535869229037,-89.02666061155128,-89.92119010303617
-1,2,87,1131/9617,STABLE,NONZERO_FIXED_POINT,-1.4156156156560638,-9.764801047329826,-92.49715503714202,-93.42673204826269
-1,2,88,11/102,STABLE,NONZERO_FIXED_POINT,-1.4525948403904128,-10.141868014658026,-96.22333432241798,-97.19054180902167
-1,2,89,979/9969,STABLE,NONZERO_FIXED_POINT,-1.492596892853026,-10.549217704341778,-100.24955017772999,-101.25741908192526
-1,2,90,225/2537,STABLE,NONZERO_FIXED_POINT,-1.5361991874734677,-10.992617992978381,-104.6328954638056,-105.68503341291597
-1,2,91,273/3443,STABLE,NONZERO_FIXED_POINT,-1.5841621666002084,-11.479667404242377,-109.44858683833246,-110.5493612139964
-1,2,92,46/657,STABLE,NONZERO_FIXED_POINT,-1.6375158333852866,-12.020660417007392,-114.79853128816822,-115.9533388260464
-1,2,93,651/10697,STABLE,NONZERO_FIXED_POINT,-1.697704371684667,-12.630033644820045,-120.82564328882268,-122.04132429605863
-1,2,94,47/907,STABLE,NONZERO_FIXED_POINT,-1.7668430045276082,-13.328934402189496,-127.73927359425915,-129.02478302338355
-1,2,95,475/11073,STABLE,NONZERO_FIXED_POINT,-1.8482111634827731,-14.150152380903101,-135.86403281675342,-137.23160450704387
-1,2,96,3/88,STABLE,NONZERO_FIXED_POINT,-1.9473029890498488,-15.14862463759424,-145.74379078890928,-147.21115220633982
-1,2,97,97/3819,STABLE,NONZERO_FIXED_POINT,-2.074418279277012,-16.4273450645059,-158.3981803100354,-159.99335823414245
-1,2,98,49/2913,STABLE,NONZERO_FIXED_POINT,-2.2526806852156156,-18.21754632950914,-176.11639833883382,-177.89054274343297
-1,2,99,99/11849,STABLE,NONZERO_FIXED_POINT,-2.5558762834107966,-21.25708558731106,-206.20322452151834,-208.2812710263971
-1,2,100,0,STABLE,NONZERO_FIXED_POINT,,,,
-1,3,1,99/4097,STABLE,NONZERO_FIXED_POINT,-2.1202809627976054,-16.661594093317305,-160.55953256596504,-162.17636333532062
-1,3,2,49/1025,STABLE,NONZERO_FIXED_POINT,-1.8324111463421335,-13.697678580626118,-131.22465147795626,-132.54517926331948
-1,3,3,291/4105,STABLE,NONZERO_FIXED_POINT,-1.6695760594144167,-11.98635224980471,-114.28474759959619,-115.43416777206573
-1,3,4,24/257,STABLE,NONZERO_FIXED_POINT,-1.5579956587867323,-10.78971325253406,-102.43496071670648,-103.46468259832616
-1,3,5,475/4121,STABLE,NONZERO_FIXED_POINT,-1.474551711738041,-9.876482419250436,-93.38598385548738,-94.32429286038712
-1,3,6,141/1033,STABLE,NONZERO_FIXED_POINT,-1.4089492532145167,-9.143617715936905,-86.11804530571226,-86.98292651457649
-1,3,7,651/4145,STABLE,NONZERO_FIXED_POINT,-1.3556984193346677,-8.536132461525824,-80.08710808724987,-80.89105163356794
-1,3,8,23/130,STABLE,NONZERO_FIXED_POINT,-1.3115235271962558,-8.021186003543797,-74.968366964269,-75.72058248055822
-1,3,9,819/4177,STABLE,NONZERO_FIXED_POINT,-1.2743126024909213,-7.577578866129201,-70.5522499380599,-71.25983051156459
-1,3,10,225/1049,STABLE,NONZERO_FIXED_POINT,-1.2426242378099142,-7.190821199192513,-66.69559560852227,-67.36418857860446
-1,3,11,979/4217,STABLE,NONZERO_FIXED_POINT,-1.2154307615665694,-6.850564328607767,-63.29622540383468,-63.93044631304639
-1,3,12,66/265,STABLE,NONZERO_FIXED_POINT,-1.191973645237268,-6.549154685583112,-60.2786275095624,-60.88232944795729
-1,3,13,1131/4265,STABLE,NONZERO_FIXED_POINT,-1.1716769973757426,-6.280768601169498,-57.585391484588456,-58.161847915166504
-1,3,14,301/1073,STABLE,NONZERO_FIXED_POINT,-1.1540932177000691,-6.040868700377196,-55.171826812163374,-55.72386003853546
-1,3,15,1275/4321,STABLE,NONZERO_FIXED_POINT,-1.138867455528187,-5.825848340013835,-53.00244316210433,-53.5325172436456
-1,3,16,21/68,STABLE,NONZERO_FIXED_POINT,-1.1257135708582613,-5.632791074310731,-51.04856948909065,-51.55885910706297
-1,3,17,1411/4385,STABLE,NONZERO_FIXED_POINT,-1.088068465270263,-5.432974269385831,-49.26036780664367,-49.75281039059138
-1,3,18,369/1105,STABLE,NONZERO_FIXED_POINT,-1.0535723194649993,-5.252241797688633,-47.64614301285076,-48.12247892471282
-1,3,19,1539/4457,STABLE,NONZERO_FIXED_POINT,-1.0218995040391228,-5.088756547624392,-46.18932074132334,-46.65112475557805
-1,3,20,100/281,STABLE,NONZERO_FIXED_POINT,-0.9927743642553555,-4.940957965361044,-44.87582961058311,-45.324535930488224
-1,3,21,1659/4537,STABLE,NONZERO_FIXED_POINT,-0.9659614472268103,-4.80750828689478,-43.69361307986611,-44.13053547310773
-1,3,22,429/1145,STABLE,NONZERO_FIXED_POINT,-0.9412580101002446,-4.6872513161972265,-42.63225537868681,-43.058603573178004
-1,3,23,1771/4625,STABLE,NONZERO_FIXED_POINT,-0.9184881999878378,-4.579180398498096,-41.68269104264232,-42.09958421852724
-1,3,24,57/146,STABLE,NONZERO_FIXED_POINT,-0.8974984781313156,-4.482413237461863,-40.836976675143944,-41.2454546752559
-1,3,25,1875/4721,STABLE,NONZERO_FIXED_POINT,-0.8781539830871798,-4.396171877869158,-40.08810967055189,-40.489142398919455
-1,3,26,481/1193,STABLE,NONZERO_FIXED_POINT,-0.8603356116064838,-4.319766636927731,-39.429882828955954,-39.82437819625244
-1,3,27,1971/4825,STABLE,NONZERO_FIXED_POINT,-0.8439376544138639,-4.252583089361323,-38.85676671997794,-39.24557741337827
-1,3,28,126/305,STABLE,NONZERO_FIXED_POINT,-0.8288658655774839,-4.194071439642691,-38.36381372788196,-38.74774302211114
-1,3,29,2059/4937,STABLE,NONZERO_FIXED_POINT,-0.8150358739929846,-4.143737778790168,-37.946579202420594,-38.326385983022135
-1,3,30,525/1249,STABLE,NONZERO_FIXED_POINT,-0.8023718672404598,-4.101136842621699,-37.601056227216304,-37.97745936218445
-1,3,31,2139/5057,STABLE,NONZERO_FIXED_POINT,-0.7908054941053919,-4.065865976426203,-37.323621319635606,-37.69730348869666
-1,3,32,17/40,STABLE,NONZERO_FIXED_POINT,-0.7802749440134988,-4.037560076658188,-37.11098897463083,-37.48260004458052
-1,3,33,2211/5185,STABLE,NONZERO_FIXED_POINT,-0.7707241706445327,-4.01588732971625,-36.96017341633217,-37.33033343447852
-1,3,34,561/1313,STABLE,NONZERO_FIXED_POINT,-0.7621022338529437,-4.000545605498438,-36.868456264864506,-37.237758129697795
-1,3,35,2275/5321,STABLE,NONZERO_FIXED_POINT,-0.7543627392956083,-3.9912593923408153,-36.83335909002096,-37.202370947952545
-1,3,36,144/337,STABLE,NONZERO_FIXED_POINT,-0.7593110311861295,-3.9996248543004143,-36.86446770017619,-37.23373510895232
-1,3,37,2331/5465,STABLE,NONZERO_FIXED_POINT,-0.7648788052076068,-4.01338261770681,-36.94768718335837,-37.3177350761236
-1,3,38,589/1385,STABLE,NONZERO_FIXED_POINT,-0.7707445213606672,-4.032036617983522,-37.0808455537956,-37.45218003240899
-1,3,39,2379/5617,STABLE,NONZERO_FIXED_POINT,-0.7768983457177079,-4.0554176959578285,-37.262244304618605,-37.63535428645747
-1,3,40,75/178,STABLE,NONZERO_FIXED_POINT,-0.7833317628874239,-4.083372052954971,-37.49033565875868,-37.86569439767587
-1,3,41,2419/5777,STABLE,NONZERO_FIXED_POINT,-0.7900374693523524,-4.115760148191065,-37.76371184170159,-38.14177834088116
-1,3,42,609/1465,STABLE,NONZERO_FIXED_POINT,-0.7970092824296824,-4.152455751341705,-38.081095875692654,-38.46231620774995
-1,3,43,2451/5945,STABLE,NONZERO_FIXED_POINT,-0.8042420628762006,-4.193345130352768,-38.44133370025247,-38.82614224795515
-1,3,44,154/377,STABLE,NONZERO_FIXED_POINT,-0.8117316495086868,-4.2383263581489885,-38.84338745882755,-39.23220808819687
-1,3,45,2475/6121,STABLE,NONZERO_FIXED_POINT,-0.8194748045026472,-4.287308724884582,-39.286329820481285,-39.67957699671092
-1,3,46,621/1553,STABLE,NONZERO_FIXED_POINT,-0.8274691682772435,-4.340212244889187,-39.76933922995079,-40.167419085502786
-1,3,47,2491/6305,STABLE,NONZERO_FIXED_POINT,-0.8357132230824718,-4.39696724958975,-40.29169600013489,-40.69500736350744
-1,3,48,39/100,STABLE,NONZERO_FIXED_POINT,-0.8442062645840718,-4.457514059514484,-40.85277917892594,-41.26171457189946
-1,3,49,2499/6497,STABLE,NONZERO_FIXED_POINT,-0.8529483808986758,-4.521802730073752,-41.452064137896,-41.86701074853494
-1,3,50,625/1649,STABLE,NONZERO_FIXED_POINT,-0.8619404386716223,-4.589792867220609,-42.089120844228944,-42.51046148252942
-1,3,51,2499/6697,STABLE,NONZERO_FIXED_POINT,-0.8711840759174141,-4.661453510368176,-42.76361278991271,-43.19172683272245
-1,3,52,156/425,STABLE,NONZERO_FIXED_POINT,-0.8806817014617678,-4.7367630811237404,-43.47529656396409,-43.910560895659955
-1,3,53,2491/6905,STABLE,NONZERO_FIXED_POINT,-0.8904365009382147,-4.8157093975280105,-44.22402206470781,-44.6668120200859
-1,3,54,621/1753,STABLE,NONZERO_FIXED_POINT,-0.900452449404753,-4.898289754598629,-45.009733360212806,-45.460423676130006
-1,3,55,2475/7121,STABLE,NONZERO_FIXED_POINT,-0.9107343307601248,-4.984511073102226,-45.832470216226966,-46.29143599872714
-1,3,56,77/226,STABLE,NONZERO_FIXED_POINT,-0.9212877642585742,-5.074390119656094,-46.692370322676254,-47.159988036651185
-1,3,57,2451/7345,STABLE,NONZERO_FIXED_POINT,-0.9321192385497916,-5.167953802523428,-47.58967226237468,-48.06632075124884
-1,3,58,609/1865,STABLE,NONZERO_FIXED_POINT,-0.9432361538111582,-5.265239548856599,-48.52471927940843,-49.010780822920196
-1,3,59,2419/7577,STABLE,NONZERO_FIXED_POINT,-0.954646872697138,-5.366295770706536,-49.497963920174755,-49.99382533906231
-1,3,60,150/481,STABLE,NONZERO_FIXED_POINT,-0.9663607810106587,-5.471182428906708,-50.50997363779996,-51.01602745511812
-1,3,61,2379/7817,STABLE,NONZERO_FIXED_POINT,-0.9783883592106015,-5.579971706021851,-51.561437471272484,-52.07808314119234
-1,3,62,589/1985,STABLE,NONZERO_FIXED_POINT,-0.99074126611543,-5.692748802003997,-52.65317393489488,-53.18081915120695
-1,3,63,2331/8065,STABLE,NONZERO_FIXED_POINT,-1.0034324364557996,-5.80961286911905,-53.78614028255282,-54.32520238075722
-1,3,64,9/32,STABLE,NONZERO_FIXED_POINT,-1.0164761942808642,-5.930678106220501,-54.96144334604736,-55.51235081492794
-1,3,65,2275/8321,STABLE,NONZERO_FIXED_POINT,-1.0298883846496558,-6.0560750367088545,-56.18035218890071,-56.743546309917576
-1,3,66,561/2113,STABLE,NONZERO_FIXED_POINT,-1.0436865265607054,-6.185951999729312,-57.44431286861669,-58.02024950441279
-1,3,67,2211/8585,STABLE,NONZERO_FIXED_POINT,-1.057889990715907,-6.32047689058458,-58.75496566394452,-59.344117220862756
-1,3,68,136/545,STABLE,NONZERO_FIXED_POINT,-1.0725202065126727,-6.459839194317638,-60.114165202631085,-60.71702279653749
-1,3,69,2139/8857,STABLE,NONZERO_FIXED_POINT,-1.0876009036564156,-6.604252366396217,-61.52400402388122,-62.14107988398746
-1,3,70,525/2249,STABLE,NONZERO_FIXED_POINT,-1.1031583950429145,-6.753956627003021,-62.98684023417343,-63.618670386203064
-1,3,71,2059/9137,STABLE,NONZERO_FIXED_POINT,-1.1192219091565239,-6.909222251397097,-64.50533007306547,-65.15247735135921
-1,3,72,63/290,STABLE,NONZERO_FIXED_POINT,-1.1358239822729708,-7.070353459238234,-66.08246640781093,-66.74552385625628
-1,3,73,1971/9425,STABLE,NONZERO_FIXED_POINT,-1.1530009233913763,-7.237693032121463,-67.72162443650205,-68.40121917110042
-1,3,74,481/2393,STABLE,NONZERO_FIXED_POINT,-1.1707933682505924,-7.411627822871765,-69.42661621902948,-70.1234138412691
-1,3,75,1875/9721,STABLE,NONZERO_FIXED_POINT,-1.18924694329126,-7.592595365210272,-71.20175610123141,-71.91646577229795
-1,3,76,114/617,STABLE,NONZERO_FIXED_POINT,-1.2084130664029331,-7.781091852179799,-73.05193968938167,-73.78532000207841
-1,3,77,1771/10025,STABLE,NONZERO_FIXED_POINT,-1.2283499193096237,-7.977681831856458,-74.98273982551933,-75.73560564562149
-1,3,78,429/2545,STABLE,NONZERO_FIXED_POINT,-1.24912363731306,-8.183010077530888,-77.00052408981713,-77.77375458430521
-1,3,79,1659/10337,STABLE,NONZERO_FIXED_POINT,-1.2708097770263578,-8.39781623867561,-79.11259983258975,-79.90714796283896
-1,3,80,25/164,STABLE,NONZERO_FIXED_POINT,-1.2934951434720245,-8.622953086425127,-81.32739479189362,-82.1442986312693
-1,3,81,1539/10657,STABLE,NONZERO_FIXED_POINT,-1.3172800871816097,-8.859409459928223,-83.65468424972835,-84.49508059567444
-1,3,82,369/2705,STABLE,NONZERO_FIXED_POINT,-1.342281423874498,-9.108339439332084,-86.10587983190447,-86.971020735188
-1,3,83,1411/10985,STABLE,NONZERO_FIXED_POINT,-1.368636190443965,-9.37109988266343,-88.6944011105424,-89.58567415804453
-1,3,84,84/697,STABLE,NONZERO_FIXED_POINT,-1.3965065418442073,-9.64929937252628,-91.43616016383908,-92.35511365587519
-1,3,85,1275/11321,STABLE,NONZERO_FIXED_POINT,-1.4260862313535192,-9.94486299735015,-94.35020289799934,-95.29857750362407
-1,3,86,301/2873,STABLE,NONZERO_FIXED_POINT,-1.4576093308591833,-10.260119533625456,-97.45957213908059,-98.43934126947869
-1,3,87,1131/11665,STABLE,NONZERO_FIXED_POINT,-1.4913621893070026,-10.59792101053602,-100.79249131073112,-101.80591344893543
-1,3,88,33/370,STABLE,NONZERO_FIXED_POINT,-1.5277001883284393,-10.961810247098889,-104.38402303993422,-105.4337108241233
-1,3,89,979/12017,STABLE,NONZERO_FIXED_POINT,-1.5670718067878848,-11.356261479215846,-108.27845135307854,-109.36746472244778
-1,3,90,225/3049,STABLE,NONZERO_FIXED_POINT,-1.6100541883067798,-11.787036017184633,-112.53280267379296,-113.66477758004697
-1,3,91,819/12377,STABLE,NONZERO_FIXED_POINT,-1.6574075134322488,-12.261725950325044,-117.22222848744639,-118.40155997662754
-1,3,92,46/785,STABLE,NONZERO_FIXED_POINT,-1.7101615321495736,-12.790619455693502,-122.44857188636095,-123.68068371142462
-1,3,93,651/12745,STABLE,NONZERO_FIXED_POINT,-1.7697601834286818,-13.388146977767263,-128.3546847378687,-129.6464435891058
-1,3,94,141/3233,STABLE,NONZERO_FIXED_POINT,-1.8383184533569565,-14.075449794601198,-135.1498564787009,-136.51024307065705
-1,3,95,475/13121,STABLE,NONZERO_FIXED_POINT,-1.9191155441851109,-14.885311693704303,-143.15863769585843,-144.59991102172535
-1,3,96,3/104,STABLE,NONZERO_FIXED_POINT,-2.0176453744139655,-15.872663958895304,-152.92483948643678,-154.46475157101594
-1,3,97,291/13505,STABLE,NONZERO_FIXED_POINT,-2.144207527121603,-17.140494840111913,-165.46803719895496,-167.13463879849257
-1,3,98,49/3425,STABLE,NONZERO_FIXED_POINT,-2.3219254451415043,-18.920031492261067,-183.07737161845492,-184.92183611425483
-1,3,99,99/13897,STABLE,NONZERO_FIXED_POINT,-2.6245850032895746,-21.949125685070562,-213.05756748477836,-215.2048533476964
-1,3,100,0,STABLE,NONZERO_FIXED_POINT,,,,
-1,4,1,33/2731,STABLE,NONZERO_FIXED_POINT,-2.421257953703858,-19.676414343177754,-190.361305006482,-192.27911276674385
-1,4,2,49/2049,STABLE,NONZERO_FIXED_POINT,-2.1332292393515555,-16.715477888105163,-161.0152610632738,-162.6366069416465
-1,4,3,291/8201,STABLE,NONZERO_FIXED_POINT,-1.970129709855196,-15.005622347551949,-144.0532925865715,-145.50326640948185
-1,4,4,8/171,STABLE,NONZERO_FIXED_POINT,-1.858179900567254,-13.808980516233397,-132.17062549885213,-133.50053162225237
-1,4,5,475/8217,STABLE,NONZERO_FIXED_POINT,-1.7742623841870753,-12.894309369533225,-123.07806065357278,-124.31608033092152
-1,4,6,141/2057,STABLE,NONZERO_FIXED_POINT,-1.708083223389619,-12.158604354460515,-115.75595528896304,-116.91997046800236
-1,4,7,217/2747,STABLE,NONZERO_FIXED_POINT,-1.654153798588598,-11.546917449729655,-109.66042182564411,-110.76282075121617
-1,4,8,23/258,STABLE,NONZERO_FIXED_POINT,-1.6091998808526498,-11.026447693332429,-104.46682411850588,-105.51671598845152
-1,4,9,819/8273,STABLE,NONZERO_FIXED_POINT,-1.5711111515531755,-10.576036191821444,-99.96577810031334,-100.97015722288029
-1,4,10,75/691,STABLE,NONZERO_FIXED_POINT,-1.5384480517102173,-10.181234439610208,-96.01432821413323,-96.9787449981157
-1,4,11,979/8313,STABLE,NONZERO_FIXED_POINT,-1.5101849410535984,-9.831735747280952,-92.51051864164913,-93.43949373034786
-1,4,12,66/521,STABLE,NONZERO_FIXED_POINT,-1.485565494599986,-9.51992905587366,-89.37907616666882,-90.27636995442649
-1,4,13,377/2787,STABLE,NONZERO_FIXED_POINT,-1.4640161853051676,-9.240033621842755,-86.56284366969913,-87.43163928820667
-1,4,14,301/2097,STABLE,NONZERO_FIXED_POINT,-1.4450919261994617,-8.987555305959361,-84.01739751074422,-84.8604294456157
-1,4,15,1275/8417,STABLE,NONZERO_FIXED_POINT,-1.4284405163928557,-8.758930909315119,-81.70752658549571,-82.52717372790164
-1,4,16,7/44,STABLE,NONZERO_FIXED_POINT,-1.4137785893578743,-8.55128753987293,-79.60485018916499,-80.40320482563693
-1,4,17,1411/8481,STABLE,NONZERO_FIXED_POINT,-1.3745459307773853,-8.335946130369074,-77.659830536902,-78.43875058635683
-1,4,18,369/2129,STABLE,NONZERO_FIXED_POINT,-1.3383857028821922,-8.13879403882067,-75.88108132614411,-76.64223062142338
-1,4,19,513/2851,STABLE,NONZERO_FIXED_POINT,-1.30497534198207,-7.958037467221033,-74.2523443234798,-74.9972241756775
-1,4,20,100/537,STABLE,NONZERO_FIXED_POINT,-1.2740423300498307,-7.792158915977758,-72.7598703580089,-73.48984464370844
-1,4,21,1659/8633,STABLE,NONZERO_FIXED_POINT,-1.2453544088719521,-7.639863332765891,-71.391929937567,-72.10824529245383
-1,4,22,143/723,STABLE,NONZERO_FIXED_POINT,-1.218712075438531,-7.5000368121501495,-70.13843796302933,-70.8422402228588
-1,4,23,1771/8721,STABLE,NONZERO_FIXED_POINT,-1.1939427494028774,-7.371714495411965,-68.99066208045747,-69.68300980575754
-1,4,24,57/274,STABLE,NONZERO_FIXED_POINT,-1.1708961851672663,-7.25405531952584,-67.94099329741496,-68.62286900456286
-1,4,25,625/2939,STABLE,NONZERO_FIXED_POINT,-1.1494408234482005,-7.146321936876539,-66.98276360485562,-67.65508317358416
-1,4,26,481/2217,STABLE,NONZERO_FIXED_POINT,-1.1294608610506298,-7.047864588641751,-66.11009954002691,-66.77372015676758
-1,4,27,1971/8921,STABLE,NONZERO_FIXED_POINT,-1.1108538761034321,-6.958108036656448,-65.31780355220269,-65.97353046729262
-1,4,28,42/187,STABLE,NONZERO_FIXED_POINT,-1.0935288874868592,-6.876540886722168,-64.60125710720885,-65.24984942334746
-1,4,29,2059/9033,STABLE,NONZERO_FIXED_POINT,-1.0774047570058745,-6.802706800369407,-63.956340958094415,-64.59851662170882
-1,4,30,525/2273,STABLE,NONZERO_FIXED_POINT,-1.0624088645912941,-6.736197211603169,-63.37936909593668,-64.0158092282557
-1,4,31,713/3051,STABLE,NONZERO_FIXED_POINT,-1.0484760028349172,-6.67664525331454,-62.86703369622006,-63.49838637401058
-1,4,32,17/72,STABLE,NONZERO_FIXED_POINT,-1.0355474491168053,-6.623720663797364,-62.41635897407866,-63.04324254913166
-1,4,33,2211/9281,STABLE,NONZERO_FIXED_POINT,-1.023570182591362,-6.577125493378091,-62.02466231237713,-62.647668342470354
-1,4,34,187/779,STABLE,NONZERO_FIXED_POINT,-1.0124962201556924,-6.536590468902702,-61.68952136972058,-62.309217220856624
-1,4,35,2275/9417,STABLE,NONZERO_FIXED_POINT,-1.0022820507905905,-6.501871902818671,-61.408746139123366,-62.02567730854986
-1,4,36,144/593,STABLE,NONZERO_FIXED_POINT,-0.9928881517452934,-6.472749056061637,-61.18035513241804,-61.79504733368705
-1,4,37,777/3187,STABLE,NONZERO_FIXED_POINT,-0.9842785732244419,-6.449021881517403,-61.00255502519326,-61.61551606986603
-1,4,38,589/2409,STABLE,NONZERO_FIXED_POINT,-0.9764205807446,-6.430509088662525,-60.87372322286194,-61.48544472807316
-1,4,39,2379/9713,STABLE,NONZERO_FIXED_POINT,-0.9692843463169396,-6.417046480964103,-60.79239290833095,-61.40335185502943
-1,4,40,25/102,STABLE,NONZERO_FIXED_POINT,-0.9628426812012423,-6.408485526397747,-60.75724021161494,-61.36790037470482
-1,4,41,2419/9873,STABLE,NONZERO_FIXED_POINT,-0.9660580712075362,-6.413679395466183,-60.77606047304283,-61.38687374169501
-1,4,42,609/2489,STABLE,NONZERO_FIXED_POINT,-0.9712819437998483,-6.42488137408219,-60.840158291189766,-61.451565895165515
-1,4,43,817/3347,STABLE,NONZERO_FIXED_POINT,-0.9768016085239992,-6.440291074794686,-60.94688660082903,-61.55932025665436
-1,4,44,154/633,STABLE,NONZERO_FIXED_POINT,-0.9826118607862817,-6.4598254215161575,-61.09541160926196,-61.70929459844288
-1,4,45,2475/10217,STABLE,NONZERO_FIXED_POINT,-0.9887084611116155,-6.483411607653885,-61.28500067025391,-61.900748860365354
-1,4,46,207/859,STABLE,NONZERO_FIXED_POINT,-0.9950880879371855,-6.510986615696595,-61.515017584916734,-62.13304040329106
-1,4,47,2491/10401,STABLE,NONZERO_FIXED_POINT,-1.0017482992340163,-6.542496825435002,-61.78491877668904,-62.40562014552859
-1,4,48,39/164,STABLE,NONZERO_FIXED_POINT,-1.0086875022431894,-6.577897703617815,-62.09425026928986,-62.718029510311084
-1,4,49,833/3531,STABLE,NONZERO_FIXED_POINT,-1.0159049307710486,-6.6171535694294406,-62.44264541220599,-63.0698981283623
-1,4,50,625/2673,STABLE,NONZERO_FIXED_POINT,-1.0234006296284068,-6.660237431588527,-62.82982331225901,-63.460942253671476
-1,4,51,2499/10793,STABLE,NONZERO_FIXED_POINT,-1.0311754459268467,-6.70713089415338,-63.25558794253686,-63.890963863471086
-1,4,52,52/227,STABLE,NONZERO_FIXED_POINT,-1.039231027064698,-6.757824129321783,-63.719827911863376,-64.35985042542168
-1,4,53,2491/11001,STABLE,NONZERO_FIXED_POINT,-1.047569825349811,-6.812315916662726,-64.22251688936376,-64.8675753265075
-1,4,54,621/2777,STABLE,NONZERO_FIXED_POINT,-1.0561951093192086,-6.87061374935233,-64.76371468991158,-65.41419896948526
-1,4,55,825/3739,STABLE,NONZERO_FIXED_POINT,-1.0651109819301716,-6.932734009135729,-65.3435690376229,-65.99987055422719
-1,4,56,77/354,STABLE,NONZERO_FIXED_POINT,-1.0743224059170018,-6.998702212937303,-65.96231803644093,-66.62483057329425
-1,4,57,2451/11441,STABLE,NONZERO_FIXED_POINT,-1.0838352367358386,-7.068553335326968,-66.62029338958013,-67.28941406393034
-1,4,58,203/963,STABLE,NONZERO_FIXED_POINT,-1.093656263660714,-7.142332212461348,-67.31792442356235,-67.99405467277364
-1,4,59,2419/11673,STABLE,NONZERO_FIXED_POINT,-1.1037932597519298,-7.220094034701006,-68.0557429882399,-68.73928960540144
-1,4,60,150/737,STABLE,NONZERO_FIXED_POINT,-1.114255041598252,-7.30190493691137,-68.83438932208233,-69.52576555088572
-1,4,61,793/3971,STABLE,NONZERO_FIXED_POINT,-1.1250515399437742,-7.3878426975513065,-69.65461899275056,-70.35424569249682
-1,4,62,589/3009,STABLE,NONZERO_FIXED_POINT,-1.1361938825565936,-7.477997560117728,-70.51731104738019,-71.22561794033317
-1,4,63,2331/12161,STABLE,NONZERO_FIXED_POINT,-1.1476944909893234,-7.572473193446044,-71.42347753601143,-72.14090455096579
-1,4,64,3/16,STABLE,NONZERO_FIXED_POINT,-1.1595671932336202,-7.671387810888739,-72.3742746064715,-73.10127333440776
-1,4,65,2275/12417,STABLE,NONZERO_FIXED_POINT,-1.1718273546977187,-7.774875472664171,-73.37101541128612,-74.10805069141344
-1,4,66,561/3137,STABLE,NONZERO_FIXED_POINT,-1.1844920304578928,-7.883087600888381,-74.41518511887392,-75.16273677631546
-1,4,67,737/4227,STABLE,NONZERO_FIXED_POINT,-1.1975801423777828,-7.996194743233275,-75.50845838494149,-76.26702314491149
-1,4,68,136/801,STABLE,NONZERO_FIXED_POINT,-1.2111126854876684,-8.114388629137487,-76.6527197190226,-77.42281332673656
-1,4,69,2139/12953,STABLE,NONZERO_FIXED_POINT,-1.2251129690139422,-8.237884572478322,-77.85008727992272,-78.63224686087705
-1,4,70,175/1091,STABLE,NONZERO_FIXED_POINT,-1.239606898706647,-8.366924287189605,-79.10294075833758,-79.89772746023965
-1,4,71,2059/13233,STABLE,NONZERO_FIXED_POINT,-1.254623308709391,-8.501779198275692,-80.41395416296683,-81.2219561288469
-1,4,72,63/418,STABLE,NONZERO_FIXED_POINT,-1.2701943532589794,-8.642754351102326,-81.78613452870033,-82.60797026102176
-1,4,73,657/4507,STABLE,NONZERO_FIXED_POINT,-1.286355971137982,-8.790193048203413,-83.22286782640396,-84.05919001491515
-1,4,74,481/3417,STABLE,NONZERO_FIXED_POINT,-1.3031484392339863,-8.944482377149477,-84.72797369346188,-85.57947359588678
-1,4,75,1875/13817,STABLE,NONZERO_FIXED_POINT,-1.3206170360657978,-9.106059838087262,-86.30577105036042,-87.17318353588769
-1,4,76,38/291,STABLE,NONZERO_FIXED_POINT,-1.3388128421147094,-9.27542133933995,-87.9611572604199,-88.84526665278904
-1,4,77,1771/14121,STABLE,NONZERO_FIXED_POINT,-1.357793711813187,-9.453130909598528,-89.69970428317214,-90.60135117500835
-1,4,78,429/3569,STABLE,NONZERO_FIXED_POINT,-1.3776254629092222,-9.639832583894055,-91.5277763476069,-92.4478656033778
-1,4,79,553/4811,STABLE,NONZERO_FIXED_POINT,-1.398383343838093,-9.836265069676074,-93.45267514794944,-94.39218537354736
-1,4,80,25/228,STABLE,NONZERO_FIXED_POINT,-1.4201538604745982,-10.043280006734022,-95.48282061800239,-96.4428154563308
-1,4,81,1539/14753,STABLE,NONZERO_FIXED_POINT,-1.4430370729022268,-10.261864927333377,-97.62797823716977,-98.60961995975191
-1,4,82,123/1243,STABLE,NONZERO_FIXED_POINT,-1.4671495147759472,-10.493172442339826,-99.89954797335372,-100.904113990556
-1,4,83,1411/15081,STABLE,NONZERO_FIXED_POINT,-1.4926279490060388,-10.738557790611672,-102.31093602183131,-103.33983914802468
-1,4,84,84/953,STABLE,NONZERO_FIXED_POINT,-1.5196342643559468,-10.999627797596105,-104.87803949490404,-105.93285310948045
-1,4,85,425/5139,STABLE,NONZERO_FIXED_POINT,-1.5483619554286836,-11.278305667880296,-107.61988786738527,-108.70237755502012
-1,4,86,301/3897,STABLE,NONZERO_FIXED_POINT,-1.579044842686736,-11.576918178151772,-110.5595061858503,-111.67167009604918
-1,4,87,1131/15761,STABLE,NONZERO_FIXED_POINT,-1.6119690306478027,-11.898315251996188,-113.7250988578154,-114.86922002192568
-1,4,88,11/166,STABLE,NONZERO_FIXED_POINT,-1.6474896632688,-12.246037506661619,-117.15170836314475,-118.33042376602656
-1,4,89,979/16113,STABLE,NONZERO_FIXED_POINT,-1.6860549882600981,-12.624556889212656,-120.88359755020292,-122.09999126549496
-1,4,90,225/4073,STABLE,NONZERO_FIXED_POINT,-1.7282419243862819,-13.039632342641433,-124.97777072838403,-126.23550262035866
-1,4,91,273/5491,STABLE,NONZERO_FIXED_POINT,-1.7748104334205568,-13.498853518610012,-129.50935642211726,-130.81284521878587
-1,4,92,46/1041,STABLE,NONZERO_FIXED_POINT,-1.8267900524517593,-14.012506093816853,-134.5801740005945,-135.93486689842345
-1,4,93,651/16841,STABLE,NONZERO_FIXED_POINT,-1.8856245132336724,-14.59501795688736,-140.3330509255456,-141.74583781283383
-1,4,94,47/1419,STABLE,NONZERO_FIXED_POINT,-1.9534286001286212,-15.267527781310413,-146.97725162074676,-148.45713615826853
-1,4,95,475/17217,STABLE,NONZERO_FIXED_POINT,-2.0334813189716563,-16.062816707686217,-154.83730112360234,-156.3965649934441
-1,4,96,3/136,STABLE,NONZERO_FIXED_POINT,-2.1312763969828517,-17.035813336563102,-164.4569845114625,-166.11340216511303
-1,4,97,97/5867,STABLE,NONZERO_FIXED_POINT,-2.257113230926869,-18.289503203855567,-176.85585070541327,-178.63749505936337
-1,4,98,49/4449,STABLE,NONZERO_FIXED_POINT,-2.434115082130038,-20.05511072494795,-194.32301371398617,-196.28108003970576
-1,4,99,99/17993,STABLE,NONZERO_FIXED_POINT,-2.736067648552586,-23.07048490946122,-224.1631712063724,-226.42263959173093
-1,4,100,0,STABLE,NONZERO_FIXED_POINT,,,,
0,-4,1,99/65,UNSTABLE,SINGULAR_BOUNDARY_LIMIT,0.16473254640222557,0.39494174938608495,0.3882625736350178,0.3882625736350178
0,-4,2,49/17,UNSTABLE,SINGULAR_BOUNDARY_LIMIT,0.06893748575073744,0.20689733786361586,0.206885513026009,0.206885513026009
0,-4,3,291/73,UNSTABLE,SINGULAR_BOUNDARY_LIMIT,0.0454502542871662,0.15549636640463405,0.15549587365546813,0.15549587365546813
0,-4,4,24/5,UNSTABLE,SINGULAR_BOUNDARY_LIMIT,0.04089997555935643,0.14012015345601014,0.1401200710454873,0.1401200710454873
0,-4,5,475/89,UNSTABLE,SINGULAR_BOUNDARY_LIMIT,0.04174595644585821,0.1375207803732934,0.13752074987422702,0.13752074987428387
0,-4,6,141/25,UNSTABLE,SINGULAR_BOUNDARY_LIMIT,0.04483051585956943,0.141025375156687,0.14102535650903292,0.1410253565090045
0,-4,7,651/113,UNSTABLE,SINGULAR_BOUNDARY_LIMIT,0.04910278478647001,0.14799894836620098,0.14799893247919726,0.14799893247914042
0,-4,8,23/4,UNSTABLE,SINGULAR_BOUNDARY_LIMIT,0.05413879146907341,0.15719849202623593,0.15719847509740248,0.15719847509740248
0,-4,9,819/145,UNSTABLE,SINGULAR_BOUNDARY_LIMIT,0.05974866063792028,0.16796831172465687,0.16796829072097808,0.16796829072097808
0,-4,10,225/41,UNSTABLE,SINGULAR_BOUNDARY_LIMIT,0.06584492140433262,0.17993675398643205,0.179936725082257,0.179936725082257
0,-4,11,979/185,UNSTABLE,SINGULAR_BOUNDARY_LIMIT,0.07239085220579433,0.19288416217123228,0.1928841195031623,0.1928841195031623
0,-4,12,66/13,UNSTABLE,SINGULAR_BOUNDARY_LIMIT,0.07937784254731284,0.20667908697937065,0.20667902096607804,0.20667902096607804
0,-4,13,1131/233,UNSTABLE,SINGULAR_BOUNDARY_LIMIT,0.08681468046837182,0.22124499466035985,0.2212448893467922,0.2212448893467922
0,-4,14,301/65,UNSTABLE,SINGULAR_BOUNDARY_LIMIT,0.09472226124481509,0.2365418736573588,0.236541702381885,0.23654170238182815
0,-4,15,75/17,UNSTABLE,SINGULAR_BOUNDARY_LIMIT,0.10313098930627795,0.2525556752981686,0.2525553936137612,0.2525553936137612
0,-4,16,21/5,UNSTABLE,SINGULAR_BOUNDARY_LIMIT,0.11207964277916638,0.2692921510618831,0.2692916852429903,0.2692916852429903
0,-4,17,1411/353,UNSTABLE,SINGULAR_BOUNDARY_LIMIT,0.12161511884160348,0.2867733191014068,0.286772547629198,0.286772547629198
0,-4,18,369/97,UNSTABLE,SINGULAR_BOUNDARY_LIMIT,0.1317927831602912,0.30503561701725346,0.3050343409973948,0.30503434099733795
0,-4,19,1539/425,UNSTABLE,SINGULAR_BOUNDARY_LIMIT,0.14267730365081022,0.32412923239034797,0.32412712866283755,0.3241271286627807
0,-4,20,100/29,UNSTABLE,SINGULAR_BOUNDARY_LIMIT,0.15434394001645568,0.3441183489817021,0.3441148963633225,0.3441148963633225
0,-4,21,1659/505,UNSTABLE,SINGULAR_BOUNDARY_LIMIT,0.1668803239338068,0.36508220056320084,0.36507656466045546,0.36507656466045546
0,-4,22,429/137,UNSTABLE,SINGULAR_BOUNDARY_LIMIT,0.18038882031426517,0.3871169354613926,0.38710778999256945,0.38710778999256945
0,-4,23,1771/593,UNSTABLE,SINGULAR_BOUNDARY_LIMIT,0.19498962091235228,0.41033839200547106,0.410323643370873,0.410323643370873
0,-4,24,57/20,UNSTABLE,SINGULAR_BOUNDARY_LIMIT,0.21082479963890322,0.4348859891373067,0.4348623543011456,0.4348623543011456
0,-4,25,1875/689,UNSTABLE,SINGULAR_BOUNDARY_LIMIT,0.22806366906953812,0.4609280678648062,0.46089043086061565,0.4608904308606725
0,-4,26,13/5,UNSTABLE,SINGULAR_BOUNDARY_LIMIT,0.24690994192710392,0.4886692041307157,0.4886096398411155,0.4886096398411439
0,-4,27,1971/793,UNSTABLE,SINGULAR_BOUNDARY_LIMIT,0.26761145616174176,0.518360291894119,0.5182665915403959,0.5182665915404527
0,-4,28,126/53,UNSTABLE,SINGULAR_BOUNDARY_LIMIT,0.2904736310521212,0.5503126338761888,0.5501660865623137,0.5501660865623137
0,-4,29,2059/905,UNSTABLE,SINGULAR_BOUNDARY_LIMIT,0.31587849988526173,0.5849179965263289,0.584690062873733,0.5846900628737899
0,-4,30,525/241,UNSTABLE,SINGULAR_BOUNDARY_LIMIT,0.34431233146673534,0.6226778109989937,0.622325150000222,0.622325150000222
0,-4,31,2139/1025,UNSTABLE,SINGULAR_BOUNDARY_LIMIT,0.37106953238354734,0.658909467231382,0.6583665182934624,0.6583665182934624
0,-4,32,2,UNSTABLE,SINGULAR_BOUNDARY_LIMIT,0.39527498814748174,0.6927722417556801,0.6919401784090127,0.6919401784090127
0,-4,33,2211/1153,UNSTABLE,SINGULAR_BOUNDARY_LIMIT,0.4254340873999283,0.7328226782123579,0.7315529729141872,0.7315529729141872
0,-4,34,561/305,UNSTABLE,SINGULAR_BOUNDARY_LIMIT,0.463180756514209,0.7807706181808243,0.7788405856401823,0.7788405856401823
0,-4,35,2275/1289,UNSTABLE,SINGULAR_BOUNDARY_LIMIT,0.5109616313075787,0.8391753436774607,0.8362516941742797,0.8362516941742797
0,-4,36,144/85,UNSTABLE,SINGULAR_BOUNDARY_LIMIT,0.5726766051192946,0.9121041562795824,0.9076885037341356,0.9076885037341356
0,-4,37,2331/1433,UNSTABLE,SINGULAR_BOUNDARY_LIMIT,0.65510898527641,1.0065899708124704,0.9999368936674387,0.9999368936674387
0,-4,38,589/377,UNSTABLE,SINGULAR_BOUNDARY_LIMIT,0.7717087762883441,1.136457000594568,1.126449694318012,1.1264496943179552
0,-4,39,2379/1585,UNSTABLE,SINGULAR_BOUNDARY_LIMIT,0.9557820234417989,1.3355771294293817,1.32053602747186,1.320536027471917
0,-4,40,75/52,UNSTABLE,SINGULAR_BOUNDARY_LIMIT,1.3429745163245386,1.7404630419206981,1.7178450095670144,1.7178450095670144
0,-4,41,2419/1745,UNSTABLE,SINGULAR_BOUNDARY_LIMIT,1.5623208615175521,1.981504173254919,1.947414826649549,1.947414826649549
0,-4,42,609/457,UNSTABLE,SINGULAR_BOUNDARY_LIMIT,0.965348647364177,1.4124105062297616,1.360776903804549,1.3607769038051742
0,-4,43,2451/1913,UNSTABLE,SINGULAR_BOUNDARY_LIMIT,0.7032380326018242,1.1880446012125745,1.1091155007121074,1.1091155007459292
0,-4,44,154/125,UNSTABLE,SINGULAR_BOUNDARY_LIMIT,0.5266705511092074,1.0657709554437318,0.9431165247202102,0.9431165263894741
0,-4,45,2475/2089,UNSTABLE,SINGULAR_BOUNDARY_LIMIT,0.39018098790111466,1.0137973675117422,0.8173193784454611,0.8173194598916211
0,-4,46,621/545,UNSTABLE,SINGULAR_BOUNDARY_LIMIT,0.2769966271979314,1.0501288443876007,0.7149543316659788,0.7149582776038415
0,-4,47,2491/2273,UNSTABLE,SINGULAR_BOUNDARY_LIMIT,0.17903804582542193,1.314911756813693,0.6278538980712369,0.6280442250942997
0,-4,48,39/37,UNSTABLE,SINGULAR_BOUNDARY_LIMIT,0.09178297054733076,1.3134724832904041,0.5471164746024897,0.5562780646126555
0,-4,49,147/145,UNSTABLE,SINGULAR_BOUNDARY_LIMIT,0.012439231078907653,0.6189341512166848,0.3041760553824133,0.7890047024187083
0,-4,50,625/641,STABLE,NONZERO_FIXED_POINT,-0.06084182601507493,0.2289221519068434,-0.9808643827822721,-0.9565044191336938
0,-4,51,2499/2665,STABLE,NONZERO_FIXED_POINT,-0.12935033456871992,-0.07958564109503641,-2.69916031918342,-2.7263644515418264
0,-4,52,156/173,STABLE,NONZERO_FIXED_POINT,-0.19402473440912082,-0.3504298008762632,-4.433959943135051,-4.478866619607345
0,-4,53,2491/2873,STABLE,NONZERO_FIXED_POINT,-0.2555710634493238,-0.6002817015731381,-6.170743214115362,-6.232704813372607
0,-4,54,621/745,STABLE,NONZERO_FIXED_POINT,-0.3145357432560445,-0.8373218700439082,-7.910937951081337,-7.99000261769919
0,-4,55,2475/3089,STABLE,NONZERO_FIXED_POINT,-0.3713520698201265,-1.0661720017645067,-9.656236962026696,-9.752479666942008
0,-4,56,77/100,STABLE,NONZERO_FIXED_POINT,-0.42637106427110893,-1.2896901489189645,-11.408297016253414,-11.52180629107869
0,-4,57,2451/3313,STABLE,NONZERO_FIXED_POINT,-0.47988262101175394,-1.5097619771695747,-13.168759114876536,-13.29963723950641
0,-4,58,609/857,STABLE,NONZERO_FIXED_POINT,-0.5321304194598255,-1.727697673959021,-14.939269985449585,-15.087633514739935
0,-4,59,2419/3545,STABLE,NONZERO_FIXED_POINT,-0.5833227046219527,-1.9444503601394416,-16.721500254053637,-16.887480625210856
0,-4,60,150/229,STABLE,NONZERO_FIXED_POINT,-0.6097129555564873,-2.136817453544289,-18.493233280530916,-18.676977503815124
0,-4,61,2379/3785,STABLE,NONZERO_FIXED_POINT,-0.6231674828199072,-2.3170820229236355,-20.26794181955478,-20.469613261353572
0,-4,62,589/977,STABLE,NONZERO_FIXED_POINT,-0.636902593976048,-2.4987967711129784,-22.060535293689327,-22.280314562621015
0,-4,63,63/109,STABLE,NONZERO_FIXED_POINT,-0.6509330034374168,-2.6822630766362607,-23.872819529265854,-24.11090547775288
0,-4,64,36/65,STABLE,NONZERO_FIXED_POINT,-0.6652747299393793,-2.8677544729027247,-25.706712406274903,-25.96332326215048
0,-4,65,2275/4289,STABLE,NONZERO_FIXED_POINT,-0.6799452328169924,-3.055530991527398,-27.564258422126898,-27.8396330673728
0,-4,66,33/65,STABLE,NONZERO_FIXED_POINT,-0.6949635692631544,-3.2458494420892023,-29.447645250337928,-29.742044667102903
0,-4,67,2211/4553,STABLE,NONZERO_FIXED_POINT,-0.7103505761762339,-3.438971106479606,-31.359222658781903,-31.67293156651141
0,-4,68,136/293,STABLE,NONZERO_FIXED_POINT,-0.7261290810035179,-3.635167829863043,-33.30152423039027,-33.63485294237415
0,-4,69,2139/4825,STABLE,NONZERO_FIXED_POINT,-0.7423241469847035,-3.834727181536337,-35.27729242729447,-35.630578960402715
0,-4,70,525/1241,STABLE,NONZERO_FIXED_POINT,-0.7589633594567893,-4.037957165453463,-37.28950766326625,-37.66312014135906
0,-4,71,2059/5105,STABLE,NONZERO_FIXED_POINT,-0.7760771614779767,-4.245190840639552,-39.3414222067903,-39.73576160659525
0,-4,72,63/164,STABLE,NONZERO_FIXED_POINT,-0.7936992490703974,-4.456791141977291,-41.43659993883034,-41.852103237424416
0,-4,73,1971/5393,STABLE,NONZERO_FIXED_POINT,-0.8118670390170593,-4.673156157700504,-43.57896324982681,-44.016107045835554
0,-4,74,481/1385,STABLE,NONZERO_FIXED_POINT,-0.83062222557826,-4.894725113399893,-45.7728486996632,-46.23215339668985
0,-4,75,1875/5689,STABLE,NONZERO_FIXED_POINT,-0.8500114469986286,-5.121985329745428,-48.0230735100759,-48.50510817177991
0,-4,76,114/365,STABLE,NONZERO_FIXED_POINT,-0.87008708865336,-5.355480462127112,-50.33501555045032,-50.84040356357028
0,-4,77,1771/5993,STABLE,NONZERO_FIXED_POINT,-0.8909082576957346,-5.595820397787271,-52.714710271016145,-53.24413598752261
0,-4,78,429/1537,STABLE,NONZERO_FIXED_POINT,-0.9125419749334327,-5.843693285994263,-55.16896911289018,-55.72318568820515
0,-4,79,1659/6305,STABLE,NONZERO_FIXED_POINT,-0.9350646445741901,-6.099880320038984,-57.705525400585316,-58.28536410546997
0,-4,80,25/101,STABLE,NONZERO_FIXED_POINT,-0.9585638832219674,-6.365274093237758,-60.33321577574128,-60.9395971408519
0,-4,81,1539/6625,STABLE,NONZERO_FIXED_POINT,-0.9831408187679003,-6.64090164103952,-63.062208127692486,-63.69615539046987
0,-4,82,369/1697,STABLE,NONZERO_FIXED_POINT,-1.0089130117599723,-6.927953698894157,-65.9042911283642,-66.56694660452285
0,-4,83,83/409,STABLE,NONZERO_FIXED_POINT,-1.0360182129856241,-7.227822315800218,-68.87324653272506,-69.56589174835634
0,-4,84,84/445,STABLE,NONZERO_FIXED_POINT,-1.064619261866703,-7.542149871265053,-71.98533440154179,-72.70941512646084
0,-4,85,1275/7289,STABLE,NONZERO_FIXED_POINT,-1.0949105681473341,-7.872893921660463,-75.25993505330439,-76.01709281876293
0,-4,86,301/1865,STABLE,NONZERO_FIXED_POINT,-1.1271268335252103,-8.222414443279973,-78.72041275491227,-79.51252509546316
0,-4,87,1131/7633,STABLE,NONZERO_FIXED_POINT,-1.1615550113740234,-8.59359345412323,-82.39529996882817,-83.22453262628432
0,-4,88,33/244,STABLE,NONZERO_FIXED_POINT,-1.198551063574353,-8.990002604962818,-86.31995650042259,-87.18883238688343
0,-4,89,979/7985,STABLE,NONZERO_FIXED_POINT,-1.2385640261996933,-9.416143857429198,-90.53895220934731,-91.45044443801868
0,-4,90,225/2041,STABLE,NONZERO_FIXED_POINT,-1.2821715781182128,-9.877805189916032,-95.10958849779266,-96.06724898439737
0,-4,91,819/8345,STABLE,NONZERO_FIXED_POINT,-1.3301344141814795,-10.382604348164165,-100.10728144186356,-101.11542388111843
0,-4,92,46/533,STABLE,NONZERO_FIXED_POINT,-1.3834827787029909,-10.940854197665232,-105.63412878137504,-106.69809815872006
0,-4,93,651/8713,STABLE,NONZERO_FIXED_POINT,-1.4436610859197216,-11.56700894490887,-111.83322751137365,-112.95981423683952
0,-4,94,141/2225,STABLE,NONZERO_FIXED_POINT,-1.5127847789920974,-12.282232743102433,-118.9141030799824,-120.112213982644
0,-4,95,475/9089,STABLE,NONZERO_FIXED_POINT,-1.5941334998718446,-13.11933140572247,-127.20153335376,-128.4833558475582
0,-4,96,6/145,STABLE,NONZERO_FIXED_POINT,-1.693201590168238,-14.133257429260766,-137.23954834402926,-138.6227650958806
0,-4,97,291/9473,STABLE,NONZERO_FIXED_POINT,-1.8202890402146288,-15.427019497234241,-150.0479342976504,-151.5605288459697
0,-4,98,49/2417,STABLE,NONZERO_FIXED_POINT,-1.9985196849481728,-17.231864451634763,-167.91603521537795,-169.60911578575707
0,-4,99,99/9865,STABLE,NONZERO_FIXED_POINT,-2.3016797768028177,-20.28566303386218,-198.1487716880309,-200.1472335830216
0,-4,100,0,STABLE,NONZERO_FIXED_POINT,,,,
0,-3,1,33/43,STABLE,NONZERO_FIXED_POINT,-0.10525353214779365,-0.8644385071361356,-11.126738418178007,-11.24169293387655
0,-3,2,49/33,UNSTABLE,SINGULAR_BOUNDARY_LIMIT,0.18980301064799932,0.4308606893139171,0.4220209547651166,0.4220209547651166
0,-3,3,291/137,UNSTABLE,SINGULAR_BOUNDARY_LIMIT,0.13327995423894912,0.3139221114562929,0.31366795897139355,0.31366795897139355
0,-3,4,8/3,UNSTABLE,SINGULAR_BOUNDARY_LIMIT,0.09340080612173196,0.2487642308017186,0.24873684358679782,0.24873684358679782
0,-3,5,475/153,UNSTABLE,SINGULAR_BOUNDARY_LIMIT,0.0792034098962695,0.22166503575141405,0.22165874307853528,0.22165874307853528
0,-3,6,141/41,UNSTABLE,SINGULAR_BOUNDARY_LIMIT,0.07448995133490754,0.21065046868082504,0.21064809192938583,0.21064809192938583
0,-3,7,217/59,UNSTABLE,SINGULAR_BOUNDARY_LIMIT,0.07424020953163435,0.20807460814042145,0.20807333543351092,0.20807333543351092
0,-3,8,23/6,UNSTABLE,SINGULAR_BOUNDARY_LIMIT,0.0764713866388167,0.2105661830113732,0.21056530400713314,0.21056530400713314
0,-3,9,819/209,UNSTABLE,SINGULAR_BOUNDARY_LIMIT,0.08027410746000285,0.21641055210056948,0.21640981829949624,0.21640981829949624
0,-3,10,75/19,UNSTABLE,SINGULAR_BOUNDARY_LIMIT,0.08519009323535798,0.22465007536290926,0.22464936860160378,0.22464936860160378
0,-3,11,979/249,UNSTABLE,SINGULAR_BOUNDARY_LIMIT,0.09097566892780051,0.23471508159731513,0.23471432271645654,0.23471432271645654
0,-3,12,66/17,UNSTABLE,SINGULAR_BOUNDARY_LIMIT,0.09749971313828709,0.24625277797348843,0.24625189264267533,0.24625189264267533
0,-3,13,377/99,UNSTABLE,SINGULAR_BOUNDARY_LIMIT,0.10469531935500065,0.259040465853424,0.2590393653530896,0.2590393653530896
0,-3,14,301/81,UNSTABLE,SINGULAR_BOUNDARY_LIMIT,0.11253527656639939,0.2729384311827232,0.2729369952207321,0.2729369952207321
0,-3,15,1275/353,UNSTABLE,SINGULAR_BOUNDARY_LIMIT,0.12101904543553843,0.2878630459274589,0.28786110157233225,0.2878611015723891
0,-3,16,7/2,UNSTABLE,SINGULAR_BOUNDARY_LIMIT,0.13016570674198302,0.3037708733004969,0.30376816539397566,0.30376816539396145
0,-3,17,1411/417,UNSTABLE,SINGULAR_BOUNDARY_LIMIT,0.1400102421761389,0.320649133942716,0.3206452815657599,0.3206452815657599
0,-3,18,369/113,UNSTABLE,SINGULAR_BOUNDARY_LIMIT,0.15060182804012,0.338510075922585,0.33850450742602334,0.33850450742602334
0,-3,19,513/163,UNSTABLE,SINGULAR_BOUNDARY_LIMIT,0.1620034717964849,0.35738790829196887,0.3573797640188445,0.3573797640188445
0,-3,20,100/33,UNSTABLE,SINGULAR_BOUNDARY_LIMIT,0.174292666459408,0.377337566766208,0.37732555347412244,0.37732555347412244
0,-3,21,1659/569,UNSTABLE,SINGULAR_BOUNDARY_LIMIT,0.18756294120613148,0.39843493858922585,0.39841711199994734,0.39841711199994734
0,-3,22,143/51,UNSTABLE,SINGULAR_BOUNDARY_LIMIT,0.20192632684067746,0.42077840922301846,0.4207518499805758,0.4207518499806042
0,-3,23,1771/657,UNSTABLE,SINGULAR_BOUNDARY_LIMIT,0.21751687501001626,0.44449177566983167,0.4444521076625847,0.4444521076625847
0,-3,24,57/22,UNSTABLE,SINGULAR_BOUNDARY_LIMIT,0.2344955001282365,0.46972874478075255,0.4696694209084171,0.4696694209084171
0,-3,25,625/251,UNSTABLE,SINGULAR_BOUNDARY_LIMIT,0.25305658142433174,0.4966794376509043,0.496590683256386,0.496590683256386
0,-3,26,481/201,UNSTABLE,SINGULAR_BOUNDARY_LIMIT,0.2734370068948486,0.5255795969961028,0.5254468502950544,0.5254468502950544
0,-3,27,1971/857,UNSTABLE,SINGULAR_BOUNDARY_LIMIT,0.2959287206803296,0.5567236079101932,0.5565252224816959,0.5565252224816959
0,-3,28,42/19,UNSTABLE,SINGULAR_BOUNDARY_LIMIT,0.32089645475585016,0.5904831031055906,0.5901869690165995,0.5901869690165711
0,-3,29,2059/969,UNSTABLE,SINGULAR_BOUNDARY_LIMIT,0.34878545151314455,0.6273161046334721,0.6268746860224041,0.6268746860224041
0,-3,30,525/257,UNSTABLE,SINGULAR_BOUNDARY_LIMIT,0.3686728857136963,0.6563206337052705,0.6556636876744051,0.6556636876744051
0,-3,31,713/363,UNSTABLE,SINGULAR_BOUNDARY_LIMIT,0.3930849563977752,0.6900550953667093,0.689078993532064,0.6890789935320072
0,-3,32,17/9,UNSTABLE,SINGULAR_BOUNDARY_LIMIT,0.4231092818671476,0.729655575568394,0.7282076396655555,0.7282076396655555
0,-3,33,2211/1217,UNSTABLE,SINGULAR_BOUNDARY_LIMIT,0.460280807529049,0.7767290207989106,0.7745845191686271,0.7745845191685703
0,-3,34,187/107,UNSTABLE,SINGULAR_BOUNDARY_LIMIT,0.5068685508298199,0.8336507836507963,0.8304790730702791,0.8304790730702791
0,-3,35,2275/1353,UNSTABLE,SINGULAR_BOUNDARY_LIMIT,0.5664347238526357,0.904139873509223,0.899454369742557,0.899454369742557
0,-3,36,144/89,UNSTABLE,SINGULAR_BOUNDARY_LIMIT,0.6450519805097734,0.9945005205600381,0.9875843178107573,0.9875843178107573
0,-3,37,777/499,UNSTABLE,SINGULAR_BOUNDARY_LIMIT,0.754404678647898,1.1167606487431385,1.106554901388563,1.106554901388563
0,-3,38,589/393,UNSTABLE,SINGULAR_BOUNDARY_LIMIT,0.9219223694621874,1.2988635447734111,1.283797648863242,1.283797648863299
0,-3,39,2379/1649,UNSTABLE,SINGULAR_BOUNDARY_LIMIT,1.244763209781123,1.6387450333362708,1.6164730298795575,1.6164730298795575
0,-3,40,25/18,UNSTABLE,SINGULAR_BOUNDARY_LIMIT,1.8908555305749322,2.3055326264648173,2.2725120131607355,2.2725120131607355
0,-3,41,2419/1809,UNSTABLE,SINGULAR_BOUNDARY_LIMIT,1.0446494631721137,1.4855776216834329,1.4363676861007093,1.436367686101164
0,-3,42,609/473,UNSTABLE,SINGULAR_BOUNDARY_LIMIT,0.7548213766852143,1.230699352170106,1.1567196891943468,1.156719689214924
0,-3,43,817/659,UNSTABLE,SINGULAR_BOUNDARY_LIMIT,0.5678510883924979,1.0929197201395198,0.9800514263219497,0.9800514272075702
0,-3,44,154/129,UNSTABLE,SINGULAR_BOUNDARY_LIMIT,0.42608370803377404,1.025421323121222,0.8487118941613119,0.8487119321192438
0,-3,45,2475/2153,UNSTABLE,SINGULAR_BOUNDARY_LIMIT,0.30982077478570247,1.0338698258454428,0.7430060549330619,0.7430076800594634
0,-3,46,207/187,UNSTABLE,SINGULAR_BOUNDARY_LIMIT,0.20992639848738648,1.1957057739710422,0.6537685450372237,0.6538381840528018
0,-3,47,2491/2337,UNSTABLE,SINGULAR_BOUNDARY_LIMIT,0.12140467599509464,1.9613195205190905,0.5745741735539696,0.5775666148784921
0,-3,48,39/38,UNSTABLE,SINGULAR_BOUNDARY_LIMIT,0.041220049662358704,0.7897588424927946,0.44593100904020844,0.5758947084473789
0,-3,49,833/843,STABLE,NONZERO_FIXED_POINT,-0.032613555571270325,0.35627617529153355,-0.4270053159532381,-0.2970263317059221
0,-3,50,625/657,STABLE,NONZERO_FIXED_POINT,-0.10146936655149119,0.03346624612940019,-2.057494033101193,-2.0761208648133334
0,-3,51,2499/2729,STABLE,NONZERO_FIXED_POINT,-0.1663387160232901,-0.2429628143329552,-3.7483295702637065,-3.786497887193775
0,-3,52,52/59,STABLE,NONZERO_FIXED_POINT,-0.22796265222870638,-0.494579548710135,-5.44311164469363,-5.497958778282481
0,-3,53,2491/2937,STABLE,NONZERO_FIXED_POINT,-0.2869114627893836,-0.7313558964873792,-7.14200474740818,-7.213534932784341
0,-3,54,621/761,STABLE,NONZERO_FIXED_POINT,-0.34363506194265625,-0.9587339647504791,-8.846519781238499,-8.934812837109632
0,-3,55,825/1051,STABLE,NONZERO_FIXED_POINT,-0.39849619871016984,-1.1800035687474661,-10.55815844838412,-10.663307215847226
0,-3,56,77/102,STABLE,NONZERO_FIXED_POINT,-0.45179308544113894,-1.3972988011813143,-12.278408278473961,-12.400517725063082
0,-3,57,2451/3377,STABLE,NONZERO_FIXED_POINT,-0.503775268024576,-1.6120807943964977,-14.008762896677524,-14.147950646060849
0,-3,58,203/291,STABLE,NONZERO_FIXED_POINT,-0.5546550424070027,-1.825396861774685,-15.750739240458245,-15.90713619153098
0,-3,59,2419/3609,STABLE,NONZERO_FIXED_POINT,-0.6042961263759352,-2.0377107735359132,-17.505572813299636,-17.67932382699729
0,-3,60,150/233,STABLE,NONZERO_FIXED_POINT,-0.6172333942426187,-2.2140080583788944,-19.23924486099088,-19.430509522961216
0,-3,61,793/1283,STABLE,NONZERO_FIXED_POINT,-0.6304495100784067,-2.3916265581771157,-20.99026741984187,-21.19922088889922
0,-3,62,589/993,STABLE,NONZERO_FIXED_POINT,-0.6439572787526551,-2.570873885547776,-22.7602751941929,-22.987109147901208
0,-3,63,2331/4097,STABLE,NONZERO_FIXED_POINT,-0.6577707453829404,-2.7520220079804005,-24.55100746054177,-24.795931150974354
0,-3,64,6/11,STABLE,NONZERO_FIXED_POINT,-0.6719053088383924,-2.9353234744100654,-26.364320464982796,-26.62756189975738
0,-3,65,2275/4353,STABLE,NONZERO_FIXED_POINT,-0.6863778537353173,-3.1210229105912717,-28.202201561094512,-28.48400882725872
0,-3,66,561/1121,STABLE,NONZERO_FIXED_POINT,-0.701206903836999,-3.309365461929545,-30.06678538482572,-30.367428136164506
0,-3,67,737/1539,STABLE,NONZERO_FIXED_POINT,-0.7164128004191817,-3.50060329125413,-31.960372426377432,-32.28014355834989
0,-3,68,136/297,STABLE,NONZERO_FIXED_POINT,-0.7320179099666211,-3.695000884114563,-33.885450437882355,-34.22466797882936
0,-3,69,2139/4889,STABLE,NONZERO_FIXED_POINT,-0.7480468665687265,-3.892839690132064,-35.8447192142857,-36.203728466977964
0,-3,70,175/419,STABLE,NONZERO_FIXED_POINT,-0.7645268556440179,-4.0944224875711726,-37.84111940911808,-38.22029538339805
0,-3,71,2059/5169,STABLE,NONZERO_FIXED_POINT,-0.7814879472227378,-4.300077771533651,-39.877866204699785,-40.27761639024948
0,-3,72,63/166,STABLE,NONZERO_FIXED_POINT,-0.7989634890627544,-4.510164417347134,-41.95848885836756,-42.37925639695399
0,-3,73,657/1819,STABLE,NONZERO_FIXED_POINT,-0.8169905725120419,-4.725076850054805,-44.08687740707279,-44.529144736576484
0,-3,74,481/1401,STABLE,NONZERO_FIXED_POINT,-0.8356105874635666,-4.945250953140885,-46.26733815214834,-46.731631211060346
0,-3,75,1875/5753,STABLE,NONZERO_FIXED_POINT,-0.8548698872563563,-5.171170972744235,-48.50465999199514,-48.991553093956895
0,-3,76,38/123,STABLE,NONZERO_FIXED_POINT,-0.874820590355947,-5.403377718355202,-50.80419426209798,-51.31431577692055
0,-3,77,1771/6057,STABLE,NONZERO_FIXED_POINT,-0.8955215536625509,-5.642478430821029,-53.171951535018366,-53.70599054749164
0,-3,78,429/1553,STABLE,NONZERO_FIXED_POINT,-0.9170395631622466,-5.889158790076934,-55.614719908594964,-56.173434072138775
0,-3,79,553/2123,STABLE,NONZERO_FIXED_POINT,-0.939450802550752,-6.144197679314367,-58.1402107868829,-58.72443564974418
0,-3,80,25/102,STABLE,NONZERO_FIXED_POINT,-0.9628426812012423,-6.408485526397747,-60.75724021161494,-61.36790037470482
0,-3,81,1539/6689,STABLE,NONZERO_FIXED_POINT,-0.9873161321116886,-6.68304733371486,-63.47595669892894,-64.11407927505007
0,-3,82,123/571,STABLE,NONZERO_FIXED_POINT,-1.0129885324078085,-6.969071925506455,-66.30813068807291,-66.97486168487936
0,-3,83,1411/7017,STABLE,NONZERO_FIXED_POINT,-1.0399974601288235,-7.267949552180482,-69.26752676261435,-69.96415122538883
0,-3,84,84/449,STABLE,NONZERO_FIXED_POINT,-1.068505591889096,-7.581320899061581,-72.37038880027083,-73.09835585521228
0,-3,85,425/2451,STABLE,NONZERO_FIXED_POINT,-1.098707183890486,-7.911141925362315,-75.63608185766242,-76.39703623886419
0,-3,86,301/1881,STABLE,NONZERO_FIXED_POINT,-1.1308367929308822,-8.259771100542686,-79.08795579906791,-79.88377809902448
0,-3,87,1131/7697,STABLE,NONZERO_FIXED_POINT,-1.1651812355519056,-8.630089019981241,-82.75452948642948,-83.58738836806356
0,-3,88,11/82,STABLE,NONZERO_FIXED_POINT,-1.2020963443390027,-9.02566599043638,-86.6711498739153,-87.54357104114081
0,-3,89,979/8049,STABLE,NONZERO_FIXED_POINT,-1.2420310331167936,-9.451002702973774,-90.88237467050101,-91.79733390608948
0,-3,90,225/2057,STABLE,NONZERO_FIXED_POINT,-1.285562865096864,-9.911885934114494,-95.44549378308696,-96.40654555667035
0,-3,91,273/2803,STABLE,NONZERO_FIXED_POINT,-1.333452425646163,-10.415932292022312,-100.43591240607714,-101.44737285679673
0,-3,92,46/537,STABLE,NONZERO_FIXED_POINT,-1.3867298553759753,-10.973453564837769,-105.95571797244278,-107.02293442646075
0,-3,93,651/8777,STABLE,NONZERO_FIXED_POINT,-1.4468394702422351,-11.598902938154026,-112.14799770932262,-113.27776281911105
0,-3,94,47/747,STABLE,NONZERO_FIXED_POINT,-1.5158966202102073,-12.31344359723765,-119.2222678025295,-120.4234905464092
0,-3,95,475/9153,STABLE,NONZERO_FIXED_POINT,-1.597180858810873,-13.149880437331277,-127.50329733094236,-128.78816718367955
0,-3,96,3/73,STABLE,NONZERO_FIXED_POINT,-1.6961864437177012,-14.16316508338018,-137.53510796405078,-138.92130956945158
0,-3,97,97/3179,STABLE,NONZERO_FIXED_POINT,-1.8232132855438765,-15.456305391233904,-150.3374780259529,-151.85299681960143
0,-3,98,49/2433,STABLE,NONZERO_FIXED_POINT,-2.0013851434713406,-17.260547416482204,-168.19974398878733,-169.89569001768962
0,-3,99,99/9929,STABLE,NONZERO_FIXED_POINT,-2.3044881979102723,-20.313761152953425,-198.4268192856858,-200.42808960178388
0,-3,100,0,STABLE,NONZERO_FIXED_POINT,,,,
0,-2,1,99/257,STABLE,NONZERO_FIXED_POINT,-0.9134693241964813,-4.502256235666302,-41.37480271390476,-41.789100642638516
0,-2,2,49/65,STABLE,NONZERO_FIXED_POINT,-0.15681714963280058,-0.9980453349788974,-11.945491217530076,-12.068208494143903
0,-2,3,291/265,UNSTABLE,SINGULAR_BOUNDARY_LIMIT,0.7660501008184095,1.2943311577122358,1.0600254556026698,1.0601089024459611
0,-2,4,24/17,UNSTABLE,SINGULAR_BOUNDARY_LIMIT,0.2514398013812418,0.5164571164998009,0.5010457556881533,0.5010457556881533
0,-2,5,475/281,UNSTABLE,SINGULAR_BOUNDARY_LIMIT,0.17586832574556865,0.40148010898755615,0.39888581069180873,0.39888581069186557
0,-2,6,141/73,UNSTABLE,SINGULAR_BOUNDARY_LIMIT,0.16197754400363706,0.36918526985596145,0.36847806996223653,0.3684780699622081
0,-2,7,651/305,UNSTABLE,SINGULAR_BOUNDARY_LIMIT,0.16467245533671715,0.361203070656849,0.36093313672984095,0.3609331367297841
0,-2,8,23/10,UNSTABLE,SINGULAR_BOUNDARY_LIMIT,0.1520056569694992,0.3423480478703951,0.34221551631674174,0.34221551631674174
0,-2,9,819/337,UNSTABLE,SINGULAR_BOUNDARY_LIMIT,0.1462152217726871,0.3333947439224261,0.3333156520374132,0.3333156520374132
0,-2,10,225/89,UNSTABLE,SINGULAR_BOUNDARY_LIMIT,0.14468252275372784,0.3308774342740364,0.3308223378737978,0.3308223378737978
0,-2,11,979/377,UNSTABLE,SINGULAR_BOUNDARY_LIMIT,0.14602981153162098,0.33287325599107476,0.33282978804618324,0.33282978804618324
0,-2,12,66/25,UNSTABLE,SINGULAR_BOUNDARY_LIMIT,0.14948090481601461,0.3382343297702022,0.3381963842654443,0.3381963842654443
0,-2,13,1131/425,UNSTABLE,SINGULAR_BOUNDARY_LIMIT,0.15457988389938748,0.3462413014831327,0.34620531511103536,0.3462053151109785
0,-2,14,301/113,UNSTABLE,SINGULAR_BOUNDARY_LIMIT,0.1610547979214232,0.356430032225731,0.35639349478492477,0.35639349478492477
0,-2,15,1275/481,UNSTABLE,SINGULAR_BOUNDARY_LIMIT,0.16874673751322433,0.3684981523604307,0.36845890466696574,0.36845890466696574
0,-2,16,21/8,UNSTABLE,SINGULAR_BOUNDARY_LIMIT,0.17757096911372905,0.3822518358800977,0.3822076615056744,0.3822076615056744
0,-2,17,1411/545,UNSTABLE,SINGULAR_BOUNDARY_LIMIT,0.18749494893802776,0.39757433250512975,0.39752264738143595,0.39752264738143595
0,-2,18,369/145,UNSTABLE,SINGULAR_BOUNDARY_LIMIT,0.19852582642257488,0.41440704111460036,0.4143445865649369,0.4143445865649369
0,-2,19,1539/617,UNSTABLE,SINGULAR_BOUNDARY_LIMIT,0.21070366604028834,0.43273828550236715,0.43266076411600807,0.4326607641160649
0,-2,20,100/41,UNSTABLE,SINGULAR_BOUNDARY_LIMIT,0.22409842110832567,0.4525971796338766,0.4524987798113216,0.4524987798113216
0,-2,21,1659/697,UNSTABLE,SINGULAR_BOUNDARY_LIMIT,0.23880966489824118,0.4740511882626066,0.473923935305379,0.473923935305379
0,-2,22,429/185,UNSTABLE,SINGULAR_BOUNDARY_LIMIT,0.2549686652649914,0.4972067220763776,0.4970395748961778,0.4970395748961778
0,-2,23,1771/785,UNSTABLE,SINGULAR_BOUNDARY_LIMIT,0.27274279848306904,0.5222126159428697,0.5219901982187594,0.5219901982187594
0,-2,24,57/26,UNSTABLE,SINGULAR_BOUNDARY_LIMIT,0.29234266378306195,0.5492667758407066,0.5489675856488816,0.5489675856488816
0,-2,25,1875/881,UNSTABLE,SINGULAR_BOUNDARY_LIMIT,0.3140326818717689,0.578626758938313,0.5782206360516966,0.5782206360516966
0,-2,26,481/233,UNSTABLE,SINGULAR_BOUNDARY_LIMIT,0.3296388216160189,0.6021179652959248,0.6015625021359483,0.6015625021358915
0,-2,27,1971/985,UNSTABLE,SINGULAR_BOUNDARY_LIMIT,0.3475280626139998,0.6281141408465984,0.6273495890133063,0.6273495890133063
0,-2,28,126/65,UNSTABLE,SINGULAR_BOUNDARY_LIMIT,0.3687439125468721,0.6576746734470973,0.6566167043249038,0.6566167043249322
0,-2,29,2059/1097,UNSTABLE,SINGULAR_BOUNDARY_LIMIT,0.3940475639111334,0.6915885248499691,0.6901179221297298,0.6901179221297298
0,-2,30,525/289,UNSTABLE,SINGULAR_BOUNDARY_LIMIT,0.42445428695708287,0.730914789256488,0.7288627407471608,0.7288627407471608
0,-2,31,2139/1217,UNSTABLE,SINGULAR_BOUNDARY_LIMIT,0.4613709709893463,0.7771263849617398,0.7742534342302747,0.7742534342302747
0,-2,32,17/10,UNSTABLE,SINGULAR_BOUNDARY_LIMIT,0.5068381556654948,0.8323611214309139,0.8283269296520643,0.8283269296520643
0,-2,33,2211/1345,UNSTABLE,SINGULAR_BOUNDARY_LIMIT,0.5639900264967537,0.8998949999869339,0.8942146771832995,0.8942146771832995
0,-2,34,561/353,UNSTABLE,SINGULAR_BOUNDARY_LIMIT,0.638021836168372,0.9851293835117971,0.9771099690108827,0.9771099690108258
0,-2,35,2275/1481,UNSTABLE,SINGULAR_BOUNDARY_LIMIT,0.7385334934646792,1.0979642950797697,1.0866114445606172,1.0866114445606172
0,-2,36,144/97,UNSTABLE,SINGULAR_BOUNDARY_LIMIT,0.886575202329265,1.2598896448965036,1.2437686611791037,1.2437686611791037
0,-2,37,2331/1625,UNSTABLE,SINGULAR_BOUNDARY_LIMIT,1.1459476955642423,1.5353573668020175,1.512382272125194,1.512382272125194
0,-2,38,589/425,UNSTABLE,SINGULAR_BOUNDARY_LIMIT,2.1589307155729944,2.5676276266582576,2.534732462184479,2.5347324621844223
0,-2,39,2379/1777,UNSTABLE,SINGULAR_BOUNDARY_LIMIT,1.1920816921120405,1.624770184931002,1.5773775892137678,1.5773775892142226
0,-2,40,75/58,UNSTABLE,SINGULAR_BOUNDARY_LIMIT,0.8455808577203534,1.3093827386990142,1.2404992709665805,1.240499270979683
0,-2,41,2419/1937,UNSTABLE,SINGULAR_BOUNDARY_LIMIT,0.6401200425920415,1.1462323555781495,1.044791157736256,1.0447911581558742
0,-2,42,609/505,UNSTABLE,SINGULAR_BOUNDARY_LIMIT,0.48955583589674134,1.0566307076797372,0.9041120710495534,0.9041120846500235
0,-2,43,2451/2105,UNSTABLE,SINGULAR_BOUNDARY_LIMIT,0.3683922088829341,1.0306656211800203,0.7929684103630166,0.7929688567433004
0,-2,44,154/137,UNSTABLE,SINGULAR_BOUNDARY_LIMIT,0.2655460928331621,1.098878794182113,0.7002729978999582,0.7002878412451423
0,-2,45,2475/2281,UNSTABLE,SINGULAR_BOUNDARY_LIMIT,0.1751849441750437,1.4644934568865722,0.6199592573395307,0.6204596532952564
0,-2,46,621/593,UNSTABLE,SINGULAR_BOUNDARY_LIMIT,0.09385541064452596,1.1988899298001172,0.5406662256592085,0.5577783161003254
0,-2,47,2491/2465,UNSTABLE,SINGULAR_BOUNDARY_LIMIT,0.01934046011692203,0.6096450841207641,0.2579621828295444,0.9818010475399319
0,-2,48,39/40,STABLE,NONZERO_FIXED_POINT,-0.04987045300672399,0.24819445292255438,-0.9689903798389992,-0.9440737669876285
0,-2,49,2499/2657,STABLE,NONZERO_FIXED_POINT,-0.11485482837227678,-0.042340317887756385,-2.5537674714513514,-2.5793937835122733
0,-2,50,625/689,STABLE,NONZERO_FIXED_POINT,-0.17641001071232232,-0.29864104052573737,-4.160024794669425,-4.202336724990346
0,-2,51,2499/2857,STABLE,NONZERO_FIXED_POINT,-0.2351441812153503,-0.5354301698058208,-5.772737429842152,-5.830880684522526
0,-2,52,156/185,STABLE,NONZERO_FIXED_POINT,-0.2915332943038216,-0.7601486942589233,-7.392646390155704,-7.4666935011153726
0,-2,53,2491/3065,STABLE,NONZERO_FIXED_POINT,-0.345958207423827,-0.9770855749273082,-9.020917516520967,-9.110974267351253
0,-2,54,621/793,STABLE,NONZERO_FIXED_POINT,-0.39872975031464364,-1.1889328450153869,-10.658721025734621,-10.764902612863523
0,-2,55,2475/3281,STABLE,NONZERO_FIXED_POINT,-0.45010616304788087,-1.3974860783347367,-12.307238534266446,-12.429669561382582
0,-2,56,77/106,STABLE,NONZERO_FIXED_POINT,-0.5003055454448351,-1.604001353527103,-13.967677984772735,-14.106493124865011
0,-2,57,2451/3505,STABLE,NONZERO_FIXED_POINT,-0.5495149530792247,-1.809394317009584,-15.641286349958307,-15.796631061008952
0,-2,58,609/905,STABLE,NONZERO_FIXED_POINT,-0.5978971843310745,-2.0143589564381443,-17.329360877509828,-17.501392164082176
0,-2,59,2419/3737,STABLE,NONZERO_FIXED_POINT,-0.6194323421660659,-2.1932786094109886,-19.007096010416205,-19.195983239904024
0,-2,60,150/241,STABLE,NONZERO_FIXED_POINT,-0.6318945157914682,-2.3642474147120254,-20.693566406566674,-20.89949219008585
0,-2,61,2379/3977,STABLE,NONZERO_FIXED_POINT,-0.644657189969795,-2.536905474401749,-22.39953976657472,-22.62270091552341
0,-2,62,589/1025,STABLE,NONZERO_FIXED_POINT,-0.6577318956490465,-2.711497784660949,-24.12652411020747,-24.36713268081212
0,-2,63,2331/4225,STABLE,NONZERO_FIXED_POINT,-0.6711314947155103,-2.8882516727091883,-25.87614105083486,-26.134425490599938
0,-2,64,9/17,STABLE,NONZERO_FIXED_POINT,-0.6848702860027593,-3.0673870300075343,-27.650137447127122,-27.926343859066066
0,-2,65,2275/4481,STABLE,NONZERO_FIXED_POINT,-0.6989641304909622,-3.2491239086334573,-29.450398864683734,-29.744792407603654
0,-2,66,561/1153,STABLE,NONZERO_FIXED_POINT,-0.7134305985367249,-3.433688401540884,-31.278965137009493,-31.59183158304802
0,-2,67,2211/4745,STABLE,NONZERO_FIXED_POINT,-0.7282891426313558,-3.62131744277886,-33.138048379495046,-33.46969585367964
0,-2,68,136/305,STABLE,NONZERO_FIXED_POINT,-0.7435612999961947,-3.8122629808419575,-35.03005388956035,-35.3808148205369
0,-2,69,2139/5017,STABLE,NONZERO_FIXED_POINT,-0.7592709303326437,-4.006795860574741,-36.95760446533791,-37.32783778179413
0,-2,70,525/1289,STABLE,NONZERO_FIXED_POINT,-0.7754444953114632,-4.2052096748734655,-38.92356880010436,-39.313662414051805
0,-2,71,2059/5297,STABLE,NONZERO_FIXED_POINT,-0.7921113879906443,-4.407824803846772,-40.93109476799975,-41.3414683943173
0,-2,72,63/170,STABLE,NONZERO_FIXED_POINT,-0.8093043224009726,-4.614992838358539,-42.983648619050825,-43.41475699097549
0,-2,73,1971/5585,STABLE,NONZERO_FIXED_POINT,-0.8270597961805244,-4.8271015826413475,-45.08506136265146,-45.53739791582365
0,-2,74,481/1433,STABLE,NONZERO_FIXED_POINT,-0.8454186425751367,-5.044580845060068,-47.23958395843414,-47.713685072457736
0,-2,75,1875/5881,STABLE,NONZERO_FIXED_POINT,-0.8644266926328932,-5.267909257279584,-49.451953379720635,-49.94840328705891
0,-2,76,114/377,STABLE,NONZERO_FIXED_POINT,-0.8841355744026789,-5.497622412182572,-51.727472206658916,-52.24690870552823
0,-2,77,1771/6185,STABLE,NONZERO_FIXED_POINT,-0.904603683964389,-5.734322684269017,-54.072105199629505,-54.61522634240458
0,-2,78,429/1585,STABLE,NONZERO_FIXED_POINT,-0.9258973739874587,-5.97869120022537,-56.492597379293215,-57.06016935366222
0,-2,79,1659/6497,STABLE,NONZERO_FIXED_POINT,-0.9480924204304593,-6.2315025732177745,-58.996619616142084,-59.589486096883036
0,-2,80,25/104,STABLE,NONZERO_FIXED_POINT,-0.9712758487381059,-6.493643219608188,-61.592949785829546,-62.2120431164563
0,-2,81,1539/6817,STABLE,NONZERO_FIXED_POINT,-0.9955482301575103,-6.766134367860175,-64.29170044366913,-64.93805511783614
0,-2,82,369/1745,STABLE,NONZERO_FIXED_POINT,-1.0210266007374962,-7.050161287721849,-67.10460812378744,-67.7793771889236
0,-2,83,1411/7145,STABLE,NONZERO_FIXED_POINT,-1.0478482167269974,-7.347110878538757,-70.04540542235225,-70.74988064172481
0,-2,84,84/457,STABLE,NONZERO_FIXED_POINT,-1.076175450955624,-7.65862066369759,-73.13030601999205,-73.86594293399997
0,-2,85,1275/7481,STABLE,NONZERO_FIXED_POINT,-1.1062022726620988,-7.986643616671699,-76.37864644880415,-77.1470959187775
0,-2,86,301/1913,STABLE,NONZERO_FIXED_POINT,-1.1381629674077995,-8.33353538560955,-79.81374961221121,-80.61689808664465
0,-2,87,1131/7825,STABLE,NONZERO_FIXED_POINT,-1.1723440952109119,-8.702173898223272,-83.46410887416891,-84.30413061546199
0,-2,88,33/250,STABLE,NONZERO_FIXED_POINT,-1.2091012459076618,-9.096126937330709,-87.36504706035947,-88.24447312915359
0,-2,89,979/8177,STABLE,NONZERO_FIXED_POINT,-1.2488831034772971,-9.51989280462891,-91.56109903421867,-92.48291034016762
0,-2,90,225/2089,STABLE,NONZERO_FIXED_POINT,-1.2922670133824496,-9.979256013374581,-96.1095330597565,-97.07728898162546
0,-2,91,819/8537,STABLE,NONZERO_FIXED_POINT,-1.3400133545878887,-10.481831026724542,-101.08573381659056,-102.10375519625183
0,-2,92,46/545,STABLE,NONZERO_FIXED_POINT,-1.393152071953061,-11.037927598788215,-106.5917692817533,-107.66540795234837
0,-2,93,651/8905,STABLE,NONZERO_FIXED_POINT,-1.453127295684908,-11.661996985338511,-112.77070822090474,-113.90676115613581
0,-2,94,141/2273,STABLE,NONZERO_FIXED_POINT,-1.5220541994001184,-12.375200539741797,-119.83204929293555,-121.03942961600518
0,-2,95,475/9281,STABLE,NONZERO_FIXED_POINT,-1.6032121691206935,-13.21034141740568,-128.10054492859075,-129.39144609163776
0,-2,96,3/74,STABLE,NONZERO_FIXED_POINT,-1.7020953033282216,-14.222369590052198,-138.12020097605915,-139.51231144107044
0,-2,97,291/9665,STABLE,NONZERO_FIXED_POINT,-1.8290033612740118,-15.514291341836575,-150.91078071653772,-152.4320895859164
0,-2,98,49/2465,STABLE,NONZERO_FIXED_POINT,-2.0070599581537714,-17.317351233442295,-168.76160631248374,-170.46322715606846
0,-2,99,99/10057,STABLE,NONZERO_FIXED_POINT,-2.31005113734294,-20.369417836154774,-198.97757757839443,-200.9844108339252
0,-2,100,0,STABLE,NONZERO_FIXED_POINT,,,,
0,-1,1,11/57,STABLE,NONZERO_FIXED_POINT,-1.213653565977003,-7.568188035080222,-71.1571012415976,-71.87158341211186
0,-1,2,49/129,STABLE,NONZERO_FIXED_POINT,-0.9238438237127466,-4.570752391063529,-41.98581191158527,-42.406205541856025
0,-1,3,291/521,STABLE,NONZERO_FIXED_POINT,-0.6613459505322954,-2.75091084999314,-25.264219940310795,-25.51716467462444
0,-1,4,8/11,STABLE,NONZERO_FIXED_POINT,-0.24958783612718083,-1.251781479973225,-13.577872637911284,-13.716175336077555
0,-1,5,475/537,STABLE,NONZERO_FIXED_POINT,0.2010947787987014,0.11432767844468117,-4.763125560153753,-4.816402263435009
0,-1,6,141/137,UNSTABLE,SINGULAR_BOUNDARY_LIMIT,1.066861050777355,2.1862060215479815,1.3596657217750305,1.4153002275344022
0,-1,7,217/187,UNSTABLE,SINGULAR_BOUNDARY_LIMIT,0.7074680095679327,1.1375443188866683,1.0067732181825875,1.0067735911521822
0,-1,8,23/18,UNSTABLE,SINGULAR_BOUNDARY_LIMIT,0.4553069027658605,0.7864587632476656,0.7397866789401064,0.739786678966567
0,-1,9,819/593,UNSTABLE,SINGULAR_BOUNDARY_LIMIT,0.3589733158820465,0.6543536685187874,0.6329506087780032,0.6329506087780032
0,-1,10,25/17,UNSTABLE,SINGULAR_BOUNDARY_LIMIT,0.3126332099903504,0.5909375993162342,0.579335176874423,0.579335176874423
0,-1,11,979/633,UNSTABLE,SINGULAR_BOUNDARY_LIMIT,0.28914373215820177,0.5582075507249797,0.5510490566107933,0.5510490566107933
0,-1,12,66/41,UNSTABLE,SINGULAR_BOUNDARY_LIMIT,0.27790830688110724,0.541874761042969,0.5369661716946155,0.5369661716946439
0,-1,13,377/227,UNSTABLE,SINGULAR_BOUNDARY_LIMIT,0.273934260642303,0.5353851798187605,0.5317082925411114,0.5317082925410546
0,-1,14,301/177,UNSTABLE,SINGULAR_BOUNDARY_LIMIT,0.2746153317820923,0.5353505815346651,0.5323815841368287,0.5323815841368287
0,-1,15,1275/737,UNSTABLE,SINGULAR_BOUNDARY_LIMIT,0.2785153789371506,0.5398878274994559,0.5373310109046656,0.5373310109046656
0,-1,16,7/4,UNSTABLE,SINGULAR_BOUNDARY_LIMIT,0.28483205327726857,0.547912401836502,0.5455846876481587,0.5455846876481587
0,-1,17,1411/801,UNSTABLE,SINGULAR_BOUNDARY_LIMIT,0.29313479737901105,0.5588026385412093,0.5565787680034759,0.5565787680034759
0,-1,18,369/209,UNSTABLE,SINGULAR_BOUNDARY_LIMIT,0.30322798297246933,0.5722273337972936,0.5700114625400374,0.5700114625400943
0,-1,19,171/97,UNSTABLE,SINGULAR_BOUNDARY_LIMIT,0.3150770294451206,0.5880532282246662,0.5857626744742959,0.5857626744742959
0,-1,20,100/57,UNSTABLE,SINGULAR_BOUNDARY_LIMIT,0.3287692860766356,0.6062954856956964,0.6038501845334849,0.6038501845334849
0,-1,21,1659/953,UNSTABLE,SINGULAR_BOUNDARY_LIMIT,0.34449629517619584,0.6270939804768219,0.6244084520712931,0.6244084520712931
0,-1,22,143/83,UNSTABLE,SINGULAR_BOUNDARY_LIMIT,0.36255134681927004,0.650707526610411,0.6476835791763449,0.6476835791763449
0,-1,23,1771/1041,UNSTABLE,SINGULAR_BOUNDARY_LIMIT,0.3833404965099305,0.6775233733195662,0.6740423631070485,0.6740423631070485
0,-1,24,57/34,UNSTABLE,SINGULAR_BOUNDARY_LIMIT,0.40740855684185817,0.7080831043464428,0.7039967786527086,0.7039967786527086
0,-1,25,625/379,UNSTABLE,SINGULAR_BOUNDARY_LIMIT,0.4354854327235351,0.7431302201286201,0.7382491411965475,0.7382491411965475
0,-1,26,481/297,UNSTABLE,SINGULAR_BOUNDARY_LIMIT,0.4685643103460304,0.7836910327646791,0.7777693760794477,0.7777693760794477
0,-1,27,27/17,UNSTABLE,SINGULAR_BOUNDARY_LIMIT,0.5080350411089931,0.8312125391212248,0.8239276743921664,0.8239276743921664
0,-1,28,14/9,UNSTABLE,SINGULAR_BOUNDARY_LIMIT,0.5559218290587093,0.8878069538092532,0.8787315990459206,0.878731599045949
0,-1,29,2059/1353,UNSTABLE,SINGULAR_BOUNDARY_LIMIT,0.6153369872040386,0.9567155924991582,0.9452793733807425,0.9452793733807425
0,-1,30,525/353,UNSTABLE,SINGULAR_BOUNDARY_LIMIT,0.6914357725651943,1.0432785841348888,1.0287143373721506,1.0287143373721506
0,-1,31,713/491,UNSTABLE,SINGULAR_BOUNDARY_LIMIT,0.7937256432305233,1.1572661159764763,1.1385338959562432,1.1385338959561864
0,-1,32,17/12,UNSTABLE,SINGULAR_BOUNDARY_LIMIT,0.9429825170077608,1.3198276916670295,1.2955055247342955,1.2955055247342955
0,-1,33,2211/1601,UNSTABLE,SINGULAR_BOUNDARY_LIMIT,1.201725216936616,1.594017285606597,1.5621410072913022,1.5621410072913022
0,-1,34,187/139,UNSTABLE,SINGULAR_BOUNDARY_LIMIT,2.1636914697726404,2.5743498305378267,2.532172261668734,2.5321722616689897
0,-1,35,2275/1737,UNSTABLE,SINGULAR_BOUNDARY_LIMIT,1.2648590115262301,1.6979556663741846,1.6415723033745167,1.641572303377984
0,-1,36,144/113,UNSTABLE,SINGULAR_BOUNDARY_LIMIT,0.9164600700888101,1.3778286233890142,1.3015696096652505,1.301569609718456
0,-1,37,259/209,UNSTABLE,SINGULAR_BOUNDARY_LIMIT,0.7116841558351013,1.2099692206025594,1.1053508115082877,1.105350812368556
0,-1,38,589/489,UNSTABLE,SINGULAR_BOUNDARY_LIMIT,0.5623622849750731,1.1109851536788753,0.9647448294558671,0.9647448440684911
0,-1,39,2379/2033,UNSTABLE,SINGULAR_BOUNDARY_LIMIT,0.44263508413148145,1.0639478288502104,0.8538908059465484,0.8538910659002568
0,-1,40,25/22,UNSTABLE,SINGULAR_BOUNDARY_LIMIT,0.3413073569570759,1.077190223642397,0.7615906726567516,0.7615955028447274
0,-1,41,2419/2193,UNSTABLE,SINGULAR_BOUNDARY_LIMIT,0.2525032494342909,1.2024564659862662,0.6819267386305796,0.6820202679155614
0,-1,42,609/569,UNSTABLE,SINGULAR_BOUNDARY_LIMIT,0.17275121504405533,1.893251578830288,0.6105947392327948,0.612478452511084
0,-1,43,817/787,UNSTABLE,SINGULAR_BOUNDARY_LIMIT,0.09982694515847612,1.0845898352547891,0.5285219014412519,0.5679253597043612
0,-1,44,154/153,UNSTABLE,SINGULAR_BOUNDARY_LIMIT,0.03221796372826802,0.6070350342049338,0.19179911393544558,2.2231522301666473
0,-1,45,2475/2537,STABLE,NONZERO_FIXED_POINT,-0.031152300299964963,0.2845850179889311,-0.9227723333361268,-0.8942970438814655
0,-1,46,69/73,STABLE,NONZERO_FIXED_POINT,-0.09107862030610825,0.01956398498936096,-2.314616542010981,-2.3374066244823553
0,-1,47,2491/2721,STABLE,NONZERO_FIXED_POINT,-0.14816559743365332,-0.21601666618418136,-3.7361964136345023,-3.774481385942181
0,-1,48,39/44,STABLE,NONZERO_FIXED_POINT,-0.20288494132136137,-0.4342754204188637,-5.171028694007788,-5.223413964536576
0,-1,49,833/971,STABLE,NONZERO_FIXED_POINT,-0.25561278889566097,-0.6416080646911837,-6.618798987726677,-6.685373107875648
0,-1,50,625/753,STABLE,NONZERO_FIXED_POINT,-0.30665487470989206,-0.8418125986458875,-8.079945628628593,-8.160860583434896
0,-1,51,2499/3113,STABLE,NONZERO_FIXED_POINT,-0.3562640172251932,-1.0373272704445924,-9.554976765916024,-9.650389630326003
0,-1,52,52/67,STABLE,NONZERO_FIXED_POINT,-0.40465258281766125,-1.2298067909431296,-11.044450549365052,-11.154522008426
0,-1,53,2491/3321,STABLE,NONZERO_FIXED_POINT,-0.4520015734867968,-1.420422952761193,-12.548981298864533,-12.673876446926215
0,-1,54,621/857,STABLE,NONZERO_FIXED_POINT,-0.49846738882482455,-1.6100354917994295,-14.069245451698407,-14.209134673445021
0,-1,55,275/393,STABLE,NONZERO_FIXED_POINT,-0.5441869516844164,-1.7992958423790881,-15.605986840658034,-15.761046697203255
0,-1,56,77/114,STABLE,NONZERO_FIXED_POINT,-0.5892816613215484,-1.9887134899084842,-17.160021721025004,-17.330435847188994
0,-1,57,2451/3761,STABLE,NONZERO_FIXED_POINT,-0.6259848189070638,-2.1708244936950365,-18.72436820446626,-18.910328226636523
0,-1,58,203/323,STABLE,NONZERO_FIXED_POINT,-0.6369355778093739,-2.328513373697348,-20.282543184005903,-20.484249668423814
0,-1,59,2419/3993,STABLE,NONZERO_FIXED_POINT,-0.6482085545107665,-2.4880621985578344,-21.86159593603452,-22.079259377867004
0,-1,60,150/257,STABLE,NONZERO_FIXED_POINT,-0.659810596547894,-2.649661225875775,-23.46260996599895,-23.696451830274555
0,-1,61,793/1411,STABLE,NONZERO_FIXED_POINT,-0.6717498674578266,-2.8134880655333774,-25.0867783507029,-25.33703217713969
0,-1,62,589/1089,STABLE,NONZERO_FIXED_POINT,-0.6840359100130495,-2.9797152204087,-26.7354113574994,-27.00232394246808
0,-1,63,2331/4481,STABLE,NONZERO_FIXED_POINT,-0.6966797253428414,-3.14851585404098,-28.409945527368507,-28.69377819776099
0,-1,64,1/2,STABLE,NONZERO_FIXED_POINT,-0.7096938697277919,-3.3200683554684005,-30.111954409051044,-30.412984404715026
0,-1,65,2275/4737,STABLE,NONZERO_FIXED_POINT,-0.7230925713058767,-3.4945601118814267,-31.843161175000205,-32.161683158735
0,-1,66,561/1217,STABLE,NONZERO_FIXED_POINT,-0.7368918694720907,-3.67219079318037,-33.60545340275371,-33.94178111972758
0,-1,67,737/1667,STABLE,NONZERO_FIXED_POINT,-0.7511097804157103,-3.853175381099348,-35.40090037001528,-35.75536848198425
0,-1,68,136/321,STABLE,NONZERO_FIXED_POINT,-0.7657664930542811,-4.037747128462804,-37.23177329165969,-37.60473941569438
0,-1,69,2139/5273,STABLE,NONZERO_FIXED_POINT,-0.7808846006363552,-4.226160604731071,-39.10056902649035,-39.49241601325025
0,-1,70,175/451,STABLE,NONZERO_FIXED_POINT,-0.7964893745556836,-4.418694968190522,-41.01003790677723,-41.42117639996886
0,-1,71,2059/5553,STABLE,NONZERO_FIXED_POINT,-0.8126090885276138,-4.615657600578743,-42.96321650227918,-43.39408782913375
0,-1,72,63/178,STABLE,NONZERO_FIXED_POINT,-0.829275403331593,-4.8173882454780355,-44.96346633324623,-45.41454578610151
0,-1,73,219/649,STABLE,NONZERO_FIXED_POINT,-0.8465238249685907,-5.024263807370204,-47.0145198083288,-47.48632039028911
0,-1,74,481/1497,STABLE,NONZERO_FIXED_POINT,-0.8643942525208441,-5.236703994722461,-49.12053500337197,-49.613611727341265
0,-1,75,1875/6137,STABLE,NONZERO_FIXED_POINT,-0.8829316365147886,-5.4551780298713055,-51.28616134357253,-51.80111619479271
0,-1,76,38/131,STABLE,NONZERO_FIXED_POINT,-0.9021867745723124,-5.680212704159118,-53.5166188436269,-54.05410654266586
0,-1,77,1771/6441,STABLE,NONZERO_FIXED_POINT,-0.9222172791551593,-5.912402133973366,-55.81779435417985,-56.37852909214564
0,-1,78,429/1649,STABLE,NONZERO_FIXED_POINT,-0.9430887630782081,-6.152419679883202,-58.196359338865534,-58.78112270232526
0,-1,79,553/2251,STABLE,NONZERO_FIXED_POINT,-0.9648763033852727,-6.401032638693579,-60.65991518289752,-61.269565546593356
0,-1,80,25/108,STABLE,NONZERO_FIXED_POINT,-0.9876662649262746,-6.659120524573282,-63.217174087738016,-63.85265783455293
0,-1,81,1539/7073,STABLE,NONZERO_FIXED_POINT,-1.011558594241503,-6.927698047288338,-65.87818650363624,-66.54055154188717
0,-1,82,41/201,STABLE,NONZERO_FIXED_POINT,-1.0366697363021125,-7.20794431443791,-68.6546302040575,-69.34504240475823
0,-1,83,1411/7401,STABLE,NONZERO_FIXED_POINT,-1.063136387809406,-7.501240395723272,-71.56018216008022,-72.27994555053522
0,-1,84,84/473,STABLE,NONZERO_FIXED_POINT,-1.0911203916235834,-7.8092182956763025,-74.61100336864635,-75.36158522332227
0,-1,85,425/2579,STABLE,NONZERO_FIXED_POINT,-1.1208152147763464,-8.133825759911048,-77.82638043893297,-78.60944285102062
0,-1,86,301/1977,STABLE,NONZERO_FIXED_POINT,-1.152454666694176,-8.47741348154495,-81.22958894406963,-82.04702911778946
0,-1,87,1131/8081,STABLE,NONZERO_FIXED_POINT,-1.1863248557582828,-8.842854689328398,-84.84907735375288,-85.70307985559333
0,-1,88,11/86,STABLE,NONZERO_FIXED_POINT,-1.2227809431988534,-9.23371270766934,-88.72012588952028,-89.61323165560563
0,-1,89,979/8433,STABLE,NONZERO_FIXED_POINT,-1.2622712060522954,-9.654481605999855,-92.88722896472962,-93.82242837325362
0,-1,90,225/2153,STABLE,NONZERO_FIXED_POINT,-1.3053726032256279,-10.11094187805383,-97.40761642046678,-98.38847793217892
0,-1,91,91/977,STABLE,NONZERO_FIXED_POINT,-1.352845146324313,-10.61070416772003,-102.35663642212418,-103.3874895935219
0,-1,92,46/561,STABLE,NONZERO_FIXED_POINT,-1.4057184309325805,-11.164074598446383,-107.83632223058768,-108.92252726016224
0,-1,93,651/9161,STABLE,NONZERO_FIXED_POINT,-1.4654362550270328,-11.78550097307555,-113.98970959009063,-115.13807148466384
0,-1,94,47/779,STABLE,NONZERO_FIXED_POINT,-1.5341134760673745,-12.496141359613006,-121.02626573619253,-122.24570533592942
0,-1,95,475/9537,STABLE,NONZERO_FIXED_POINT,-1.6150291790832405,-13.328795786173416,-129.27071318402506,-130.57343135703462
0,-1,96,3/76,STABLE,NONZERO_FIXED_POINT,-1.7136771758780367,-14.338411246364496,-139.26702928930496,-140.6707216268661
0,-1,97,97/3307,STABLE,NONZERO_FIXED_POINT,-1.8403569525428063,-15.627991187084284,-152.03495018470804,-153.56761264535552
0,-1,98,49/2529,STABLE,NONZERO_FIXED_POINT,-2.018191863884926,-17.428777464822353,-169.86377215393665,-171.57652490325256
0,-1,99,99/10313,STABLE,NONZERO_FIXED_POINT,-2.3209677049642927,-20.478636072429694,-200.05837033296976,-202.07612015612187
0,-1,100,0,STABLE,NONZERO_FIXED_POINT,,,,
0,0,1,99/1025,STABLE,NONZERO_FIXED_POINT,-1.51426006625696,-10.610430770876711,-100.95332247159294,-101.96841114238714
0,0,2,49/257,STABLE,NONZERO_FIXED_POINT,-1.223187236744792,-7.6266528617736,-71.68324974264843,-72.40298678595119
0,0,3,291/1033,STABLE,NONZERO_FIXED_POINT,-1.0578945789189804,-5.9055204234708825,-54.87397433518254,-55.424181667716255
0,0,4,24/65,STABLE,NONZERO_FIXED_POINT,-0.9445854759101242,-4.708532581584169,-43.219040202144015,-43.651742317075275
0,0,5,475/1049,STABLE,NONZERO_FIXED_POINT,-0.8601211993187228,-3.8037668116418004,-34.427200756470086,-34.7712826350388
0,0,6,141/265,STABLE,NONZERO_FIXED_POINT,-0.7401695195331985,-3.033293055633024,-27.422398722024752,-27.6964254833062
0,0,7,651/1073,STABLE,NONZERO_FIXED_POINT,-0.5653564884372742,-2.326845714980543,-21.64415923960621,-21.86117797300392
0,0,8,23/34,STABLE,NONZERO_FIXED_POINT,-0.40680362257094593,-1.723648471502763,-16.839247977059216,-17.008999058083873
0,0,9,63/85,STABLE,NONZERO_FIXED_POINT,-0.26018604824688296,-1.1966432373925002,-12.792820578339445,-12.922898954600072
0,0,10,225/281,STABLE,NONZERO_FIXED_POINT,-0.12259461600213584,-0.7245605277097908,-9.356998511769007,-9.453522313378443
0,0,11,979/1145,STABLE,NONZERO_FIXED_POINT,0.007924374449622462,-0.2885332901975204,-6.42528297339976,-6.493305644896395
0,0,12,66/73,STABLE,NONZERO_FIXED_POINT,0.13257679879983186,0.13118283987758161,-3.9182369656573712,-3.9619847021161547
0,0,13,1131/1193,STABLE,NONZERO_FIXED_POINT,0.25187336934220284,0.5619470632156975,-1.7766712620797307,-1.7964238300629631
0,0,14,301/305,STABLE,NONZERO_FIXED_POINT,0.3655711009311666,1.064999597748006,-0.031216614250240582,0.148266903608544
0,0,15,1275/1249,UNSTABLE,SINGULAR_BOUNDARY_LIMIT,0.47253678009940714,2.048109143174898,0.7618152055126188,0.9086681432061141
0,0,16,21/20,UNSTABLE,SINGULAR_BOUNDARY_LIMIT,0.5705938805284756,1.6590949900403018,0.9210355474401126,0.9300245646615224
0,0,17,1411/1313,UNSTABLE,SINGULAR_BOUNDARY_LIMIT,0.6564861259384465,1.4769982818209684,1.0098802535307527,1.0107915915432386
0,0,18,369/337,UNSTABLE,SINGULAR_BOUNDARY_LIMIT,0.7261786310114893,1.432360233720999,1.0797637313407904,1.0799077014306135
0,0,19,1539/1385,UNSTABLE,SINGULAR_BOUNDARY_LIMIT,0.7757006659297687,1.4208775689290647,1.1299685455484223,1.1300024224493086
0,0,20,100/89,UNSTABLE,SINGULAR_BOUNDARY_LIMIT,0.8024323050163815,1.4131973841881091,1.1580693140653295,1.158080731950946
0,0,21,1659/1465,UNSTABLE,SINGULAR_BOUNDARY_LIMIT,0.8062210559339604,1.3985515859331556,1.1638682364716146,1.1638735635936541
0,0,22,33/29,UNSTABLE,SINGULAR_BOUNDARY_LIMIT,0.7895627337949627,1.3744716558183256,1.1497985369389312,1.149801875834953
0,0,23,1771/1553,UNSTABLE,SINGULAR_BOUNDARY_LIMIT,0.7567127215732974,1.3427919334793685,1.120058828213871,1.1200615660993094
0,0,24,57/50,UNSTABLE,SINGULAR_BOUNDARY_LIMIT,0.7123813661550855,1.3071988294466763,1.0793104450097246,1.0793133139663098
0,0,25,1875/1649,UNSTABLE,SINGULAR_BOUNDARY_LIMIT,0.660745598390589,1.2718043107772417,1.0316882373603562,1.0316919995237868
0,0,26,481/425,UNSTABLE,SINGULAR_BOUNDARY_LIMIT,0.6050252438581794,1.2406303004194683,0.9803756933046657,0.9803817527392198
0,0,27,1971/1753,UNSTABLE,SINGULAR_BOUNDARY_LIMIT,0.547477206126814,1.217782890919878,0.9275977362847243,0.9276095239780489
0,0,28,126/113,UNSTABLE,SINGULAR_BOUNDARY_LIMIT,0.48957668670151655,1.2081980854245131,0.8747996288296918,0.8748269119389818
0,0,29,2059/1865,UNSTABLE,SINGULAR_BOUNDARY_LIMIT,0.4322318468749593,1.2192555477173954,0.8228553171062458,0.8229294399898777
0,0,30,525/481,UNSTABLE,SINGULAR_BOUNDARY_LIMIT,0.3759659280444083,1.2647738990795645,0.77222610903533,0.7724596242363759
0,0,31,2139/1985,UNSTABLE,SINGULAR_BOUNDARY_LIMIT,0.3210518070723758,1.3785981265756035,0.7229935497404654,0.7238373013481123
0,0,32,17/16,UNSTABLE,SINGULAR_BOUNDARY_LIMIT,0.26760455359324364,1.7001438802039956,0.674463433111157,0.6779255547707237
0,0,33,2211/2113,UNSTABLE,SINGULAR_BOUNDARY_LIMIT,0.21564257645192342,1.8203109632485166,0.6226892817758767,0.6386777826098751
0,0,34,561/545,UNSTABLE,SINGULAR_BOUNDARY_LIMIT,0.1651270388114625,1.1631681500526412,0.5470783328291304,0.6297011332408715
0,0,35,175/173,UNSTABLE,SINGULAR_BOUNDARY_LIMIT,0.11598684165032402,0.8296823114135847,0.35562189780142717,0.8819784696237605
0,0,36,144/145,STABLE,NONZERO_FIXED_POINT,0.06813423635059834,0.5796261403140477,-0.13999213254138,0.11837921878898783
0,0,37,2331/2393,STABLE,NONZERO_FIXED_POINT,0.021474429469552803,0.36810357759640056,-0.9201029910335023,-0.8946584515121572
0,0,38,589/617,STABLE,NONZERO_FIXED_POINT,-0.02408863423044494,0.17833683511475584,-1.8135340971086293,-1.8287978182144116
0,0,39,2379/2545,STABLE,NONZERO_FIXED_POINT,-0.06864890557321246,0.0021333464787147705,-2.754231784874264,-2.782922299773304
0,0,40,75/82,STABLE,NONZERO_FIXED_POINT,-0.1122963836758597,-0.1651622877993688,-3.7288268134992677,-3.767510789308915
0,0,41,2419/2705,STABLE,NONZERO_FIXED_POINT,-0.15511621518466967,-0.3264700260037614,-4.734138428473329,-4.7826625682400845
0,0,42,609/697,STABLE,NONZERO_FIXED_POINT,-0.19718837569784853,-0.4837520948455989,-5.768625518182432,-5.827240286772167
0,0,43,2451/2873,STABLE,NONZERO_FIXED_POINT,-0.23858770186663847,-0.6383948627158134,-6.831105419765834,-6.9000976682934265
0,0,44,154/185,STABLE,NONZERO_FIXED_POINT,-0.27938412754797426,-0.7914150554299368,-7.920575144158732,-8.000226145989672
0,0,45,2475/3049,STABLE,NONZERO_FIXED_POINT,-0.31964303170578034,-0.9435797498273857,-9.036180959476724,-9.126763180105513
0,0,46,621/785,STABLE,NONZERO_FIXED_POINT,-0.3594256405748055,-1.0954806320262591,-10.177207232943488,-10.278985289476338
0,0,47,47/61,STABLE,NONZERO_FIXED_POINT,-0.3987894489305628,-1.2475824365288517,-11.343068505157873,-11.456300482230347
0,0,48,3/4,STABLE,NONZERO_FIXED_POINT,-0.43778863962219194,-1.4002560267633157,-12.533302886163966,-12.658241622772096
0,0,49,2499/3425,STABLE,NONZERO_FIXED_POINT,-0.47647448967689954,-1.5538019097779028,-13.747566501042456,-13.884460820744437
0,0,50,625/881,STABLE,NONZERO_FIXED_POINT,-0.5148957571082917,-1.7084675372362739,-14.985628903045665,-15.134724794113652
0,0,51,2499/3625,STABLE,NONZERO_FIXED_POINT,-0.5530990462374881,-1.8644604083826408,-16.247369405213874,-16.40891115999443
0,0,52,156/233,STABLE,NONZERO_FIXED_POINT,-0.5911291516301969,-2.0219582310263178,-17.532774297070205,-17.70700561974172
0,0,53,2491/3833,STABLE,NONZERO_FIXED_POINT,-0.6290293821626065,-2.1811169516214832,-18.841934926084946,-19.02910001780276
0,0,54,621/985,STABLE,NONZERO_FIXED_POINT,-0.6554715913345248,-2.33070692190082,-20.16367635977855,-20.36402099009956
0,0,55,2475/4049,STABLE,NONZERO_FIXED_POINT,-0.6637415821748718,-2.4641032467915664,-21.491542298406443,-21.705314871905273
0,0,56,77/130,STABLE,NONZERO_FIXED_POINT,-0.672389198482616,-2.5999398978226225,-22.844445563993702,-23.071898191128042
0,0,57,2451/4273,STABLE,NONZERO_FIXED_POINT,-0.6814143783018629,-2.7382990731031214,-24.222855468960915,-24.464245050526017
0,0,58,609/1097,STABLE,NONZERO_FIXED_POINT,-0.6908184283333227,-2.8792652227709823,-25.627351364975652,-25.882940699917526
0,0,59,2419/4505,STABLE,NONZERO_FIXED_POINT,-0.7006040396315107,-3.0229273892882844,-27.058625950580904,-27.328684877534158
0,0,60,150/289,STABLE,NONZERO_FIXED_POINT,-0.710775315973148,-3.169381240621675,-28.51748968566659,-28.802296269367503
0,0,61,183/365,STABLE,NONZERO_FIXED_POINT,-0.7213378157471269,-3.3187308872762316,-30.00487641161135,-30.304718186337425
0,0,62,589/1217,STABLE,NONZERO_FIXED_POINT,-0.7322986084873406,-3.4710905620067933,-31.521850301081713,-31.837025584524667
0,0,63,2331/4993,STABLE,NONZERO_FIXED_POINT,-0.7436663474849077,-3.6265862320702524,-33.069614291228845,-33.400433583763345
0,0,64,9/20,STABLE,NONZERO_FIXED_POINT,-0.7554513602884669,-3.785357207574492,-34.64952018958891,-34.99630767581357
0,0,65,2275/5249,STABLE,NONZERO_FIXED_POINT,-0.767665759346059,-3.9475578055673353,-36.263080684931936,-36.62617585670688
0,0,66,561/1345,STABLE,NONZERO_FIXED_POINT,-0.7803235755804536,-4.113359127910819,-37.91198354760502,-38.29174297068721
0,0,67,2211/5513,STABLE,NONZERO_FIXED_POINT,-0.7934409183473132,-4.282951011751777,-39.59810836817326,-39.99490761807385
0,0,68,136/353,STABLE,NONZERO_FIXED_POINT,-0.8070361660372312,-4.456544214702689,-41.32354626273576,-41.737782059753386
0,0,69,2139/5785,STABLE,NONZERO_FIXED_POINT,-0.8211301925926584,-4.63437290299008,-43.09062307263105,-43.522715651347255
0,0,70,525/1481,STABLE,NONZERO_FIXED_POINT,-0.8357466364792678,-4.81669752028062,-44.901926711229294,-45.35232246634456
0,0,71,2059/6065,STABLE,NONZERO_FIXED_POINT,-0.8509122202576389,-5.0038081283408005,-46.76033946901197,-47.229513927596486
0,0,72,63/194,STABLE,NONZERO_FIXED_POINT,-0.866657130952925,-5.196028329099349,-48.66907629080393,-49.157537471280534
0,0,73,1971/6353,STABLE,NONZERO_FIXED_POINT,-0.8830154740641589,-5.3937199024415605,-50.631730300359095,-51.1400225314149
0,0,74,37/125,STABLE,NONZERO_FIXED_POINT,-0.9000258174926863,-5.59728832711324,-52.65232718748075,-53.18103547642181
0,0,75,1875/6649,STABLE,NONZERO_FIXED_POINT,-0.9177318461822477,-5.8071893961949,-54.73539051931522,-55.28514558020288
0,0,76,114/425,STABLE,NONZERO_FIXED_POINT,-0.9361831542471979,-6.023937197628889,-56.886020629576564,-57.45750470829037
0,0,77,1771/6953,STABLE,NONZERO_FIXED_POINT,-0.9554362093848638,-6.248113809842053,-59.10999053312969,-59.703944201325214
0,0,78,429/1777,STABLE,NONZERO_FIXED_POINT,-0.9755555352389891,-6.480381170724584,-61.41386338934109,-62.03109352496165
0,0,79,1659/7265,STABLE,NONZERO_FIXED_POINT,-0.9966151722991299,-6.721495727029605,-63.8051375142752,-64.44652674688484
0,0,80,25/116,STABLE,NONZERO_FIXED_POINT,-1.0187004986662433,-6.972326678422519,-66.29242699540688,-66.95894497596177
0,0,81,1539/7585,STABLE,NONZERO_FIXED_POINT,-1.0419105212818032,-7.233878922862743,-68.88568885979885,-69.5784058250901
0,0,82,369/1937,STABLE,NONZERO_FIXED_POINT,-1.0663607901614078,-7.5073222292702795,-71.59651189894782,-72.31661515350788
0,0,83,1411/7913,STABLE,NONZERO_FIXED_POINT,-1.0921871493275166,-7.794028774842587,-74.43848830758935,-75.18730245956243
0,0,84,84/505,STABLE,NONZERO_FIXED_POINT,-1.1195506290044328,-8.095622092976683,-77.42769828958686,-78.20671038164363
0,0,85,1275/8249,STABLE,NONZERO_FIXED_POINT,-1.1486439215226234,-8.414041856522445,-80.58335143444543,-81.3942425532793
0,0,86,301/2105,STABLE,NONZERO_FIXED_POINT,-1.1797000975521907,-8.751631062767004,-83.92864987097784,-84.77333547555565
0,0,87,87/661,STABLE,NONZERO_FIXED_POINT,-1.2130045607849027,-9.111255601505682,-87.49197201301206,-88.37265421987908
0,0,88,33/274,STABLE,NONZERO_FIXED_POINT,-1.2489118000560113,-9.49647179624587,-91.30853123826884,-92.22776786121133
0,0,89,979/8945,STABLE,NONZERO_FIXED_POINT,-1.287869450628584,-9.911767035879919,-95.4227581618564,-96.38355581495665
0,0,90,225/2281,STABLE,NONZERO_FIXED_POINT,-1.3304538586787906,-10.362915437306064,-99.8918217150356,-100.89776448220087
0,0,91,819/9305,STABLE,NONZERO_FIXED_POINT,-1.3774244506330007,-10.857521555585961,-104.79101189345874,-105.84644436916511
0,0,92,46/593,STABLE,NONZERO_FIXED_POINT,-1.4298102630406824,-11.405885698548865,-110.22230638830987,-111.33260324999256
0,0,93,651/9673,STABLE,NONZERO_FIXED_POINT,-1.4890545596589906,-12.022450112664444,-116.32868784192351,-117.50066804112868
0,0,94,141/2465,STABLE,NONZERO_FIXED_POINT,-1.557271687288397,-12.728367555633255,-123.31957273088364,-124.56217054184151
0,0,95,475/10049,STABLE,NONZERO_FIXED_POINT,-1.6377402426739653,-13.556432978892232,-131.5196350363185,-132.84506427291876
0,0,96,3/80,STABLE,NONZERO_FIXED_POINT,-1.735953570589189,-14.561588521250465,-141.4728056934835,-142.8987744257558
0,0,97,291/10433,STABLE,NONZERO_FIXED_POINT,-1.8622107102915084,-15.846832985589522,-154.19877642284786,-155.75329264124406
0,0,98,49/2657,STABLE,NONZERO_FIXED_POINT,-2.0396345889508005,-17.643403784680523,-171.9868010046575,-173.7209964790393
0,0,99,99/10825,STABLE,NONZERO_FIXED_POINT,-2.34201059224001,-20.689162658046442,-202.14171388612536,-204.18050659655324
0,0,100,0,STABLE,NONZERO_FIXED_POINT,,,,
0,1,1,33/683,STABLE,NONZERO_FIXED_POINT,-1.815078159266382,-13.637954422438483,-130.7536564009629,-132.06956316476655
0,1,2,49/513,STABLE,NONZERO_FIXED_POINT,-1.5233714785253127,-10.663856711865279,-101.43685108430608,-102.45677236938937
0,1,3,291/2057,STABLE,NONZERO_FIXED_POINT,-1.3570285490940828,-8.945422275405427,-84.53679821783828,-85.38613952054709
0,1,4,8/43,STABLE,NONZERO_FIXED_POINT,-1.2422618295665169,-7.744662892701754,-72.74834661760211,-73.47872508618973
0,1,5,475/2073,STABLE,NONZERO_FIXED_POINT,-1.155945013219025,-6.830208995745004,-63.78181578872494,-64.42172148119391
0,1,6,141/521,STABLE,NONZERO_FIXED_POINT,-1.0877744975890087,-6.098923335126017,-56.61698053298619,-57.18459914363032
0,1,7,217/699,STABLE,NONZERO_FIXED_POINT,-1.0322512412624567,-5.495718495293318,-50.70927413160965,-51.21729157350677
0,1,8,23/66,STABLE,NONZERO_FIXED_POINT,-0.9860898766913193,-4.987646838334101,-45.733290050664266,-46.191106150188546
0,1,9,819/2129,STABLE,NONZERO_FIXED_POINT,-0.9471682792986211,-4.553394924739955,-41.47878894385508,-41.89368070353305
0,1,10,75/179,STABLE,NONZERO_FIXED_POINT,-0.9140344744265114,-4.178351445942596,-37.80188218775393,-38.17967395534214
0,1,11,979/2169,STABLE,NONZERO_FIXED_POINT,-0.8856498606778072,-3.852038789480183,-34.59961079646496,-34.94508765667598
0,1,12,66/137,STABLE,NONZERO_FIXED_POINT,-0.8612446759648131,-3.566667833582919,-31.795636398810842,-32.1128130304254
0,1,13,377/739,STABLE,NONZERO_FIXED_POINT,-0.8186651659977144,-3.2947082537424137,-29.310116736340774,-29.602419824529818
0,1,14,301/561,STABLE,NONZERO_FIXED_POINT,-0.7593850302809972,-3.03341353313283,-27.099397300325222,-27.369793665987515
0,1,15,1275/2273,STABLE,NONZERO_FIXED_POINT,-0.7064956071004111,-2.8024946421710695,-25.150524579403566,-25.401613830358542
0,1,16,7/12,STABLE,NONZERO_FIXED_POINT,-0.6594832929290444,-2.5986846774010175,-23.433673730274975,-23.66775693630835
0,1,17,1411/2337,STABLE,NONZERO_FIXED_POINT,-0.6179238753981835,-2.4192858192087314,-21.924209226373762,-22.143340925011614
0,1,18,369/593,STABLE,NONZERO_FIXED_POINT,-0.5814566974845654,-2.2620383943149207,-20.60149515866243,-20.80752348586759
0,1,19,513/803,STABLE,NONZERO_FIXED_POINT,-0.5497658468949176,-2.1250248370307787,-19.44802952086559,-19.64262770103244
0,1,20,100/153,STABLE,NONZERO_FIXED_POINT,-0.5225664838890829,-2.00659753278304,-18.448802710455055,-18.63349414127265
0,1,21,1659/2489,STABLE,NONZERO_FIXED_POINT,-0.4995950553628674,-1.9053234703938529,-17.590814592195784,-17.76699310278002
0,1,22,143/211,STABLE,NONZERO_FIXED_POINT,-0.48060251480256255,-1.8199411296388774,-16.862705845118626,-17.03165226295127
0,1,23,1771/2577,STABLE,NONZERO_FIXED_POINT,-0.4653498862676635,-1.7493266243715482,-16.254473057419204,-16.417368914780013
0,1,24,57/82,STABLE,NONZERO_FIXED_POINT,-0.4536056420001664,-1.6924671236961188,-15.757246081659275,-15.915185078370484
0,1,25,625/891,STABLE,NONZERO_FIXED_POINT,-0.4451444484246849,-1.648440182300206,-15.363112250970914,-15.51710993766369
0,1,26,481/681,STABLE,NONZERO_FIXED_POINT,-0.4397468989190685,-1.6163979600581868,-15.064976239781402,-15.215978275320367
0,1,27,1971/2777,STABLE,NONZERO_FIXED_POINT,-0.4371999076050912,-1.5955554965142156,-14.85644728398512,-15.005336539455925
0,1,28,42/59,STABLE,NONZERO_FIXED_POINT,-0.43729749283680697,-1.585182298803545,-14.731747568922458,-14.879350290166713
0,1,29,2059/2889,STABLE,NONZERO_FIXED_POINT,-0.4398417334780085,-1.584596553429236,-14.685637114542317,-14.83272830976847
0,1,30,525/737,STABLE,NONZERO_FIXED_POINT,-0.4446437341502367,-1.5931613175685868,-14.713351608932612,-14.86065979338565
0,1,31,713/1003,STABLE,NONZERO_FIXED_POINT,-0.45152448501382025,-1.6102821035657087,-14.810550478909192,-14.958761882077795
0,1,32,17/24,STABLE,NONZERO_FIXED_POINT,-0.4603155450093537,-1.635405347536988,-14.97327311729714,-15.123035437630477
0,1,33,2211/3137,STABLE,NONZERO_FIXED_POINT,-0.4708595132542186,-1.6680173467472414,-15.197901664788446,-15.349827440907461
0,1,34,187/267,STABLE,NONZERO_FIXED_POINT,-0.48301028082741837,-1.7076433523373353,-15.481129108106416,-15.635798762934485
0,1,35,2275/3273,STABLE,NONZERO_FIXED_POINT,-0.49663307473409013,-1.7538466041504819,-15.819931733549652,-15.977896337864479
0,1,36,144/209,STABLE,NONZERO_FIXED_POINT,-0.51160431831617,-1.8062271840756097,-16.211545186636897,-16.3733289806527
0,1,37,777/1139,STABLE,NONZERO_FIXED_POINT,-0.5278113390335832,-1.8644206376200572,-16.65344355024706,-16.819546255525267
0,1,38,589/873,STABLE,NONZERO_FIXED_POINT,-0.545151956766535,-1.9280963677785081,-17.143320977369285,-17.314219926287763
0,1,39,2379/3569,STABLE,NONZERO_FIXED_POINT,-0.5635339849011238,-1.9969558410176447,-17.67907550954459,-17.85522761546298
0,1,40,25/38,STABLE,NONZERO_FIXED_POINT,-0.5828746735939525,-2.070730664717722,-18.258794785332213,-18.440638373276983
0,1,41,2419/3729,STABLE,NONZERO_FIXED_POINT,-0.6031001206719075,-2.1491806021453073,-18.880743400030042,-19.06869991502947
0,1,42,609/953,STABLE,NONZERO_FIXED_POINT,-0.6241446712798009,-2.2320915886785926,-19.543351722485454,-19.737827330490973
0,1,43,817/1299,STABLE,NONZERO_FIXED_POINT,-0.645950323100692,-2.319273804969967,-20.245206010207028,-20.44659310474765
0,1,44,154/249,STABLE,NONZERO_FIXED_POINT,-0.6684661500259335,-2.4105598518068874,-20.98503969243123,-21.193718318690486
0,1,45,2475/4073,STABLE,NONZERO_FIXED_POINT,-0.6916477536985539,-2.5058030597078584,-21.76172571403231,-21.97806492084868
0,1,46,207/347,STABLE,NONZERO_FIXED_POINT,-0.7154567494534447,-2.6048759551789544,-22.574269852479375,-22.79862898181335
0,1,47,2491/4257,STABLE,NONZERO_FIXED_POINT,-0.7279493994530881,-2.6957580045222613,-23.40989404504421,-23.642623967684813
0,1,48,39/68,STABLE,NONZERO_FIXED_POINT,-0.730464783699107,-2.779723028006117,-24.269220057361764,-24.510664363041514
0,1,49,833/1483,STABLE,NONZERO_FIXED_POINT,-0.7334863380053562,-2.8672001111469214,-25.16212727679607,-25.41262342641761
0,1,50,625/1137,STABLE,NONZERO_FIXED_POINT,-0.7370017020633224,-2.9581329508884124,-26.08810954051114,-26.347989987854817
0,1,51,2499/4649,STABLE,NONZERO_FIXED_POINT,-0.741000061251869,-3.052476813278737,-27.04677015997089,-27.316363450027495
0,1,52,52/99,STABLE,NONZERO_FIXED_POINT,-0.7454720952727243,-3.150198208061184,-28.03782024360831,-28.317452094571053
0,1,53,2491/4857,STABLE,NONZERO_FIXED_POINT,-0.7504099371533393,-3.2512746763092792,-29.061077720086985,-29.35107209602353
0,1,54,621/1241,STABLE,NONZERO_FIXED_POINT,-0.7558071423356427,-3.355694684329599,-30.116467070926547,-30.417147252248697
0,1,55,825/1691,STABLE,NONZERO_FIXED_POINT,-0.7616586677238653,-3.4634576186034565,-31.204019791863573,-31.5157094509114
0,1,56,77/162,STABLE,NONZERO_FIXED_POINT,-0.7679608607184099,-3.574573878421944,-32.32387561350552,-32.646899902875674
0,1,57,2451/5297,STABLE,NONZERO_FIXED_POINT,-0.7747114584202635,-3.689065064984959,-33.47628452395941,-33.81097118564287
0,1,58,203/451,STABLE,NONZERO_FIXED_POINT,-0.7819095973562318,-3.8069642680240463,-34.6616096495662,-35.008290153530965
0,1,59,2419/5529,STABLE,NONZERO_FIXED_POINT,-0.7895558342551645,-3.928316453444765,-35.88033106508544,-36.239341786662294
0,1,60,150/353,STABLE,NONZERO_FIXED_POINT,-0.7976521786044222,-4.053178958074895,-37.13305062218234,-37.50473406851444
0,1,61,793/1923,STABLE,NONZERO_FIXED_POINT,-0.806202137941959,-4.181622100389838,-38.42049790550158,-38.80520400242244
0,1,62,589/1473,STABLE,NONZERO_FIXED_POINT,-0.8152107770999066,-4.313729919132562,-39.74353744974525,-40.14162490180081
0,1,63,2331/6017,STABLE,NONZERO_FIXED_POINT,-0.8246847929214542,-4.449601055153124,-41.10317737997701,-41.51501511794811
0,1,64,3/8,STABLE,NONZERO_FIXED_POINT,-0.8346326063360918,-4.589349795689879,-42.50057967206935,-42.92654840434163
0,1,65,2275/6273,STABLE,NONZERO_FIXED_POINT,-0.8450644741152544,-4.733107304871851,-43.93707227234944,-44.377566158893615
0,1,66,561/1601,STABLE,NONZERO_FIXED_POINT,-0.8559926231613257,-4.881023069652095,-45.4141633670734,-45.86959183773649
0,1,67,737/2179,STABLE,NONZERO_FIXED_POINT,-0.8674314108339587,-5.033266596960793,-46.933558155949925,-47.404347898337164
0,1,68,136/417,STABLE,NONZERO_FIXED_POINT,-0.8793975156231664,-5.1900294059467456,-48.49717856290977,-48.98377570951334
0,1,69,2139/6809,STABLE,NONZERO_FIXED_POINT,-0.8919101634832352,-5.351527369217216,-50.10718641611061,-50.61005896571737
0,1,70,175/579,STABLE,NONZERO_FIXED_POINT,-0.9049913964051584,-5.518003469592152,-51.76601075365792,-52.28565126869907
0,1,71,2059/7089,STABLE,NONZERO_FIXED_POINT,-0.9186663914070792,-5.6897310548644455,-53.47638006958704,-54.013308699321044
0,1,72,63/226,STABLE,NONZERO_FIXED_POINT,-0.9329638401700997,-5.867017693483135,-55.24136051691781,-55.796128406611615
0,1,73,657/2459,STABLE,NONZERO_FIXED_POINT,-0.9479164021872766,-6.050209760422753,-57.06440134557556,-57.637594504754475
0,1,74,481/1881,STABLE,NONZERO_FIXED_POINT,-0.9635612477281708,-6.239697916790767,-58.94938919263427,-59.54163291181084
0,1,75,1875/7673,STABLE,NONZERO_FIXED_POINT,-0.9799407114315883,-6.435923691769176,-60.900713288511895,-61.51267721464882
0,1,76,38/163,STABLE,NONZERO_FIXED_POINT,-0.9971030833205061,-6.639387435247492,-62.92334423461378,-63.55574824240094
0,1,77,1771/7977,STABLE,NONZERO_FIXED_POINT,-1.015103572050478,-6.850657989627223,-65.02292980136679,-65.67655083222792
0,1,78,429/2033,STABLE,NONZERO_FIXED_POINT,-1.0340054860717274,-7.070384537921811,-67.20591227136481,-67.88159235781808
0,1,79,553/2763,STABLE,NONZERO_FIXED_POINT,-1.053881693301264,-7.299311234398473,-69.47967332884372,-70.17832908245555
0,1,80,25/132,STABLE,NONZERO_FIXED_POINT,-1.0748164406451748,-7.538295431409537,-71.85271455013401,-72.57534847266783
0,1,81,1539/8609,STABLE,NONZERO_FIXED_POINT,-1.0969076439769125,-7.788330608688405,-74.33488444688146,-75.08259853486783
0,1,82,123/731,STABLE,NONZERO_FIXED_POINT,-1.1202698011198216,-8.050575530781146,-76.93766716595943,-77.71167943147785
0,1,83,1411/8937,STABLE,NONZERO_FIXED_POINT,-1.145037741534713,-8.326391769788927,-79.67455400397216,-80.47621874815246
0,1,84,84/569,STABLE,NONZERO_FIXED_POINT,-1.1713715172808428,-8.61739263925034,-82.56152788999142,-83.39236087032458
0,1,85,425/3091,STABLE,NONZERO_FIXED_POINT,-1.1994628777017144,-8.925507963808123,-85.61770464049778,-86.47941471551076
0,1,86,301/2361,STABLE,NONZERO_FIXED_POINT,-1.2295439844592302,-9.25307125101024,-88.86619599341498,-89.76072548489987
0,1,87,1131/9617,STABLE,NONZERO_FIXED_POINT,-1.261899365038527,-9.602939246570742,-92.33529323641972,-93.26487024754039
0,1,88,11/102,STABLE,NONZERO_FIXED_POINT,-1.296882663717203,-9.978659463120337,-96.06012577089577,-97.02733325749946
0,1,89,979/9969,STABLE,NONZERO_FIXED_POINT,-1.334940701723566,-10.38471079977463,-100.08504327316888,-101.09291217736416
0,1,90,225/2537,STABLE,NONZERO_FIXED_POINT,-1.376649040623871,-10.826859192995421,-104.46713666382479,-105.51927461293516
0,1,91,273/3443,STABLE,NONZERO_FIXED_POINT,-1.4227663505905497,-11.312701315332468,-109.28162074942327,-110.38239512508721
0,1,92,46/657,STABLE,NONZERO_FIXED_POINT,-1.4743209392362004,-11.852529878955664,-114.6304007501167,-115.78520828799489
0,1,93,651/10697,STABLE,NONZERO_FIXED_POINT,-1.5327553676898198,-12.460779810799217,-120.65638945480185,-121.87207046203787
0,1,94,47/907,STABLE,NONZERO_FIXED_POINT,-1.6001833054549062,-13.158596814765843,-127.56893600683551,-128.85444543595992
0,1,95,475/11073,STABLE,NONZERO_FIXED_POINT,-1.6798826963641247,-13.978769044186627,-135.69264948003695,-137.0602211703274
0,1,96,3/88,STABLE,NONZERO_FIXED_POINT,-1.7773462557474144,-14.976232085748679,-145.5713982370637,-147.03875965449424
0,1,97,97/3819,STABLE,NONZERO_FIXED_POINT,-1.9028724160024213,-16.253978426821227,-158.22481367235073,-159.8199915964578
0,1,98,49/2913,STABLE,NONZERO_FIXED_POINT,-2.079583519168189,-18.043239392227164,-175.94209140155183,-177.71623580615096
0,1,99,99/11849,STABLE,NONZERO_FIXED_POINT,-2.3812643866908907,-21.081870852382956,-206.02800978659022,-208.10605629146897
0,1,100,0,STABLE,NONZERO_FIXED_POINT,,,,
0,2,1,99/4097,STABLE,NONZERO_FIXED_POINT,-2.1160021648183287,-16.65721346499923,-160.55515193764697,-162.17198270700254
0,2,2,49/1025,STABLE,NONZERO_FIXED_POINT,-1.8239779788052708,-13.6888545266022,-131.21582742393232,-132.53635520929558
0,2,3,291/4105,STABLE,NONZERO_FIXED_POINT,-1.6571074188548183,-11.973040226393493,-114.27143557618496,-115.42085574865456
0,2,4,24/257,STABLE,NONZERO_FIXED_POINT,-1.5416052425985627,-10.771886058371674,-102.41713352254493,-103.44685540416461
0,2,5,475/4121,STABLE,NONZERO_FIXED_POINT,-1.4543483256497538,-9.854129170351491,-93.36363060659698,-94.30193961149666
0,2,6,141/1033,STABLE,NONZERO_FIXED_POINT,-1.3850370958091043,-9.116742735698331,-86.09117032552848,-86.95605153439269
0,2,7,651/4145,STABLE,NONZERO_FIXED_POINT,-1.3281773456834038,-8.50475411248295,-80.05572973846267,-80.85967328478085
0,2,8,23/130,STABLE,NONZERO_FIXED_POINT,-1.280489293456288,-7.9853354854535326,-74.93251644712379,-75.68473196341304
0,2,9,819/4177,STABLE,NONZERO_FIXED_POINT,-1.2398570931254191,-7.537299002349847,-70.5119700771973,-71.21955065070199
0,2,10,225/1049,STABLE,NONZERO_FIXED_POINT,-1.2048356769205135,-7.146165230524474,-66.65093964765316,-67.31953261773532
0,2,11,979/4217,STABLE,NONZERO_FIXED_POINT,-1.1743939096784786,-6.80159473090697,-63.247255824680394,-63.8814767338921
0,2,12,66/265,STABLE,NONZERO_FIXED_POINT,-1.1477699827452144,-6.495942024681966,-60.22541488865622,-60.829116827051166
0,2,13,1131/4265,STABLE,NONZERO_FIXED_POINT,-1.124384895741601,-6.223390436026328,-57.528013398819496,-58.104469829397544
0,2,14,301/1073,STABLE,NONZERO_FIXED_POINT,-1.103788099388674,-5.979408542975236,-55.11036680141052,-55.66240002778261
0,2,15,1275/4321,STABLE,NONZERO_FIXED_POINT,-1.085621943574962,-5.760394678362459,-52.936989755005925,-53.4670638365472
0,2,16,21/68,STABLE,NONZERO_FIXED_POINT,-1.069597628879329,-5.563436462960816,-50.97921529594578,-51.4895049139181
0,2,17,1411/4385,STABLE,NONZERO_FIXED_POINT,-1.0554784673739661,-5.386143428861558,-49.21353762037853,-49.705980204326295
0,2,18,369/1105,STABLE,NONZERO_FIXED_POINT,-1.043067940848287,-5.226527614087573,-47.62042980885985,-48.096765720721976
0,2,19,1539/4457,STABLE,NONZERO_FIXED_POINT,-1.0322009973273225,-5.082916536606547,-46.1834821400642,-46.64528615431885
0,2,20,100/281,STABLE,NONZERO_FIXED_POINT,-1.0227375876327987,-4.95388856459563,-44.88876216682391,-45.337468486728966
0,2,21,1659/4537,STABLE,NONZERO_FIXED_POINT,-1.0145577852381997,-4.838224114895034,-43.724331536560896,-44.16125392980257
0,2,22,429/1145,STABLE,NONZERO_FIXED_POINT,-1.0075580468460261,-4.734868253526393,-42.679875741729234,-43.10622393622043
0,2,23,1771/4625,STABLE,NONZERO_FIXED_POINT,-1.0016483090044677,-4.642901651297542,-41.74641663691534,-42.16330981280032
0,2,24,57/146,STABLE,NONZERO_FIXED_POINT,-0.9967497069542741,-4.56151775655659,-40.91608655573549,-41.324564555847445
0,2,25,1875/4721,STABLE,NONZERO_FIXED_POINT,-0.9927927630556672,-4.490004659058613,-40.18194891542714,-40.58298164379471
0,2,26,481/1193,STABLE,NONZERO_FIXED_POINT,-0.9897159340941677,-4.427730538667532,-39.53785434996837,-39.932349717264856
0,2,27,1971/4825,STABLE,NONZERO_FIXED_POINT,-0.9874644360364186,-4.374131885537665,-38.97832431050796,-39.367135003908345
0,2,28,126/305,STABLE,NONZERO_FIXED_POINT,-0.9859892855571855,-4.328703886025544,-38.4984561261291,-38.882385420358304
0,2,29,2059/4937,STABLE,NONZERO_FIXED_POINT,-0.9852465125808418,-4.290992517814836,-38.09384499524771,-38.47365177584919
0,2,30,525/1249,STABLE,NONZERO_FIXED_POINT,-0.9851965089551094,-4.260588006400646,-37.76051945449325,-38.13692258946145
0,2,31,2139/5057,STABLE,NONZERO_FIXED_POINT,-0.9858034863968754,-4.237119375150769,-37.494887666092325,-37.86856983515332
0,2,32,17/40,STABLE,NONZERO_FIXED_POINT,-0.9870350228356326,-4.220249880820411,-37.29369245733173,-37.665303527281424
0,2,33,2211/5185,STABLE,NONZERO_FIXED_POINT,-0.9754977192355447,-4.196309209755647,-37.1406095309394,-37.51076954908575
0,2,34,561/1313,STABLE,NONZERO_FIXED_POINT,-0.9649277461558698,-4.178781097920329,-37.046706359224174,-37.416008224057464
0,2,35,2275/5321,STABLE,NONZERO_FIXED_POINT,-0.9552775820763202,-4.167387584233943,-37.00950205647047,-37.37851391440199
0,2,36,144/337,STABLE,NONZERO_FIXED_POINT,-0.9465038163790194,-4.161874695855282,-37.02673229567088,-37.39599970444695
0,2,37,2331/5465,STABLE,NONZERO_FIXED_POINT,-0.9385667358545575,-4.162010224326252,-37.09632933857148,-37.46637723133665
0,2,38,589/1385,STABLE,NONZERO_FIXED_POINT,-0.9314299683977918,-4.167581817582793,-37.21640492644218,-37.587739405055515
0,2,39,2379/5617,STABLE,NONZERO_FIXED_POINT,-0.92506017506647,-4.178395339344121,-37.38523559465466,-37.75834557649347
0,2,40,75/178,STABLE,NONZERO_FIXED_POINT,-0.9194267832674701,-4.194273456211263,-37.60125005424953,-37.97660879316672
0,2,41,2419/5777,STABLE,NONZERO_FIXED_POINT,-0.9145017551151771,-4.215054419939094,-37.863018348206765,-38.24108484738622
0,2,42,609/1465,STABLE,NONZERO_FIXED_POINT,-0.9102593860424086,-4.240591018157353,-38.16924254250148,-38.550462874558775
0,2,43,2451/5945,STABLE,NONZERO_FIXED_POINT,-0.9066761295881065,-4.270749671584781,-38.518748754853505,-38.90355730255607
0,2,44,154/377,STABLE,NONZERO_FIXED_POINT,-0.9037304449783923,-4.305409659719501,-38.91048035936953,-39.29930098873885
0,2,45,2475/6121,STABLE,NONZERO_FIXED_POINT,-0.901402664689229,-4.344462460266264,-39.34349223463215,-39.73673941086173
0,2,46,621/1553,STABLE,NONZERO_FIXED_POINT,-0.8996748796548406,-4.38781119030844,-39.8169459474222,-40.21502580297414
0,2,47,2491/6305,STABLE,NONZERO_FIXED_POINT,-0.8985308401850531,-4.43537013955666,-40.330105785187925,-40.733417148560534
0,2,48,39/100,STABLE,NONZERO_FIXED_POINT,-0.8979558709928703,-4.4870643879920635,-40.88233556836633,-41.29127096133985
0,2,49,2499/6497,STABLE,NONZERO_FIXED_POINT,-0.8979367990226805,-4.542829501943011,-41.473096189383114,-41.88804280002199
0,2,50,625/1649,STABLE,NONZERO_FIXED_POINT,-0.898461893020106,-4.602611304148866,-42.101943839144155,-42.52328447744458
0,2,51,2499/6697,STABLE,NONZERO_FIXED_POINT,-0.899520814004962,-4.66636571472597,-42.76852889453528,-43.19664293734502
0,2,52,156/425,STABLE,NONZERO_FIXED_POINT,-0.9011045760058227,-4.7340586612042515,-43.47259545227902,-43.90785978397486
0,2,53,2491/6905,STABLE,NONZERO_FIXED_POINT,-0.9032055165949551,-4.805666056988201,-44.2139815058045,-44.65677146118264
0,2,54,621/1753,STABLE,NONZERO_FIXED_POINT,-0.9058172769307085,-4.88117384875283,-44.992619772921046,-45.443310088838246
0,2,55,2475/7121,STABLE,NONZERO_FIXED_POINT,-0.9089347911762573,-4.960578134448269,-45.80853919336107,-46.26750497586136
0,2,56,77/226,STABLE,NONZERO_FIXED_POINT,-0.9125542853231803,-5.043885354793858,-46.661867127025715,-47.12948484100062
0,2,57,2451/7345,STABLE,NONZERO_FIXED_POINT,-0.9166732856109405,-5.1311125624313405,-47.55283229637007,-48.02948078524423
0,2,58,609/1865,STABLE,NONZERO_FIXED_POINT,-0.9212906369033167,-5.222287774318744,-48.481768530214424,-48.967830073726304
0,2,59,2419/7577,STABLE,NONZERO_FIXED_POINT,-0.9264065315658563,-5.317450414528231,-49.44911938180195,-49.94498080068951
0,2,60,150/481,STABLE,NONZERO_FIXED_POINT,-0.9320225495904317,-5.416651856417516,-50.45544371168853,-50.96149752900669
0,2,61,2379/7817,STABLE,NONZERO_FIXED_POINT,-0.9381417109409327,-5.519956075240017,-51.50142234667862,-52.01806801659848
0,2,62,589/1985,STABLE,NONZERO_FIXED_POINT,-0.9447685413564084,-5.627440424723289,-52.58786595030085,-53.11551116661292
0,2,63,2331/8065,STABLE,NONZERO_FIXED_POINT,-0.9519091531547801,-5.739196554077324,-53.715724269224836,-54.25478636742923
0,2,64,9/32,STABLE,NONZERO_FIXED_POINT,-0.959571342944392,-5.855331485417096,-54.88609695477888,-55.43700442365946
0,2,65,2275/8321,STABLE,NONZERO_FIXED_POINT,-0.9677647085879428,-5.97596887585501,-56.10024620090155,-56.663440321918415
0,2,66,561/2113,STABLE,NONZERO_FIXED_POINT,-0.976500788294338,-6.101250493740409,-57.35961149143725,-57.935548127233346
0,2,67,2211/8585,STABLE,NONZERO_FIXED_POINT,-0.9857932253649775,-6.231337944955563,-58.665826813263266,-59.254978370181504
0,2,68,136/545,STABLE,NONZERO_FIXED_POINT,-0.9956579629260514,-6.366414693161403,-60.02074077067488,-60.62359836458131
0,2,69,2139/8857,STABLE,NONZERO_FIXED_POINT,-1.0061134739826905,-6.506688427869641,-61.42644013519737,-62.043515995303665
0,2,70,525/2249,STABLE,NONZERO_FIXED_POINT,-1.0171810333936921,-6.652393846795,-62.88527748942511,-63.5171076414548
0,2,71,2059/9137,STABLE,NONZERO_FIXED_POINT,-1.0288850399668164,-6.803795934907889,-64.39990378147854,-65.04705105977229
0,2,72,63/290,STABLE,NONZERO_FIXED_POINT,-1.041253398921655,-6.961193843038032,-65.97330680886162,-66.63636425730698
0,2,73,1971/9425,STABLE,NONZERO_FIXED_POINT,-1.054317977606729,-7.124925495238827,-67.60885691139856,-68.28845164599693
0,2,74,481/2393,STABLE,NONZERO_FIXED_POINT,-1.068115150791229,-7.295373088428597,-69.3103614925069,-70.00715911474657
0,2,75,1875/9721,STABLE,NONZERO_FIXED_POINT,-1.082686456361163,-7.472969692888434,-71.0821304341494,-71.79684010521595
0,2,76,114/617,STABLE,NONZERO_FIXED_POINT,-1.0980793882301274,-7.658207221976468,-72.92905506258464,-73.66243537528143
0,2,77,1771/10025,STABLE,NONZERO_FIXED_POINT,-1.1143483612914693,-7.851646119558588,-74.85670411539473,-75.60956993549689
0,2,78,429/2545,STABLE,NONZERO_FIXED_POINT,-1.1315558941064658,-8.053927222314975,-76.87144123596005,-77.64467173044807
0,2,79,1659/10337,STABLE,NONZERO_FIXED_POINT,-1.1497740699386263,-8.265786403216708,-78.98056999796205,-79.77511812821115
0,2,80,25/164,STABLE,NONZERO_FIXED_POINT,-1.1690863574870232,-8.488072809877835,-81.1925145158427,-82.00941835521837
0,2,81,1539/10657,STABLE,NONZERO_FIXED_POINT,-1.1895899019365999,-8.721771804123193,-83.5170465942121,-84.3574429401582
0,2,82,369/2705,STABLE,NONZERO_FIXED_POINT,-1.2113984388848849,-8.968034128513267,-85.96557452124887,-86.83071542453246
0,2,83,1411/10985,STABLE,NONZERO_FIXED_POINT,-1.2346460448565377,-9.228213437074416,-88.5515146650427,-89.44278771254488
0,2,84,84/697,STABLE,NONZERO_FIXED_POINT,-1.2594920289837823,-9.503915236137864,-91.2907760274978,-92.20972951953394
0,2,85,1275/11321,STABLE,NONZERO_FIXED_POINT,-1.2861274083134386,-9.797061660006456,-94.20240156067968,-95.15077616630435
0,2,86,301/2873,STABLE,NONZERO_FIXED_POINT,-1.3147836233724526,-10.109978647871841,-97.30943125333857,-98.28920038373673
0,2,87,1131/11665,STABLE,NONZERO_FIXED_POINT,-1.345744492122197,-10.445515503378374,-100.64008580357881,-101.65350794178318
0,2,88,33/370,STABLE,NONZERO_FIXED_POINT,-1.3793629613026193,-10.807212426931613,-104.22942521976924,-105.27911300395837
0,2,89,979/12017,STABLE,NONZERO_FIXED_POINT,-1.4160851668975525,-11.199541138143864,-108.12173101200744,-109.21074438137668
0,2,90,225/3049,STABLE,NONZERO_FIXED_POINT,-1.4564859977675226,-11.628260528953376,-112.37402718556208,-113.5060020918161
0,2,91,819/12377,STABLE,NONZERO_FIXED_POINT,-1.5013234641077702,-12.100960364061905,-117.06146290118335,-118.2407943903645
0,2,92,46/785,STABLE,NONZERO_FIXED_POINT,-1.551625226421672,-12.627926585654166,-122.28587901632167,-123.51799084138534
0,2,93,651/12745,STABLE,NONZERO_FIXED_POINT,-1.608833211690932,-13.223587489270535,-128.19012524937193,-129.48188410060908
0,2,94,141/3233,STABLE,NONZERO_FIXED_POINT,-1.6750604682867039,-13.909082286327376,-134.98348897042706,-136.34387556238323
0,2,95,475/13121,STABLE,NONZERO_FIXED_POINT,-1.753584331940571,-14.717192776523056,-142.9905187786772,-144.43179210454406
0,2,96,3/104,STABLE,NONZERO_FIXED_POINT,-1.849896922896026,-15.702848331381391,-152.75502385892287,-154.29493594350203
0,2,97,291/13505,STABLE,NONZERO_FIXED_POINT,-1.97429609143291,-16.969035360899014,-165.29657771974206,-166.96317931927962
0,2,98,49/3425,STABLE,NONZERO_FIXED_POINT,-2.149903610368966,-18.746979249377,-182.90431937557085,-184.7487838713708
0,2,99,99/13897,STABLE,NONZERO_FIXED_POINT,-2.450503744730222,-21.77453006238997,-212.88297186209778,-215.03025772501582
0,2,100,0,STABLE,NONZERO_FIXED_POINT,,,,
0,3,1,33/2731,STABLE,NONZERO_FIXED_POINT,-2.416979155724582,-19.672084614740115,-190.35697527804442,-192.27478303830625
0,3,2,49/2049,STABLE,NONZERO_FIXED_POINT,-2.1247960718146928,-16.706849046406525,-161.00663222157513,-162.62797809994785
0,3,3,291/8201,STABLE,NONZERO_FIXED_POINT,-1.9576610692955976,-14.992730913175052,-144.0404011521946,-145.49037497510494
0,3,4,8/171,STABLE,NONZERO_FIXED_POINT,-1.8417894843790847,-13.791868428728264,-132.15351341134698,-133.4834195347472
0,3,5,475/8217,STABLE,NONZERO_FIXED_POINT,-1.7540589980987882,-12.873023509482486,-123.05677479352204,-124.29479447087078
0,3,6,141/2057,STABLE,NONZERO_FIXED_POINT,-1.6841710659842084,-12.133196077071403,-115.73054701157395,-116.8945621906133
0,3,7,217/2747,STABLE,NONZERO_FIXED_POINT,-1.6266327249373367,-11.51744213251024,-109.63094650842496,-110.73334543399699
0,3,8,23/258,STABLE,NONZERO_FIXED_POINT,-1.5781656471126801,-10.992964299968442,-104.43334072514284,-105.48323259508848
0,3,9,819/8273,STABLE,NONZERO_FIXED_POINT,-1.5366556421876734,-10.538606853956168,-99.92834876245104,-100.93272788501798
0,3,10,75/691,STABLE,NONZERO_FIXED_POINT,-1.5006594908208175,-10.139924057847196,-95.97301783237828,-96.93743461636078
0,3,11,979/8313,STABLE,NONZERO_FIXED_POINT,-1.4691480891655075,-9.786611612379488,-92.46539450676727,-93.39436959546606
0,3,12,66/521,STABLE,NONZERO_FIXED_POINT,-1.4413618321079307,-9.47106049079133,-89.33020760162984,-90.2275013893875
0,3,13,377/2787,STABLE,NONZERO_FIXED_POINT,-1.416724083671026,-9.187491644997984,-86.51030169294279,-87.37909731145032
0,3,14,301/2097,STABLE,NONZERO_FIXED_POINT,-1.3947868078880665,-8.93141231583877,-83.96125452079218,-84.80428645566371
0,3,15,1275/8417,STABLE,NONZERO_FIXED_POINT,-1.3751950044396306,-8.69926039033512,-81.64785606681806,-82.46750320922399
0,3,16,7/44,STABLE,NONZERO_FIXED_POINT,-1.3576626473789428,-8.488163789220337,-79.54172643902716,-80.3400810754991
0,3,17,1411/8481,STABLE,NONZERO_FIXED_POINT,-1.3419559328810884,-8.295772944111938,-77.61965735148095,-78.39857740093578
0,3,18,369/2129,STABLE,NONZERO_FIXED_POINT,-1.3278813242654817,-8.120141246842245,-75.8624285354681,-76.62357783074737
0,3,19,513/2851,STABLE,NONZERO_FIXED_POINT,-1.315276835270268,-7.959637880759921,-74.2539447389725,-74.99882459117015
0,3,20,100/537,STABLE,NONZERO_FIXED_POINT,-1.3040055534272739,-7.812883052516682,-72.78059449738012,-73.51056878307966
0,3,21,1659/8633,STABLE,NONZERO_FIXED_POINT,-1.2939507468833398,-7.678699057829633,-71.43076566661051,-72.14708102149729
0,3,22,143/723,STABLE,NONZERO_FIXED_POINT,-1.2850121121843125,-7.556072756414274,-70.19447391272766,-70.89827617255719
0,3,23,1771/8721,STABLE,NONZERO_FIXED_POINT,-1.2771028584195072,-7.444126410101106,-69.06307400237347,-69.75542172767348
0,3,24,57/274,STABLE,NONZERO_FIXED_POINT,-1.270147413990225,-7.342094746805849,-68.02903273407352,-68.71090844122142
0,3,25,625/2939,STABLE,NONZERO_FIXED_POINT,-1.264079603416688,-7.249306724533135,-67.08574840440912,-67.75806797313766
0,3,26,481/2217,STABLE,NONZERO_FIXED_POINT,-1.258841183538312,-7.165170888997423,-66.22740585515658,-66.89102647189725
0,3,27,1971/8921,STABLE,NONZERO_FIXED_POINT,-1.2543806577259886,-7.089163511083029,-65.44885904461421,-66.10458595970414
0,3,28,42/187,STABLE,NONZERO_FIXED_POINT,-1.2506523074665612,-7.020818897779847,-64.74553513975343,-65.39412745589203
0,3,29,2059/9033,STABLE,NONZERO_FIXED_POINT,-1.2476153955937335,-6.959721419370233,-64.11335560231583,-64.75553126593024
0,3,30,525/2273,STABLE,NONZERO_FIXED_POINT,-1.2452335063059436,-6.905498904305155,-63.54867081774995,-64.18511095006892
0,3,31,713/3051,STABLE,NONZERO_FIXED_POINT,-1.2434739951264007,-6.857817133352853,-63.04820560933041,-63.67955828712098
0,3,32,17/72,STABLE,NONZERO_FIXED_POINT,-1.2423075279389382,-6.816375224386228,-62.60901357167475,-63.23589714672775
0,3,33,2211/9281,STABLE,NONZERO_FIXED_POINT,-1.2283437311823757,-6.767537782685466,-62.215074642501065,-62.83808067259429
0,3,34,187/779,STABLE,NONZERO_FIXED_POINT,-1.2153217324586185,-6.72482247968356,-61.87775342490124,-62.49744927603729
0,3,35,2275/9417,STABLE,NONZERO_FIXED_POINT,-1.2031968935713042,-6.687984269570066,-61.59485855353597,-62.21178972296252
0,3,36,144/593,STABLE,NONZERO_FIXED_POINT,-1.191928608871943,-6.656801042418778,-61.364407169289024,-61.97909937055803
0,3,37,777/3187,STABLE,NONZERO_FIXED_POINT,-1.1814798877622295,-6.631071372848773,-61.184604569407895,-61.79756561408067
0,3,38,589/2409,STABLE,NONZERO_FIXED_POINT,-1.1718169949956678,-6.610612589344612,-61.05382677825435,-61.66554828346557
0,3,39,2379/9713,STABLE,NONZERO_FIXED_POINT,-1.1629091399261213,-6.5952591158524925,-60.970605599172984,-61.581564545871515
0,3,40,25/102,STABLE,NONZERO_FIXED_POINT,-1.1547282074401561,-6.584861046045901,-60.93361578785388,-61.54427595094376
0,3,41,2419/9873,STABLE,NONZERO_FIXED_POINT,-1.1472485245878001,-6.5792829177226295,-60.941664051917314,-61.55247732056938
0,3,42,609/2489,STABLE,NONZERO_FIXED_POINT,-1.140446657960874,-6.578402660530124,-60.99367963368775,-61.6050872376635
0,3,43,817/3347,STABLE,NONZERO_FIXED_POINT,-1.1343012377108366,-6.582110694904827,-61.0887062758577,-61.70113993168303
0,3,44,154/633,STABLE,NONZERO_FIXED_POINT,-1.1287928047899536,-6.590309163975121,-61.225895404990496,-61.83977839417142
0,3,45,2475/10217,STABLE,NONZERO_FIXED_POINT,-1.1239036785710574,-6.602911283389368,-61.40450039715091,-62.0202485872623
0,3,46,207/859,STABLE,NONZERO_FIXED_POINT,-1.1196178424771874,-6.619840796726599,-61.62387181460815,-62.24189463298248
0,3,47,2491/10401,STABLE,NONZERO_FIXED_POINT,-1.1159208456520098,-6.6410315264349435,-61.883453523531614,-62.50415489237116
0,3,48,39/164,STABLE,NONZERO_FIXED_POINT,-1.1127997190405683,-6.6664270122090485,-62.18277962066219,-62.806558861683385
0,3,49,833/3531,STABLE,NONZERO_FIXED_POINT,-1.1102429045400708,-6.695980230432603,-62.52147211276201,-63.14872482891832
0,3,50,625/2673,STABLE,NONZERO_FIXED_POINT,-1.1082401961321242,-6.72965338983478,-62.89923930673649,-63.5303582481489
0,3,51,2499/10793,STABLE,NONZERO_FIXED_POINT,-1.106782692129407,-6.767417799887809,-63.315874881156105,-63.951250802090215
0,3,52,52/227,STABLE,NONZERO_FIXED_POINT,-1.1058627578682962,-6.80925380975205,-63.7712576218691,-64.41128013542743
0,3,53,2491/11001,STABLE,NONZERO_FIXED_POINT,-1.1054739983605693,-6.855150816790477,-64.26535181584887,-64.91041025299262
0,3,54,621/2777,STABLE,NONZERO_FIXED_POINT,-1.1056112405871712,-6.905107344864824,-64.7982083087,-65.44869258827367
0,3,55,825/3739,STABLE,NONZERO_FIXED_POINT,-1.1062705252803413,-6.9591311938226,-65.36996624267704,-66.02626775928132
0,3,56,77/354,STABLE,NONZERO_FIXED_POINT,-1.1074491082015667,-7.017239662825098,-65.98085550398781,-66.64336804084112
0,3,57,2451/11441,STABLE,NONZERO_FIXED_POINT,-1.109145471086915,-7.079459851486604,-66.63119992090952,-67.30032059525968
0,3,58,203/963,STABLE,NONZERO_FIXED_POINT,-1.1113593426028059,-7.145829044235811,-67.32142126824678,-67.9975515174581
0,3,59,2419/11673,STABLE,NONZERO_FIXED_POINT,-1.1140917298398332,-7.216395184918468,-68.0520441493407,-68.73559076650224
0,3,60,150/737,STABLE,NONZERO_FIXED_POINT,-1.1173449610756512,-7.29121745048861,-68.82370184474667,-69.51507807355
0,3,61,793/3971,STABLE,NONZERO_FIXED_POINT,-1.1211227407673618,-7.370366934751473,-69.63714323746422,-70.33676993721053
0,3,62,589/3009,STABLE,NONZERO_FIXED_POINT,-1.125430217997355,-7.453927455601821,-70.49324094901499,-71.20154784196797
0,3,63,2331/12161,STABLE,NONZERO_FIXED_POINT,-1.130274069904786,-7.541996502147676,-71.3930008496971,-72.11042786465151
0,3,64,3/16,STABLE,NONZERO_FIXED_POINT,-1.135662602000073,-7.634686341643894,-72.33757314122333,-73.0645718691596
0,3,65,2275/12417,STABLE,NONZERO_FIXED_POINT,-1.1416058676983418,-7.732125310441376,-73.3282652522339,-74.06530053236116
0,3,66,561/3137,STABLE,NONZERO_FIXED_POINT,-1.148115809939771,-7.83445931838741,-74.36655683886039,-75.11410849630192
0,3,67,737/4227,STABLE,NONZERO_FIXED_POINT,-1.1552064284167223,-7.941853602552072,-75.45411724618953,-76.21268200615953
0,3,68,136/801,STABLE,NONZERO_FIXED_POINT,-1.1628939767336455,-8.054494774145496,-76.59282586550916,-77.36291947322314
0,3,69,2139/12953,STABLE,NONZERO_FIXED_POINT,-1.1711971948307234,-8.172593212479903,-77.7847959210435,-78.56695550199777
0,3,70,175/1091,STABLE,NONZERO_FIXED_POINT,-1.1801375832660632,-8.296385872411584,-79.03240234439582,-79.82718904629789
0,3,71,2059/13233,STABLE,NONZERO_FIXED_POINT,-1.1897397275531176,-8.42613958766966,-80.33831455297724,-81.1463165188573
0,3,72,63/418,STABLE,NONZERO_FIXED_POINT,-1.200031682797734,-8.56215497291214,-81.70553515095807,-82.5273708832795
0,3,73,657/4507,STABLE,NONZERO_FIXED_POINT,-1.2110454315195351,-8.70477105371291,-83.1374458322341,-83.9737680207453
0,3,74,481/3417,STABLE,NONZERO_FIXED_POINT,-1.222817430976555,-8.854370787993247,-84.63786210453151,-85.48936200695647
0,3,75,1875/13817,STABLE,NONZERO_FIXED_POINT,-1.2353892708219298,-9.011387687478148,-86.21109889990777,-87.07851138543509
0,3,76,38/291,STABLE,NONZERO_FIXED_POINT,-1.2488084679024558,-9.176313807540701,-87.8620497287271,-88.74615912109624
0,3,77,1771/14121,STABLE,NONZERO_FIXED_POINT,-1.2631294330255116,-9.34970945394116,-89.59628282758575,-90.49792971942196
0,3,78,429/3569,STABLE,NONZERO_FIXED_POINT,-1.2784146553893478,-9.532215063628783,-91.4201588273881,-92.34024808315894
0,3,79,553/4811,STABLE,NONZERO_FIXED_POINT,-1.2947361652873166,-9.724565865912211,-93.34097594421524,-94.28048616981312
0,3,80,25/228,STABLE,NONZERO_FIXED_POINT,-1.3121773564397792,-9.92761013771694,-95.36715074900377,-96.32714558733221
0,3,81,1539/14753,STABLE,NONZERO_FIXED_POINT,-1.3308352785726978,-10.142332159285672,-97.50844546913328,-98.49008719171547
0,3,82,123/1243,STABLE,NONZERO_FIXED_POINT,-1.3508235528036039,-10.369881396079649,-99.7762569271002,-100.7808229443024
0,3,83,1411/15081,STABLE,NONZERO_FIXED_POINT,-1.3722761235477456,-10.611610044147582,-102.18398827537101,-103.21289140156438
0,3,84,84/953,STABLE,NONZERO_FIXED_POINT,-1.395352151524099,-10.869121984885389,-104.74753368219538,-105.80234729677181
0,3,85,425/5139,STABLE,NONZERO_FIXED_POINT,-1.4202424903235826,-11.144337573925952,-107.48591977343199,-108.56840946106684
0,3,86,301/3897,STABLE,NONZERO_FIXED_POINT,-1.4471784031731936,-11.439580830603141,-110.42216883830224,-111.53433274850107
0,3,87,1131/15761,STABLE,NONZERO_FIXED_POINT,-1.4764435180282014,-11.757699009408178,-113.58448261522761,-114.72860377933796
0,3,88,11/166,STABLE,NONZERO_FIXED_POINT,-1.508390579995341,-12.102230143558629,-117.00790100004185,-118.1866164029237
0,3,89,979/16113,STABLE,NONZERO_FIXED_POINT,-1.5434655128203545,-12.477643678095077,-120.7366843390854,-121.95307805437739
0,3,90,225/4073,STABLE,NONZERO_FIXED_POINT,-1.5822429834881397,-12.889696133064831,-124.8278345188074,-126.08556641078209
0,3,91,273/5491,STABLE,NONZERO_FIXED_POINT,-1.625480771595253,-13.345974813460003,-129.35647771696722,-130.65996651363594
0,3,92,46/1041,STABLE,NONZERO_FIXED_POINT,-1.674206299186956,-13.856763122896247,-134.4244310296739,-135.77912392750287
0,3,93,651/16841,STABLE,NONZERO_FIXED_POINT,-1.7298612477421322,-14.436486747925805,-140.17451971658397,-141.58730660387232
0,3,94,47/1419,STABLE,NONZERO_FIXED_POINT,-1.7945584138522834,-15.106282228501257,-146.8160060679376,-148.29589060545936
0,3,95,475/17217,STABLE,NONZERO_FIXED_POINT,-1.8715748759154245,-15.89892863784987,-154.67341305376596,-156.23267692360776
0,3,96,3/136,STABLE,NONZERO_FIXED_POINT,-1.9664024919674632,-16.869352573031442,-164.29052374793082,-165.9469414015814
0,3,97,97/5867,STABLE,NONZERO_FIXED_POINT,-2.089338845845435,-18.120537628166872,-176.68688512972463,-178.4685294836747
0,3,98,49/4449,STABLE,NONZERO_FIXED_POINT,-2.263505440288567,-19.883706336438124,-194.15160932547636,-196.10967565119591
0,3,99,99/17993,STABLE,NONZERO_FIXED_POINT,-2.56268626717071,-22.896705882832386,-223.9893921797436,-226.24886056510212
0,3,100,0,STABLE,NONZERO_FIXED_POINT,,,,
0,4,1,99/16385,STABLE,NONZERO_FIXED_POINT,-2.7179826465835815,-22.684693726510083,-220.15889507626528,-222.37770632738614
0,4,2,49/4097,STABLE,NONZERO_FIXED_POINT,-2.4257200773666394,-19.721087533007918,-190.80310720229986,-192.72537708622448
0,4,3,3/169,STABLE,NONZERO_FIXED_POINT,-2.2584526962792784,-18.00792448974569,-173.82604953031267,-175.57681498020668
0,4,4,24/1025,STABLE,NONZERO_FIXED_POINT,-2.1423959846590415,-16.807348908452223,-161.92297241598706,-163.55348503966727
0,4,5,475/16409,STABLE,NONZERO_FIXED_POINT,-2.0544278261383404,-15.888129388791803,-152.80470636835122,-154.34309487373952
0,4,6,141/4105,STABLE,NONZERO_FIXED_POINT,-1.984249935744944,-15.147273102343235,-145.45164344555036,-146.9157374943504
0,4,7,651/16433,STABLE,NONZERO_FIXED_POINT,-1.9263696660466358,-14.529843847268182,-139.31993598190672,-140.7220718485881
0,4,8,23/514,STABLE,NONZERO_FIXED_POINT,-1.8775090601447264,-14.003052571697566,-134.08499275671136,-135.43422803968903
0,4,9,819/16465,STABLE,NONZERO_FIXED_POINT,-1.8355543529082254,-13.54575237973718,-129.5374795423254,-130.84075737561295
0,4,10,225/4121,STABLE,NONZERO_FIXED_POINT,-1.7990628032515446,-13.143506848106831,-125.53449542888404,-126.79731552529722
0,4,11,979/16505,STABLE,NONZERO_FIXED_POINT,-1.767005837329945,-12.786021452141526,-121.97414393296589,-123.20097676982908
0,4,12,66/1033,STABLE,NONZERO_FIXED_POINT,-1.7386244303280272,-12.465697377896099,-118.78121572991645,-119.97577211589419
0,4,13,1131/16553,STABLE,NONZERO_FIXED_POINT,-1.713342575290815,-12.176766204838046,-115.8986220061687,-117.064036116296
0,4,14,301/4145,STABLE,NONZERO_FIXED_POINT,-1.6907129123090163,-11.914746192235441,-113.28201168926495,-114.4209697285574
0,4,15,75/977,STABLE,NONZERO_FIXED_POINT,-1.670381162360778,-11.67608661225426,-110.89625034136643,-112.01108364169346
0,4,16,21/260,STABLE,NONZERO_FIXED_POINT,-1.6520620641439105,-11.457927113097853,-108.71303785118621,-109.8057919044231
0,4,17,1411/16673,STABLE,NONZERO_FIXED_POINT,-1.6355226198432664,-11.257930171628729,-106.70924971274962,-107.78173644916666
0,4,18,369/4177,STABLE,NONZERO_FIXED_POINT,-1.6205701380922797,-11.074161518056748,-104.86575322850666,-105.9195913376127
0,4,19,1539/16745,STABLE,NONZERO_FIXED_POINT,-1.6070435151170308,-10.905002942572445,-103.16654429454013,-104.20319082658455
0,4,20,100/1049,STABLE,NONZERO_FIXED_POINT,-1.594806755921276,-10.749087502504956,-101.5981059517537,-102.61888143994727
0,4,21,1659/16825,STABLE,NONZERO_FIXED_POINT,-1.5837440788681967,-10.605250563558343,-100.14892369516616,-101.1550323820378
0,4,22,429/4217,STABLE,NONZERO_FIXED_POINT,-1.5737561611849822,-10.47249225038334,-98.80911373630721,-99.80166004513734
0,4,23,1771/16913,STABLE,NONZERO_FIXED_POINT,-1.5647572207978406,-10.349948260557781,-97.57013406398562,-98.55013615166399
0,4,24,57/530,STABLE,NONZERO_FIXED_POINT,-1.5566727207706261,-10.236866904703923,-96.42455714439345,-97.39295815832173
0,4,25,1875/17009,STABLE,NONZERO_FIXED_POINT,-1.5494375437708872,-10.132590846978694,-95.36588915543234,-96.32356666451511
0,4,26,481/4265,STABLE,NONZERO_FIXED_POINT,-1.5429945259273659,-10.03654243957444,-94.38842480223076,-95.33619876136049
0,4,27,1971/17113,STABLE,NONZERO_FIXED_POINT,-1.537293268706465,-9.948211837503116,-93.48712965790708,-94.42576918397748
0,4,28,126/1073,STABLE,NONZERO_FIXED_POINT,-1.5322891681763502,-9.867147287348743,-92.65754402702021,-93.58777320386858
0,4,29,2059/17225,STABLE,NONZERO_FIXED_POINT,-1.5279426159409741,-9.792947132808926,-91.89570380558945,-92.81820668955112
0,4,30,525/4321,STABLE,NONZERO_FIXED_POINT,-1.5242183368922042,-9.725253188505718,-91.19807488730288,-92.11349985020809
0,4,31,2139/17345,STABLE,NONZERO_FIXED_POINT,-1.5210848369424106,-9.66374521368762,-90.5614984589327,-91.47046197853922
0,4,32,1/8,STABLE,NONZERO_FIXED_POINT,-1.5185139398778875,-9.608136277224965,-89.98314511980534,-90.88623510679729
0,4,33,2211/17473,STABLE,NONZERO_FIXED_POINT,-1.5031164354219229,-9.54480488880695,-89.44711224475259,-90.34489097908533
0,4,34,561/4385,STABLE,NONZERO_FIXED_POINT,-1.4886326177684497,-9.487282559297178,-88.96488210335082,-89.85788883979671
0,4,35,2275/17609,STABLE,NONZERO_FIXED_POINT,-1.4750190166081847,-9.43533799968828,-88.53438102933899,-89.42313432180242
0,4,36,144/1105,STABLE,NONZERO_FIXED_POINT,-1.4622361935288106,-9.388762757343748,-88.15374370518308,-89.03874349110899
0,4,37,2331/17753,STABLE,NONZERO_FIXED_POINT,-1.4502483226419365,-9.347368948555015,-87.82129262919591,-88.70302210874848
0,4,38,589/4457,STABLE,NONZERO_FIXED_POINT,-1.4390228290835,-9.310987312555419,-87.5355205106664,-88.41444784996548
0,4,39,2379/17905,STABLE,NONZERO_FIXED_POINT,-1.4285300765382516,-9.279465538619966,-87.29507515378481,-88.17165503709549
0,4,40,75/562,STABLE,NONZERO_FIXED_POINT,-1.4187430965276366,-9.25266682665378,-87.0987464709743,-87.97342152315161
0,4,41,2419/18065,STABLE,NONZERO_FIXED_POINT,-1.4096373534778053,-9.230468648736917,-86.94545533053878,-87.81865742808088
0,4,42,609/4537,STABLE,NONZERO_FIXED_POINT,-1.4011905406182965,-9.21276168482548,-86.83424399573357,-87.70639548236676
0,4,43,2451/18233,STABLE,NONZERO_FIXED_POINT,-1.3933824026045372,-9.199448910494496,-86.76426795505358,-87.63578277577261
0,4,44,154/1145,STABLE,NONZERO_FIXED_POINT,-1.386194581448506,-9.190444818468983,-86.73478897874062,-87.60607374458007
0,4,45,2475/18409,STABLE,NONZERO_FIXED_POINT,-1.379610482913101,-9.185674758898841,-86.74516926581259,-87.61662426026601
0,4,46,621/4625,STABLE,NONZERO_FIXED_POINT,-1.3736151610013323,-9.185074386026209,-86.79486657053371,-87.66688670743218
0,4,47,2491/18593,STABLE,NONZERO_FIXED_POINT,-1.3681952185706727,-9.188589201179155,-86.88343021818798,-87.75640595994616
0,4,48,39/292,STABLE,NONZERO_FIXED_POINT,-1.3633387224412887,-9.19617418398908,-87.01049793804796,-87.88481618246988
0,4,49,147/1105,STABLE,NONZERO_FIXED_POINT,-1.3590351316567144,-9.207793505441956,-87.17579345721958,-88.05183840049258
0,4,50,625/4721,STABLE,NONZERO_FIXED_POINT,-1.3552752378068433,-9.223420317893783,-87.37912481311139,-88.25727879619853
0,4,51,2499/18985,STABLE,NONZERO_FIXED_POINT,-1.3520511165445974,-9.243036618557625,-87.62038335508123,-88.50102770043054
0,4,52,156/1193,STABLE,NONZERO_FIXED_POINT,-1.3493560896258536,-9.266633184246537,-87.89954341775965,-88.78305926307553
0,4,53,2491/19193,STABLE,NONZERO_FIXED_POINT,-1.3471846969835468,-9.294209576371202,-88.21666265997902,-89.10343179574579
0,4,54,621/4825,STABLE,NONZERO_FIXED_POINT,-1.3455326785167259,-9.325774216379564,-88.57188307450372,-89.46228879200692
0,4,55,2475/19409,STABLE,NONZERO_FIXED_POINT,-1.344396965438321,-9.361344533022347,-88.96543268516956,-89.85986064193185
0,4,56,77/610,STABLE,NONZERO_FIXED_POINT,-1.3437756811865462,-9.400947184067633,-89.39762795994858,-90.29646706978687
0,4,57,2451/19633,STABLE,NONZERO_FIXED_POINT,-1.3436681520687657,-9.444618356407616,-89.86887698120097,-90.77252033653292
0,4,58,609/4937,STABLE,NONZERO_FIXED_POINT,-1.3440749279781414,-9.49240414994069,-90.37968342836757,-91.28852926295423
0,4,59,2419/19865,STABLE,NONZERO_FIXED_POINT,-1.3449978137078098,-9.54436105221972,-90.93065144403278,-91.8451041450623
0,4,60,150/1249,STABLE,NONZERO_FIXED_POINT,-1.3464399115907355,-9.600556512685635,-91.52249147219015,-92.4429626515086
0,4,61,2379/20105,STABLE,NONZERO_FIXED_POINT,-1.3484056764227468,-9.661069627420993,-92.15602717830802,-93.0829368137097
0,4,62,589/5057,STABLE,NONZERO_FIXED_POINT,-1.3509009838898187,-9.725991947839262,-92.83220358520163,-93.76598124404705
0,4,63,2331/20353,STABLE,NONZERO_FIXED_POINT,-1.3539332140288511,-9.795428429671581,-93.55209658775505,-94.4931827468335
0,4,64,9/80,STABLE,NONZERO_FIXED_POINT,-1.3575113516164294,-9.86949854214809,-94.31692404441353,-95.26577152196614
0,4,65,2275/20609,STABLE,NONZERO_FIXED_POINT,-1.361646105818643,-9.948337561552371,-95.1280586856559,-96.08513420390346
0,4,66,33/305,STABLE,NONZERO_FIXED_POINT,-1.3663500519670846,-10.032098078557837,-95.98704313134493,-96.95282903081386
0,4,67,2211/20873,STABLE,NONZERO_FIXED_POINT,-1.3716377989781492,-10.12095175519513,-96.89560737253339,-97.87060350306479
0,4,68,136/1313,STABLE,NONZERO_FIXED_POINT,-1.377526186738887,-10.215091375289958,-97.8556891523395,-98.84041497005876
0,4,69,2139/21145,STABLE,NONZERO_FIXED_POINT,-1.3840345187878107,-10.314733242200674,-98.86945777934221,-99.86445468425359
0,4,70,525/5321,STABLE,NONZERO_FIXED_POINT,-1.3911848368827826,-10.420119990267139,-99.93934203145875,-100.94517598697752
0,4,71,2059/21425,STABLE,NONZERO_FIXED_POINT,-1.3990022456502835,-10.531523892354656,-101.06806296634227,-102.08532745031948
0,4,72,63/674,STABLE,NONZERO_FIXED_POINT,-1.4075152975580183,-10.649250766311283,-102.25867265659835,-103.28799200368007
0,4,73,1971/21713,STABLE,NONZERO_FIXED_POINT,-1.4167564510932404,-10.773644609521284,-103.51460012908649,-104.55663333717138
0,4,74,481/5465,STABLE,NONZERO_FIXED_POINT,-1.4267626184635134,-10.905093125047692,-104.8397061272126,-105.89515121712452
0,4,75,1875/22009,STABLE,NONZERO_FIXED_POINT,-1.437575823646629,-11.044034347924963,-106.23834876126085,-107.30794779961286
0,4,76,114/1385,STABLE,NONZERO_FIXED_POINT,-1.4492439975973532,-11.190964639946635,-107.71546270364556,-108.80000762570958
0,4,77,1771/22313,STABLE,NONZERO_FIXED_POINT,-1.4618219454357053,-11.346448401436916,-109.2766553793673,-110.37699478361367
0,4,78,429/5617,STABLE,NONZERO_FIXED_POINT,-1.47537253130983,-11.511129957157763,-110.92832467769557,-112.04537180938695
0,4,79,1659/22625,STABLE,NONZERO_FIXED_POINT,-1.489968141542331,-11.685748222641436,-112.67780418754887,-113.81254638940169
0,4,80,25/356,STABLE,NONZERO_FIXED_POINT,-1.5056925074122,-11.871154964652462,-114.53354401242768,-115.68705400172854
0,4,81,1539/22945,STABLE,NONZERO_FIXED_POINT,-1.522642998189733,-12.068337762120585,-116.50533811784976,-117.67878756004899
0,4,82,369/5777,STABLE,NONZERO_FIXED_POINT,-1.5409335369837098,-12.278449193290172,-118.60461331631979,-119.79928931770218
0,4,83,83/1369,STABLE,NONZERO_FIXED_POINT,-1.5606983531122722,-12.502844386340229,-120.84480104879489,-122.0621264045528
0,4,84,84/1465,STABLE,NONZERO_FIXED_POINT,-1.5820968755758997,-12.74312997938695,-123.24182211730098,-124.48338045592925
0,4,85,1275/23609,STABLE,NONZERO_FIXED_POINT,-1.6053202100936446,-13.001228914597796,-125.81472817363607,-127.08229558104091
0,4,86,301/5945,STABLE,NONZERO_FIXED_POINT,-1.6305998563352144,-13.279467632851137,-128.58656497196836,-129.8821503353292
0,4,87,1131/23953,STABLE,NONZERO_FIXED_POINT,-1.6582196634800557,-13.58069565035104,-131.58555620138463,-132.91145351094684
0,4,88,33/754,STABLE,NONZERO_FIXED_POINT,-1.688532583105398,-13.908453107308944,-134.84676224058686,-136.20561964657875
0,4,89,979/24305,STABLE,NONZERO_FIXED_POINT,-1.7219847311357537,-14.267211406099996,-138.41446249716063,-139.80937543076806
0,4,90,225/6121,STABLE,NONZERO_FIXED_POINT,-1.7591509529013294,-14.662728879446362,-142.34567654296276,-143.7803164043506
0,4,91,819/24665,STABLE,NONZERO_FIXED_POINT,-1.8007891929643733,-15.10259450528882,-146.7155469106478,-148.1943441286856
0,4,92,46/1553,STABLE,NONZERO_FIXED_POINT,-1.847927025404978,-15.597093225327257,-151.62590576550886,-153.15431938955587
0,4,93,651/25033,STABLE,NONZERO_FIXED_POINT,-1.9020062712490677,-16.1606521341187,-157.21959219489423,-158.8045241056895
0,4,94,141/6305,STABLE,NONZERO_FIXED_POINT,-1.9651398545842493,-16.81440905424499,-163.70588111882608,-165.35634709707983
0,4,95,475/25409,STABLE,NONZERO_FIXED_POINT,-2.04060496968383,-17.59114422080595,-171.40930698211014,-173.1376009457203
0,4,96,3/200,STABLE,NONZERO_FIXED_POINT,-2.1338935792612266,-18.54578527650753,-180.87366322055192,-182.69757196149624
0,4,97,291/25793,STABLE,NONZERO_FIXED_POINT,-2.2553033610486644,-19.781316749329378,-193.11850610397454,-195.06611497312787
0,4,98,49/6497,STABLE,NONZERO_FIXED_POINT,-2.427955901305891,-21.528961998869775,-210.43295601844986,-212.5554728051867
0,4,99,99/26185,STABLE,NONZERO_FIXED_POINT,-2.7256352654521123,-24.526568933338858,-240.12171607729485,-242.5441334609348
0,4,100,0,STABLE,NONZERO_FIXED_POINT,,,,
1,-4,1,33/43,STABLE,NONZERO_FIXED_POINT,-0.0983629067158649,-0.8556305790328622,-11.118215339125015,-11.233169854823558
1,-4,2,49/33,UNSTABLE,SINGULAR_BOUNDARY_LIMIT,0.17628057581309875,0.4128481091146483,0.4042197219509376,0.404219721950966
1,-4,3,291/137,UNSTABLE,SINGULAR_BOUNDARY_LIMIT,0.12099501790729406,0.29525510027675494,0.295011840183804,0.295011840183804
1,-4,4,8/3,UNSTABLE,SINGULAR_BOUNDARY_LIMIT,0.07966051166393218,0.2265890172474272,0.2265633815921433,0.2265633815921433
1,-4,5,475/153,UNSTABLE,SINGULAR_BOUNDARY_LIMIT,0.06348538812229876,0.19548104453127024,0.19547528762637967,0.19547528762637967
1,-4,6,141/41,UNSTABLE,SINGULAR_BOUNDARY_LIMIT,0.05657900826225237,0.18027063510452734,0.18026850829710384,0.18026850829710384
1,-4,7,217/59,UNSTABLE,SINGULAR_BOUNDARY_LIMIT,0.05400713081409236,0.1733979445545515,0.1733968288237122,0.17339682882374063
1,-4,8,23/6,UNSTABLE,SINGULAR_BOUNDARY_LIMIT,0.05381699914075355,0.17152125677155539,0.17152050032089505,0.17152050032089505
1,-4,9,819/209,UNSTABLE,SINGULAR_BOUNDARY_LIMIT,0.05510926696592122,0.17293539153114068,0.17293477031182647,0.17293477031182647
1,-4,10,75/19,UNSTABLE,SINGULAR_BOUNDARY_LIMIT,0.05742664894586902,0.1766831280210326,0.1766825382238153,0.17668253822378688
1,-4,11,979/249,UNSTABLE,SINGULAR_BOUNDARY_LIMIT,0.060521493774288615,0.1821902538424922,0.18218962841001485,0.18218962841001485
1,-4,12,66/17,UNSTABLE,SINGULAR_BOUNDARY_LIMIT,0.06425540034062216,0.18909614423364474,0.18909542243960686,0.18909542243960686
1,-4,13,377/99,UNSTABLE,SINGULAR_BOUNDARY_LIMIT,0.06855155924748679,0.19716765839184092,0.19716676953692058,0.19716676953692058
1,-4,14,301/81,UNSTABLE,SINGULAR_BOUNDARY_LIMIT,0.07337044200015796,0.20625223743819987,0.20625108700323835,0.20625108700323835
1,-4,15,1275/353,UNSTABLE,SINGULAR_BOUNDARY_LIMIT,0.0786967188651797,0.2162509457229973,0.21624939890000405,0.21624939890000405
1,-4,16,7/2,UNSTABLE,SINGULAR_BOUNDARY_LIMIT,0.08453196443172573,0.22710233047774153,0.22710018934374432,0.22710018934374432
1,-4,17,1411/417,UNSTABLE,SINGULAR_BOUNDARY_LIMIT,0.09089053740349584,0.23877248310596855,0.23876945323155496,0.23876945323149812
1,-4,18,369/113,UNSTABLE,SINGULAR_BOUNDARY_LIMIT,0.09779731086801746,0.2512488401208941,0.2512444808884311,0.2512444808884311
1,-4,19,513/163,UNSTABLE,SINGULAR_BOUNDARY_LIMIT,0.10528655670206533,0.2645363563440313,0.2645300067080143,0.2645300067080143
1,-4,20,100/33,UNSTABLE,SINGULAR_BOUNDARY_LIMIT,0.11340161185578879,0.27865527042585114,0.2786459379811106,0.2786459379811106
1,-4,21,1659/569,UNSTABLE,SINGULAR_BOUNDARY_LIMIT,0.12219513266258986,0.29364001566624864,0.2936262111610404,0.2936262111610404
1,-4,22,143/51,UNSTABLE,SINGULAR_BOUNDARY_LIMIT,0.13172984978180935,0.3095390300239629,0.309518521033624,0.309518521033624
1,-4,23,1771/657,UNSTABLE,SINGULAR_BOUNDARY_LIMIT,0.1420798077697647,0.3264153512213994,0.3263847963670514,0.3263847963670514
1,-4,24,57/22,UNSTABLE,SINGULAR_BOUNDARY_LIMIT,0.15333212978448785,0.34434798099203334,0.34430238807260594,0.34430238807263436
1,-4,25,625/251,UNSTABLE,SINGULAR_BOUNDARY_LIMIT,0.16558940241989717,0.3634340885795524,0.36336601369129085,0.36336601369129085
1,-4,26,481/201,UNSTABLE,SINGULAR_BOUNDARY_LIMIT,0.1789728385592504,0.38379221394810514,0.38369058032532166,0.3836905803252648
1,-4,27,1971/857,UNSTABLE,SINGULAR_BOUNDARY_LIMIT,0.19362645868531558,0.40556674165109285,0.405415101059873,0.405415101059873
1,-4,28,42/19,UNSTABLE,SINGULAR_BOUNDARY_LIMIT,0.20972264853478073,0.42893406650722454,0.42870804448412514,0.4287080444840967
1,-4,29,2059/969,UNSTABLE,SINGULAR_BOUNDARY_LIMIT,0.22745169907819118,0.4540931628171876,0.45375670996406825,0.4537567099641251
1,-4,30,525/257,UNSTABLE,SINGULAR_BOUNDARY_LIMIT,0.2355452401234608,0.46979063287984957,0.46929053013099065,0.4692905301309338
1,-4,31,713/363,UNSTABLE,SINGULAR_BOUNDARY_LIMIT,0.24604869924162998,0.48809561518900324,0.48735342494831,0.48735342494831
1,-4,32,17/9,UNSTABLE,SINGULAR_BOUNDARY_LIMIT,0.25935946148838696,0.5094416003308666,0.5083418773078563,0.5083418773078563
1,-4,33,2211/1217,UNSTABLE,SINGULAR_BOUNDARY_LIMIT,0.2759828426948694,0.5343878258083166,0.5327608387293594,0.5327608387293026
1,-4,34,187/107,UNSTABLE,SINGULAR_BOUNDARY_LIMIT,0.2965765318620317,0.5636717486754108,0.5612681174838485,0.5612681174838485
1,-4,35,2275/1353,UNSTABLE,SINGULAR_BOUNDARY_LIMIT,0.3220196507747506,0.5982900348577687,0.5947433947774243,0.5947433947774243
1,-4,36,144/89,UNSTABLE,SINGULAR_BOUNDARY_LIMIT,0.35352512839001626,0.6396287776042158,0.6344005646269295,0.6344005646269295
1,-4,37,777/499,UNSTABLE,SINGULAR_BOUNDARY_LIMIT,0.3928329986512935,0.6896837850757009,0.6819810045816439,0.6819810045817007
1,-4,38,589/393,UNSTABLE,SINGULAR_BOUNDARY_LIMIT,0.4425667813127987,0.751458465869149,0.7401099357051635,0.7401099357051635
1,-4,39,2379/1649,UNSTABLE,SINGULAR_BOUNDARY_LIMIT,0.5069525280436231,0.8297482277521624,0.8130154531721132,0.8130154531721132
1,-4,40,25/18,UNSTABLE,SINGULAR_BOUNDARY_LIMIT,0.593459819566045,0.9328878324589276,0.9081695125211979,0.9081695125211979
1,-4,41,2419/1809,UNSTABLE,SINGULAR_BOUNDARY_LIMIT,0.7172907300217801,1.0774214986900361,1.0407768872059364,1.0407768872062775
1,-4,42,609/473,UNSTABLE,SINGULAR_BOUNDARY_LIMIT,0.917997883203693,1.305049188568546,1.2503932216490625,1.2503932216646376
1,-4,43,817/659,UNSTABLE,SINGULAR_BOUNDARY_LIMIT,1.3826978766011635,1.8064873123284997,1.7241384551201122,1.724138455788534
1,-4,44,154/129,UNSTABLE,SINGULAR_BOUNDARY_LIMIT,1.3270448400906787,1.8038779279886583,1.6776703698703557,1.6776703985064785
1,-4,45,2475/2153,UNSTABLE,SINGULAR_BOUNDARY_LIMIT,0.8367395682987375,1.3960769780703615,1.1966931485746386,1.196694374172239
1,-4,46,207/187,UNSTABLE,SINGULAR_BOUNDARY_LIMIT,0.5932375554679972,1.2974909041231228,0.9626409607199662,0.9626934623570946
1,-4,47,2491/2337,UNSTABLE,SINGULAR_BOUNDARY_LIMIT,0.4240942373319676,1.4701641388092028,0.8019925176543552,0.8042479240895659
1,-4,48,39/38,UNSTABLE,SINGULAR_BOUNDARY_LIMIT,0.2913612516771522,1.5149436138665564,0.6334887345105642,0.7311436409631256
1,-4,49,833/843,STABLE,NONZERO_FIXED_POINT,0.18025365365602042,0.7493779575755966,-0.18783139315831932,-0.012514565396315902
1,-4,50,625/657,STABLE,NONZERO_FIXED_POINT,0.08344499103904113,0.3305915385320759,-1.8291148133457114,-1.846738930030881
1,-4,51,2499/2729,STABLE,NONZERO_FIXED_POINT,-0.003239058115141802,0.0026330621274937016,-3.5423158457163595,-3.580461530144248
1,-4,52,52/59,STABLE,NONZERO_FIXED_POINT,-0.0824079697146658,-0.282670762453769,-5.255676192953388,-5.310522822520909
1,-4,53,2491/2937,STABLE,NONZERO_FIXED_POINT,-0.15580561075140764,-0.543737961785304,-6.970056478700599,-7.04158665302748
1,-4,54,621/761,STABLE,NONZERO_FIXED_POINT,-0.22465809712921825,-0.7897123752644006,-8.687732547725602,-8.776025603358846
1,-4,55,825/1051,STABLE,NONZERO_FIXED_POINT,-0.289862966624419,-1.0258236863391659,-10.410740441254461,-10.515889208712565
1,-4,56,77/102,STABLE,NONZERO_FIXED_POINT,-0.3520993417891489,-1.2553425697044034,-12.140948423665861,-12.263057870254897
1,-4,57,2451/3377,STABLE,NONZERO_FIXED_POINT,-0.4118956728859011,-1.480447549562939,-13.880128880771053,-14.019316630154378
1,-4,58,203/291,STABLE,NONZERO_FIXED_POINT,-0.46967329420315274,-1.7026629837615985,-15.630007668132663,-15.786404619205342
1,-4,59,2419/3609,STABLE,NONZERO_FIXED_POINT,-0.5257754955624208,-1.9231019566526797,-17.392299761846743,-17.566050775544397
1,-4,60,150/233,STABLE,NONZERO_FIXED_POINT,-0.5804875577002342,-2.14261054039401,-19.16873673326546,-19.36000139523577
1,-4,61,793/1283,STABLE,NONZERO_FIXED_POINT,-0.6340509536318351,-2.3618580106134246,-20.961089363332974,-21.170042832390266
1,-4,62,589/993,STABLE,NONZERO_FIXED_POINT,-0.6866736722940061,-2.5813955565414943,-22.771187490917043,-22.998021444625294
1,-4,63,2331/4097,STABLE,NONZERO_FIXED_POINT,-0.7385379007069588,-2.801695741603865,-24.600938498060714,-24.8458621884933
1,-4,64,6/11,STABLE,NONZERO_FIXED_POINT,-0.7898058696318815,-3.0231797899401798,-26.452345438160762,-26.715586872935347
1,-4,65,2275/4353,STABLE,NONZERO_FIXED_POINT,-0.840624401349146,-3.246236989814136,-28.327525588375693,-28.6093328545399
1,-4,66,561/1121,STABLE,NONZERO_FIXED_POINT,-0.8911285292873341,-3.471238923991372,-30.22873008961301,-30.52937284095185
1,-4,67,737/1539,STABLE,NONZERO_FIXED_POINT,-0.9202075906361742,-3.677313439156819,-32.1371284316499,-32.45689956362236
1,-4,68,136/297,STABLE,NONZERO_FIXED_POINT,-0.9348434222695481,-3.871688990400166,-34.062167848135516,-34.40138538908249
1,-4,69,2139/4889,STABLE,NONZERO_FIXED_POINT,-0.949912441957462,-4.069501832887433,-36.02139993547854,-36.3804091881708
1,-4,70,175/419,STABLE,NONZERO_FIXED_POINT,-0.9654416984247316,-4.271056635085401,-38.017765234227596,-38.39694120850757
1,-4,71,2059/5169,STABLE,NONZERO_FIXED_POINT,-0.9814611277049892,-4.4766831169320085,-40.05447882169449,-40.45422900724418
1,-4,72,63/166,STABLE,NONZERO_FIXED_POINT,-0.9980039461894039,-4.686740934436052,-42.13506985752721,-42.555837396113674
1,-4,73,657/1819,STABLE,NONZERO_FIXED_POINT,-1.0151071164240033,-4.901624998542303,-44.26342828771544,-44.70569561721919
1,-4,74,481/1401,STABLE,NONZERO_FIXED_POINT,-1.0328119020013542,-5.1217714844041,-46.443860328819085,-46.90815338773109
1,-4,75,1875/5753,STABLE,NONZERO_FIXED_POINT,-1.0511645324003247,-5.347664803005635,-48.681154800165814,-49.16804790212751
1,-4,76,38/123,STABLE,NONZERO_FIXED_POINT,-1.0702170046070147,-5.579845846830388,-50.98066296342131,-51.49078447824391
1,-4,77,1771/6057,STABLE,NONZERO_FIXED_POINT,-1.0900280563651918,-5.8189218876945645,-53.348395322177055,-53.88243433465027
1,-4,78,429/1553,STABLE,NONZERO_FIXED_POINT,-1.11066435677143,-6.065578604124212,-55.79113990977987,-56.34985407332363
1,-4,79,553/2123,STABLE,NONZERO_FIXED_POINT,-1.132201974844456,-6.320594858355264,-58.316608069934205,-58.90083293279548
1,-4,80,25/102,STABLE,NONZERO_FIXED_POINT,-1.1547282074401561,-6.584861046045901,-60.93361578785388,-61.54427595094376
1,-4,81,1539/6689,STABLE,NONZERO_FIXED_POINT,-1.178343877147583,-6.859402131422257,-63.65231152670697,-64.2904341028281
1,-4,82,123/571,STABLE,NONZERO_FIXED_POINT,-1.2031662527420934,-7.145406897933135,-66.48446567606206,-67.15119667286851
1,-4,83,1411/7017,STABLE,NONZERO_FIXED_POINT,-1.2293328059226845,-7.444265554606972,-69.44384277286008,-70.1404672356345
1,-4,84,84/449,STABLE,NONZERO_FIXED_POINT,-1.2570061089265963,-7.757618746017869,-72.5466866510269,-73.27465370596835
1,-4,85,425/2451,STABLE,NONZERO_FIXED_POINT,-1.2863803154959825,-8.08742239194769,-75.81236232602566,-76.57331670722743
1,-4,86,301/1881,STABLE,NONZERO_FIXED_POINT,-1.3176898818420106,-8.436034924107105,-79.26421962342897,-80.06004192338548
1,-4,87,1131/7697,STABLE,NONZERO_FIXED_POINT,-1.3512215257493985,-8.80633690196587,-82.93077736875364,-83.76363625038772
1,-4,88,11/82,STABLE,NONZERO_FIXED_POINT,-1.3873309828345537,-9.201898598252413,-86.84738248186788,-87.7198036490934
1,-4,89,979/8049,STABLE,NONZERO_FIXED_POINT,-1.4264670717000971,-9.627220671849713,-91.05859263942824,-91.97355187501671
1,-4,90,225/2057,STABLE,NONZERO_FIXED_POINT,-1.4692072620429926,-10.088089868874007,-95.62169771786424,-96.58274949144757
1,-4,91,273/2803,STABLE,NONZERO_FIXED_POINT,-1.5163120473843428,-10.592122768774168,-100.61210288283462,-101.6235633335541
1,-4,92,46/537,STABLE,NONZERO_FIXED_POINT,-1.5688114781208444,-11.149631132570754,-106.13189554017725,-107.19911199419528
1,-4,93,651/8777,STABLE,NONZERO_FIXED_POINT,-1.6281497815885722,-11.775068120236249,-112.3241628914052,-113.45392800119362
1,-4,94,47/747,STABLE,NONZERO_FIXED_POINT,-1.6964422206921386,-12.489596892823236,-119.39842109811516,-120.59964384199486
1,-4,95,475/9153,STABLE,NONZERO_FIXED_POINT,-1.776968263426518,-13.326022322679023,-127.67943921629012,-128.9643090690273
1,-4,96,3/73,STABLE,NONZERO_FIXED_POINT,-1.8752220834201636,-14.339296013089639,-137.71123889376025,-139.09744049916105
1,-4,97,97/3179,STABLE,NONZERO_FIXED_POINT,-2.0015035086994954,-15.63242579940431,-150.51359843412334,-152.02911722777182
1,-4,98,49/2433,STABLE,NONZERO_FIXED_POINT,-2.178936217286065,-17.436657717799577,-168.37585429010468,-170.07180031900702
1,-4,99,99/9929,STABLE,NONZERO_FIXED_POINT,-2.481306309824996,-20.489861743710826,-198.60291987644317,-200.6041901925413
1,-4,100,0,STABLE,NONZERO_FIXED_POINT,,,,
1,-3,1,99/257,STABLE,NONZERO_FIXED_POINT,-0.9113140121703465,-4.499278986631872,-41.371825676877535,-41.786123605611294
1,-3,2,49/65,STABLE,NONZERO_FIXED_POINT,-0.14446408232561936,-0.9820943741336805,-11.929995155990014,-12.052712432603812
1,-3,3,291/265,UNSTABLE,SINGULAR_BOUNDARY_LIMIT,0.6732402075200579,1.1860522375791405,0.9608456728440729,0.960926648998452
1,-3,4,24/17,UNSTABLE,SINGULAR_BOUNDARY_LIMIT,0.22024948295646052,0.4761440379930235,0.461422269726512,0.461422269726512
1,-3,5,475/281,UNSTABLE,SINGULAR_BOUNDARY_LIMIT,0.14877120116085862,0.3637633153202202,0.36132325242897423,0.36132325242897423
1,-3,6,141/73,UNSTABLE,SINGULAR_BOUNDARY_LIMIT,0.13481067741538588,0.32949683114884465,0.32884256281437274,0.32884256281437274
1,-3,7,651/305,UNSTABLE,SINGULAR_BOUNDARY_LIMIT,0.13617850139348953,0.31824139718872857,0.31799575489435483,0.31799575489435483
1,-3,8,23/10,UNSTABLE,SINGULAR_BOUNDARY_LIMIT,0.12160452633851548,0.29554265883935216,0.2954239694975911,0.2954239694975911
1,-3,9,819/337,UNSTABLE,SINGULAR_BOUNDARY_LIMIT,0.11356285094827001,0.2824228360871146,0.28235307371943463,0.28235307371943463
1,-3,10,225/89,UNSTABLE,SINGULAR_BOUNDARY_LIMIT,0.10953383479772683,0.2755181753360674,0.27547026382953277,0.27547026382953277
1,-3,11,979/377,UNSTABLE,SINGULAR_BOUNDARY_LIMIT,0.10818398035601362,0.27295074407940234,0.27291343771764787,0.27291343771764787
1,-3,12,66/25,UNSTABLE,SINGULAR_BOUNDARY_LIMIT,0.10875524840095352,0.27359074785030657,0.2735585704449477,0.2735585704449761
1,-3,13,1131/425,UNSTABLE,SINGULAR_BOUNDARY_LIMIT,0.11079539038446384,0.2767221697659963,0.27669198588745303,0.2766919858873962
1,-3,14,301/113,UNSTABLE,SINGULAR_BOUNDARY_LIMIT,0.11402682967646172,0.2818747965296424,0.28184445288871984,0.28184445288871984
1,-3,15,1275/481,UNSTABLE,SINGULAR_BOUNDARY_LIMIT,0.11827808980535082,0.28873318455073615,0.28870088085710677,0.28870088085710677
1,-3,16,21/8,UNSTABLE,SINGULAR_BOUNDARY_LIMIT,0.12344587630303483,0.2970844010379565,0.29704833495500793,0.29704833495500793
1,-3,17,1411/545,UNSTABLE,SINGULAR_BOUNDARY_LIMIT,0.12947322588838261,0.3067866928599443,0.3067448007701614,0.3067448007701614
1,-3,18,369/145,UNSTABLE,SINGULAR_BOUNDARY_LIMIT,0.13633658154556727,0.317750122360664,0.3176998323224325,0.3176998323224325
1,-3,19,1539/617,UNSTABLE,SINGULAR_BOUNDARY_LIMIT,0.1440381031440765,0.32992441336649136,0.329862359003414,0.329862359003414
1,-3,20,100/41,UNSTABLE,SINGULAR_BOUNDARY_LIMIT,0.15260122805275245,0.3432913742054353,0.34321302586636193,0.34321302586636193
1,-3,21,1659/697,UNSTABLE,SINGULAR_BOUNDARY_LIMIT,0.16206838863149642,0.3578604020565521,0.3577595667433684,0.35775956674331155
1,-3,22,429/185,UNSTABLE,SINGULAR_BOUNDARY_LIMIT,0.17250028950626373,0.3736662193898823,0.37353434724934687,0.37353434724934687
1,-3,23,1771/785,UNSTABLE,SINGULAR_BOUNDARY_LIMIT,0.18397644458250895,0.39076838773256384,0.390593600262946,0.390593600262946
1,-3,24,57/26,UNSTABLE,SINGULAR_BOUNDARY_LIMIT,0.19659687221311906,0.40925241023182934,0.4090181315868904,0.4090181315868904
1,-3,25,1875/881,UNSTABLE,SINGULAR_BOUNDARY_LIMIT,0.21048500308722495,0.4292324428376517,0.4289154667064281,0.42891546670648495
1,-3,26,481/233,UNSTABLE,SINGULAR_BOUNDARY_LIMIT,0.2172842757237703,0.4423481003090117,0.4419158546095332,0.4419158546095332
1,-3,27,1971/985,UNSTABLE,SINGULAR_BOUNDARY_LIMIT,0.22512109848612383,0.4567280946164445,0.4561347654586143,0.4561347654586143
1,-3,28,126/65,UNSTABLE,SINGULAR_BOUNDARY_LIMIT,0.23471520540019242,0.47310184741930783,0.4722828788668494,0.47228287886682097
1,-3,29,2059/1097,UNSTABLE,SINGULAR_BOUNDARY_LIMIT,0.24638114139829526,0.49180299915234826,0.49066727599353044,0.4906672759935873
1,-3,30,525/289,UNSTABLE,SINGULAR_BOUNDARY_LIMIT,0.2604995693798635,0.5132437947218236,0.5116625112167412,0.5116625112167412
1,-3,31,2139/1217,UNSTABLE,SINGULAR_BOUNDARY_LIMIT,0.27754277413805895,0.5379451544472644,0.5357359259513146,0.5357359259513714
1,-3,32,17/10,UNSTABLE,SINGULAR_BOUNDARY_LIMIT,0.29811205048040357,0.5665807697663752,0.5634848824880407,0.5634848824880407
1,-3,33,2211/1345,UNSTABLE,SINGULAR_BOUNDARY_LIMIT,0.3229946623125244,0.6000438998536595,0.5956935973940176,0.5956935973940176
1,-3,34,561/353,UNSTABLE,SINGULAR_BOUNDARY_LIMIT,0.3532544870087637,0.6395525095384258,0.6334236832325928,0.6334236832325928
1,-3,35,2275/1481,UNSTABLE,SINGULAR_BOUNDARY_LIMIT,0.3903838885531741,0.6868227033378886,0.6781659377618325,0.6781659377618894
1,-3,36,144/97,UNSTABLE,SINGULAR_BOUNDARY_LIMIT,0.4365747445743562,0.744372314428432,0.7321113023600958,0.7321113023600958
1,-3,37,2331/1625,UNSTABLE,SINGULAR_BOUNDARY_LIMIT,0.49524254871125706,0.8160952516515252,0.7986749084619191,0.798674908461976
1,-3,38,589/425,UNSTABLE,SINGULAR_BOUNDARY_LIMIT,0.5721543570579719,0.9084693018671786,0.8836239786607507,0.8836239786606939
1,-3,39,2379/1777,UNSTABLE,SINGULAR_BOUNDARY_LIMIT,0.6782539328916499,1.0335133661195144,0.9979029350234896,0.9979029350238307
1,-3,40,75/58,UNSTABLE,SINGULAR_BOUNDARY_LIMIT,0.8386319977650252,1.2179882228139576,1.1666036213824214,1.1666036213923974
1,-3,41,2419/1937,UNSTABLE,SINGULAR_BOUNDARY_LIMIT,1.1372947272951706,1.5485972074097774,1.4737337767508052,1.4737337770697536
1,-3,42,609/505,UNSTABLE,SINGULAR_BOUNDARY_LIMIT,2.1421246947276913,2.5978403065160833,2.487177957601773,2.487177967931814
1,-3,43,2451/2105,UNSTABLE,SINGULAR_BOUNDARY_LIMIT,1.017505437267534,1.538754968130334,1.3713219370963543,1.3713222758883035
1,-3,44,154/137,UNSTABLE,SINGULAR_BOUNDARY_LIMIT,0.7112353182874127,1.3379936131489103,1.0739614593267106,1.0739727172876599
1,-3,45,2475/2281,UNSTABLE,SINGULAR_BOUNDARY_LIMIT,0.5182142926441067,1.345298922805128,0.8898196882307161,0.8901989713090188
1,-3,46,621/593,UNSTABLE,SINGULAR_BOUNDARY_LIMIT,0.373194380460518,1.892462889416727,0.7476438436526678,0.7606070282711244
1,-3,47,2491/2465,UNSTABLE,SINGULAR_BOUNDARY_LIMIT,0.25480642052527713,1.1322677910330796,0.4630716882172692,0.9600861314162898
1,-3,48,39/40,STABLE,NONZERO_FIXED_POINT,0.15333502094240714,0.5997150627402661,-0.727109560165843,-0.6906323736984632
1,-3,49,2499/2657,STABLE,NONZERO_FIXED_POINT,0.06353055539571173,0.23676497183274847,-2.3322570314667246,-2.3575614528485858
1,-3,50,625/689,STABLE,NONZERO_FIXED_POINT,-0.0177710130728137,-0.06275127289245575,-3.959061018104876,-4.0013641429509335
1,-3,51,2499/2857,STABLE,NONZERO_FIXED_POINT,-0.09262774458227696,-0.3292440814161921,-5.588852878557532,-5.646995897270074
1,-3,52,156/185,STABLE,NONZERO_FIXED_POINT,-0.1624563863075803,-0.5760248619926145,-7.223161543291525,-7.2972086480668
1,-3,53,2491/3065,STABLE,NONZERO_FIXED_POINT,-0.22827624685445258,-0.8101898394007705,-8.863786437599174,-8.953843188271208
1,-3,54,621/793,STABLE,NONZERO_FIXED_POINT,-0.290847337405296,-1.0359839201835968,-10.512346291100641,-10.618527878225564
1,-3,55,2475/3281,STABLE,NONZERO_FIXED_POINT,-0.35075344594425495,-1.25614676627805,-12.170347770744229,-12.292778797860308
1,-3,56,77/106,STABLE,NONZERO_FIXED_POINT,-0.40845457212327574,-1.472546771567508,-13.83924027693729,-13.978055417029566
1,-3,57,2451/3505,STABLE,NONZERO_FIXED_POINT,-0.4643213772875363,-1.6865154800634627,-15.520453993248225,-15.67579870429887
1,-3,58,609/905,STABLE,NONZERO_FIXED_POINT,-0.5186586005943692,-1.8990392217683194,-17.215427755650808,-17.3874590422231
1,-3,59,2419/3737,STABLE,NONZERO_FIXED_POINT,-0.5717214501038299,-2.1108759683777265,-18.925630797976794,-19.114518027464555
1,-3,60,150/241,STABLE,NONZERO_FIXED_POINT,-0.623727378573431,-2.322630050589801,-20.652580861917187,-20.858506645436364
1,-3,61,2379/3977,STABLE,NONZERO_FIXED_POINT,-0.6748647450452765,-2.5348017341846827,-22.397860273774484,-22.62102142272323
1,-3,62,589/1025,STABLE,NONZERO_FIXED_POINT,-0.725299326990104,-2.7478211216531463,-24.163131079407435,-24.40373965001214
1,-3,63,2331/4225,STABLE,NONZERO_FIXED_POINT,-0.7751793206244777,-2.962071957125275,-25.950150031552994,-26.208434471318128
1,-3,64,9/17,STABLE,NONZERO_FIXED_POINT,-0.8246392616916749,-3.1779087791720464,-27.760784053877344,-28.036990465816288
1,-3,65,2275/4481,STABLE,NONZERO_FIXED_POINT,-0.873803166928262,-3.395669633912412,-29.597026716696462,-29.891420259616325
1,-3,66,561/1153,STABLE,NONZERO_FIXED_POINT,-0.9182041471277369,-3.6111028550482587,-31.456433261826817,-31.769299707865343
1,-3,67,2211/4745,STABLE,NONZERO_FIXED_POINT,-0.9320839328483448,-3.798672201464086,-33.31543796774929,-33.64708544193388
1,-3,68,136/305,STABLE,NONZERO_FIXED_POINT,-0.9463868122991208,-3.9895554437495946,-35.20736878344894,-35.55812971442546
1,-3,69,2139/5017,STABLE,NONZERO_FIXED_POINT,-0.9611365057213774,-4.184025350029422,-37.13484828229008,-37.505081598746244
1,-3,70,525/1289,STABLE,NONZERO_FIXED_POINT,-0.9763593380921769,-4.3823767528717,-39.10074494835976,-39.49083856230715
1,-3,71,2059/5297,STABLE,NONZERO_FIXED_POINT,-0.9920845684728974,-4.584930809896754,-41.10820646093936,-41.51858008725691
1,-3,72,63/170,STABLE,NONZERO_FIXED_POINT,-1.008344779527623,-4.792039579253249,-43.16069888839314,-43.59180726031781
1,-3,73,1971/5585,STABLE,NONZERO_FIXED_POINT,-1.025176340092484,-5.004091126103837,-45.262053070615366,-45.714389623787554
1,-3,74,481/1433,STABLE,NONZERO_FIXED_POINT,-1.0426199571129242,-5.2215153840895425,-47.41651980896012,-47.890620922983715
1,-3,75,1875/5881,STABLE,NONZERO_FIXED_POINT,-1.0607213377768616,-5.444791022362345,-49.628835928832984,-50.12528583617126
1,-3,76,114/377,STABLE,NONZERO_FIXED_POINT,-1.0795319886537467,-5.674453615698766,-51.90430387204316,-52.42374037091247
1,-3,77,1771/6185,STABLE,NONZERO_FIXED_POINT,-1.0991101866670299,-5.911105486387157,-54.24888826949234,-54.79200941226736
1,-3,78,429/1585,STABLE,NONZERO_FIXED_POINT,-1.1195221675966422,-6.155427689001662,-56.669334020566,-57.236905994935
1,-3,79,1659/6497,STABLE,NONZERO_FIXED_POINT,-1.1408435927241634,-6.40819475397425,-59.17331188208294,-59.76617836282395
1,-3,80,25/104,STABLE,NONZERO_FIXED_POINT,-1.1631613749770189,-6.670293010279579,-61.769599623074015,-62.38869295370074
1,-3,81,1539/6817,STABLE,NONZERO_FIXED_POINT,-1.1865759751934064,-6.942743598101998,-64.46830969877448,-65.11466437294149
1,-3,82,369/1745,STABLE,NONZERO_FIXED_POINT,-1.2112043210717829,-7.2267317003209826,-67.28117854931241,-67.95594761444852
1,-3,83,1411/7145,STABLE,NONZERO_FIXED_POINT,-1.2371835625208565,-7.52364413217272,-70.221938682509,-70.92641390188157
1,-3,84,84/457,STABLE,NONZERO_FIXED_POINT,-1.2646759679931243,-7.835118336427435,-73.30680369590499,-74.04244060991297
1,-3,85,1275/7481,STABLE,NONZERO_FIXED_POINT,-1.2938754042675953,-8.163107209778431,-76.55511004340627,-77.32355951337968
1,-3,86,301/1913,STABLE,NONZERO_FIXED_POINT,-1.3250160563189262,-8.509966327532155,-79.99018055480644,-80.79332902923994
1,-3,87,1131/7825,STABLE,NONZERO_FIXED_POINT,-1.3583843854084048,-8.878573548453012,-83.64050852468642,-84.4805302659795
1,-3,88,33/250,STABLE,NONZERO_FIXED_POINT,-1.3943358844032119,-9.272496590178406,-87.54141671332334,-88.42084278211746
1,-3,89,979/8177,STABLE,NONZERO_FIXED_POINT,-1.4333191420606006,-9.696233692821068,-91.7374399224546,-92.65925122840355
1,-3,90,225/2089,STABLE,NONZERO_FIXED_POINT,-1.4759114103285764,-10.155569311458422,-96.28584635785555,-97.25360227972445
1,-3,91,819/8537,STABLE,NONZERO_FIXED_POINT,-1.5228729763260667,-10.658117854276831,-101.26202064414764,-102.2800420238089
1,-3,92,46/545,STABLE,NONZERO_FIXED_POINT,-1.575233694697932,-11.214189023430897,-106.76803070639733,-107.8416693769924
1,-3,93,651/8905,STABLE,NONZERO_FIXED_POINT,-1.6344376070312432,-11.838234025568973,-112.94694526113551,-114.08299819636659
1,-3,94,141/2273,STABLE,NONZERO_FIXED_POINT,-1.7025997998820488,-12.551414167587708,-120.00826292078153,-121.21564324385116
1,-3,95,475/9281,STABLE,NONZERO_FIXED_POINT,-1.7829995737363387,-13.386532560915171,-128.27673607210028,-129.5676372351473
1,-3,96,3/74,STABLE,NONZERO_FIXED_POINT,-1.881130943030684,-14.398539135630296,-138.29637052163724,-139.68848098664853
1,-3,97,291/9665,STABLE,NONZERO_FIXED_POINT,-2.0072935844296333,-15.690440136438184,-151.08692951113937,-152.60823838051795
1,-3,98,49/2465,STABLE,NONZERO_FIXED_POINT,-2.184611031968494,-17.49348008663175,-168.93773516567316,-170.63935600925788
1,-3,99,99/10057,STABLE,NONZERO_FIXED_POINT,-2.486869249257664,-20.54552752204095,-199.1536872642806,-201.16052051981137
1,-3,100,0,STABLE,NONZERO_FIXED_POINT,,,,
1,-2,1,11/57,STABLE,NONZERO_FIXED_POINT,-1.211498253950869,-7.565620471797001,-71.15453367849669,-71.86901584901095
1,-2,2,49/129,STABLE,NONZERO_FIXED_POINT,-0.9195650257334727,-4.564880868987224,-41.97994074920075,-42.400334379471474
1,-2,3,291/521,STABLE,NONZERO_FIXED_POINT,-0.6536749686988514,-2.7397735328635306,-25.253110710263627,-25.50605544457727
1,-2,4,8/11,STABLE,NONZERO_FIXED_POINT,-0.22931843278834663,-1.2250956269124131,-13.551771342428239,-13.690074040594496
1,-2,5,475/537,STABLE,NONZERO_FIXED_POINT,0.2617714584148292,0.19086527669207953,-4.6938007054575905,-4.7470772299878945
1,-2,6,141/137,UNSTABLE,SINGULAR_BOUNDARY_LIMIT,2.6383121760212074,3.6354333183697065,2.920087888393482,2.972698218997067
1,-2,7,217/187,UNSTABLE,SINGULAR_BOUNDARY_LIMIT,0.5509327519902261,0.9566569042709077,0.8357945458708116,0.8357948943430529
1,-2,8,23/18,UNSTABLE,SINGULAR_BOUNDARY_LIMIT,0.3589227155373944,0.6699033689003144,0.6270120755246467,0.6270120755490325
1,-2,9,819/593,UNSTABLE,SINGULAR_BOUNDARY_LIMIT,0.2782393949642028,0.5533779203612497,0.5339064803666247,0.5339064803666247
1,-2,10,25/17,UNSTABLE,SINGULAR_BOUNDARY_LIMIT,0.23746433155456526,0.494402107747554,0.48396291235036415,0.48396291235036415
1,-2,11,979/633,UNSTABLE,SINGULAR_BOUNDARY_LIMIT,0.2155454569467139,0.46174974648354095,0.45538026224636496,0.45538026224636496
1,-2,12,66/41,UNSTABLE,SINGULAR_BOUNDARY_LIMIT,0.2038059462385906,0.44327201033448915,0.4389516536467113,0.43895165364668287
1,-2,13,377/227,UNSTABLE,SINGULAR_BOUNDARY_LIMIT,0.19803521108016398,0.43328305958686286,0.43008040727028174,0.43008040727028174
1,-2,14,301/177,UNSTABLE,SINGULAR_BOUNDARY_LIMIT,0.1959903726966914,0.4287960700829814,0.42623555140016833,0.42623555140016833
1,-2,15,1275/737,UNSTABLE,SINGULAR_BOUNDARY_LIMIT,0.19641153303494718,0.4281222568971188,0.4259377889004554,0.4259377889004554
1,-2,16,7/4,UNSTABLE,SINGULAR_BOUNDARY_LIMIT,0.19857502847861763,0.43026471186907145,0.42829342910953017,0.4282934291095444
1,-2,17,1411/801,UNSTABLE,SINGULAR_BOUNDARY_LIMIT,0.2020700556449384,0.434625767733273,0.4327579027078059,0.4327579027078059
1,-2,18,369/209,UNSTABLE,SINGULAR_BOUNDARY_LIMIT,0.20667898424057363,0.4408538150287029,0.4390069544426751,0.4390069544426751
1,-2,19,171/97,UNSTABLE,SINGULAR_BOUNDARY_LIMIT,0.21231012091092616,0.44875836549411474,0.4468629237236996,0.4468629237236996
1,-2,20,100/57,UNSTABLE,SINGULAR_BOUNDARY_LIMIT,0.21895897599695147,0.45826131810211734,0.4562513135644224,0.4562513135644224
1,-2,21,1659/953,UNSTABLE,SINGULAR_BOUNDARY_LIMIT,0.22668608882502994,0.46936891565862027,0.46717515342481875,0.46717515342481875
1,-2,22,143/83,UNSTABLE,SINGULAR_BOUNDARY_LIMIT,0.23560520202925872,0.48215650448012326,0.4797005824982534,0.4797005824982534
1,-2,23,1771/1041,UNSTABLE,SINGULAR_BOUNDARY_LIMIT,0.24587854287122113,0.4967620389711911,0.4939501654131391,0.4939501654131391
1,-2,24,57/34,UNSTABLE,SINGULAR_BOUNDARY_LIMIT,0.2577176632270408,0.5133864014735678,0.510102222545811,0.5101022225458394
1,-2,25,625/379,UNSTABLE,SINGULAR_BOUNDARY_LIMIT,0.27138941527192983,0.5322999847028598,0.5283956331842319,0.5283956331842319
1,-2,26,481/297,UNSTABLE,SINGULAR_BOUNDARY_LIMIT,0.28722758868442355,0.5538561103276152,0.5491405527836832,0.5491405527836832
1,-2,27,27/17,UNSTABLE,SINGULAR_BOUNDARY_LIMIT,0.30565180373431033,0.5785130862491386,0.5727365775906605,0.5727365775906605
1,-2,28,14/9,UNSTABLE,SINGULAR_BOUNDARY_LIMIT,0.3271967893730512,0.6068684229587689,0.599701441048893,0.599701441048893
1,-2,29,2059/1353,UNSTABLE,SINGULAR_BOUNDARY_LIMIT,0.35255775231074793,0.639711552027471,0.6307159148640835,0.6307159148641404
1,-2,30,525/353,UNSTABLE,SINGULAR_BOUNDARY_LIMIT,0.38266232035671166,0.6781065315542776,0.666695373210473,0.666695373210473
1,-2,31,713/491,UNSTABLE,SINGULAR_BOUNDARY_LIMIT,0.41878912178314565,0.7235263779863885,0.7089080630812532,0.7089080630812532
1,-2,32,17/12,UNSTABLE,SINGULAR_BOUNDARY_LIMIT,0.4627738477553027,0.7780824062645628,0.7591809135029166,0.7591809135029166
1,-2,33,2211/1601,UNSTABLE,SINGULAR_BOUNDARY_LIMIT,0.5173931132751939,0.8449430961146973,0.8202831880248027,0.8202831880248027
1,-2,34,187/139,UNSTABLE,SINGULAR_BOUNDARY_LIMIT,0.5871487237002473,0.9291723474974916,0.8967105789777463,0.8967105789779453
1,-2,35,2275/1737,UNSTABLE,SINGULAR_BOUNDARY_LIMIT,0.6800885745519754,1.039636524243555,0.9965059645134602,0.9965059645161887
1,-2,36,144/113,UNSTABLE,SINGULAR_BOUNDARY_LIMIT,0.8129213216425573,1.194262829250576,1.1363739601616203,1.1363739602028602
1,-2,37,259/209,UNSTABLE,SINGULAR_BOUNDARY_LIMIT,1.0309000462549385,1.440177022477073,1.3615644852256992,1.3615644858911082
1,-2,38,589/489,UNSTABLE,SINGULAR_BOUNDARY_LIMIT,1.5809724349799517,2.0273383709743626,1.9190228562717948,1.9190228675538492
1,-2,39,2379/2033,UNSTABLE,SINGULAR_BOUNDARY_LIMIT,1.3244373638762923,1.822221540366371,1.6700462228482138,1.6700464232207537
1,-2,40,25/22,UNSTABLE,SINGULAR_BOUNDARY_LIMIT,0.891660525211162,1.4650402969497378,1.2449976432121446,1.2450013605629806
1,-2,41,2419/2193,UNSTABLE,SINGULAR_BOUNDARY_LIMIT,0.6629663162891184,1.3583143807902687,1.0241690955747913,1.0242409721732315
1,-2,42,609/569,UNSTABLE,SINGULAR_BOUNDARY_LIMIT,0.5017451705233107,1.4354167171400576,0.870311757485922,0.871757432441882
1,-2,43,817/787,UNSTABLE,SINGULAR_BOUNDARY_LIMIT,0.37454080230750364,2.7242651323737945,0.7369799531170429,0.7671789182637667
1,-2,44,154/153,UNSTABLE,SINGULAR_BOUNDARY_LIMIT,0.26784363944933354,1.1091005422191316,0.4092215074357739,1.258307145325091
1,-2,45,2475/2537,STABLE,NONZERO_FIXED_POINT,0.1748323785354149,0.6399878554732652,-0.679307382833656,-0.6387472081036663
1,-2,46,69/73,STABLE,NONZERO_FIXED_POINT,0.09157592178188878,0.30658883953265814,-2.089702318169941,-2.111972000375573
1,-2,47,2491/2721,STABLE,NONZERO_FIXED_POINT,0.015598730031150865,0.028712510674587577,-3.530686748622429,-3.5689500414306963
1,-2,48,39/44,STABLE,NONZERO_FIXED_POINT,-0.0547613916047176,-0.21919386512148975,-4.981931133589995,-5.034315531861466
1,-2,49,833/971,STABLE,NONZERO_FIXED_POINT,-0.12067644628922025,-0.4488264846700787,-6.4436810460125,-6.510255132268924
1,-2,50,625/753,STABLE,NONZERO_FIXED_POINT,-0.18300548436846142,-0.6665929296924915,-7.916916753560258,-7.997831707095202
1,-2,51,2499/3113,STABLE,NONZERO_FIXED_POINT,-0.24239849250930945,-0.8764036385156828,-9.402541888124233,-9.49795475248817
1,-2,52,52/67,STABLE,NONZERO_FIXED_POINT,-0.29936060250625474,-1.0808226560227823,-10.90140618415279,-11.011477643212118
1,-2,53,2491/3321,STABLE,NONZERO_FIXED_POINT,-0.3542935350418155,-1.2816201235467517,-12.414343616416886,-12.539238764478512
1,-2,54,621/857,STABLE,NONZERO_FIXED_POINT,-0.4075233385419139,-1.4800678773308533,-13.94219930015305,-14.082088521899664
1,-2,55,275/393,STABLE,NONZERO_FIXED_POINT,-0.45931953913825474,-1.6771109545704306,-15.485848784729683,-15.640908641274848
1,-2,56,77/114,STABLE,NONZERO_FIXED_POINT,-0.5099087217997251,-1.8734735051992502,-17.046212701194406,-17.216626827358397
1,-2,57,2451/3761,STABLE,NONZERO_FIXED_POINT,-0.5594843943737224,-2.069727457983724,-18.62426862798594,-18.81022865015632
1,-2,58,203/323,STABLE,NONZERO_FIXED_POINT,-0.6082143078967572,-2.266338777700504,-20.221061379844258,-20.42276786426214
1,-2,59,2419/3993,STABLE,NONZERO_FIXED_POINT,-0.6562459984935671,-2.4636995959475527,-21.837712535275216,-22.0553759771077
1,-2,60,150/257,STABLE,NONZERO_FIXED_POINT,-0.7037110630972023,-2.662151103040678,-23.475429785001666,-23.709271649277298
1,-2,61,793/1411,STABLE,NONZERO_FIXED_POINT,-0.7507285199734,-2.862000227482369,-25.135516545282258,-25.38577037171899
1,-2,62,589/1089,STABLE,NONZERO_FIXED_POINT,-0.7974074998590837,-3.0635320571651263,-26.819382200861696,-27.086294785830376
1,-2,63,2331/4481,STABLE,NONZERO_FIXED_POINT,-0.843849443524725,-3.2670193104894096,-28.528553302719843,-28.812385973112328
1,-2,64,1/2,STABLE,NONZERO_FIXED_POINT,-0.8901499341859225,-3.472729761044694,-30.264686034389506,-30.565716030053487
1,-2,65,2275/4737,STABLE,NONZERO_FIXED_POINT,-0.928854501028777,-3.673386498259532,-32.02203451160278,-32.34055649533758
1,-2,66,561/1217,STABLE,NONZERO_FIXED_POINT,-0.9416654180631028,-3.8508784436413066,-33.78417222026826,-34.12049993724213
1,-2,67,737/1667,STABLE,NONZERO_FIXED_POINT,-0.9549045706327011,-4.031726489704695,-35.579472009928,-35.93394012189697
1,-2,68,136/321,STABLE,NONZERO_FIXED_POINT,-0.9685920053572055,-4.2161651049843485,-37.41020468240072,-37.78317080643538
1,-2,69,2139/5273,STABLE,NONZERO_FIXED_POINT,-0.982750176025089,-4.404449601576381,-39.27886671066523,-39.670713697425185
1,-2,70,175/451,STABLE,NONZERO_FIXED_POINT,-0.9974042173363955,-4.596859554634953,-41.18820806635014,-41.59934655954183
1,-2,71,2059/5553,STABLE,NONZERO_FIXED_POINT,-1.0125822690098651,-4.7937025410573,-43.14126498187869,-43.57213630873321
1,-2,72,63/178,STABLE,NONZERO_FIXED_POINT,-1.0283158604582425,-4.995318351005558,-45.141398661749946,-45.59247811460523
1,-2,73,219/649,STABLE,NONZERO_FIXED_POINT,-1.0446403688805521,-5.202083838035769,-47.192341218869274,-47.664141800829526
1,-2,74,481/1497,STABLE,NONZERO_FIXED_POINT,-1.0615955670586317,-5.414418597594043,-49.29825045189182,-49.79132717586111
1,-2,75,1875/6137,STABLE,NONZERO_FIXED_POINT,-1.079226281658757,-5.632791701235213,-51.463775526047414,-51.978730377267595
1,-2,76,38/131,STABLE,NONZERO_FIXED_POINT,-1.0975831888233802,-5.857729768304118,-53.69413621206266,-54.23162391110162
1,-2,77,1771/6441,STABLE,NONZERO_FIXED_POINT,-1.116723781857802,-6.089826733071902,-55.99521913148169,-56.555953869447535
1,-2,78,429/1649,STABLE,NONZERO_FIXED_POINT,-1.1367135566873898,-6.329755771186612,-58.37369553266865,-58.95845889612838
1,-2,79,553/2251,STABLE,NONZERO_FIXED_POINT,-1.1576274756789768,-6.578283996434109,-60.837166598439865,-61.4468169621357
1,-2,80,25/108,STABLE,NONZERO_FIXED_POINT,-1.1795517911651885,-6.836290744792812,-63.394344339850335,-64.02982808666525
1,-2,81,1539/7073,STABLE,NONZERO_FIXED_POINT,-1.2025863392773974,-7.104790554391428,-66.05527902791681,-66.7176440661678
1,-2,82,41/201,STABLE,NONZERO_FIXED_POINT,-1.2268474566363992,-7.384962368667949,-68.83164826729424,-69.52206046799498
1,-2,83,1411/7401,STABLE,NONZERO_FIXED_POINT,-1.252471733603267,-7.678187101036826,-71.73712886997652,-72.45689226043152
1,-2,84,84/473,STABLE,NONZERO_FIXED_POINT,-1.2796209086610855,-7.986096607679393,-74.78788168290373,-75.5384635375797
1,-2,85,425/2579,STABLE,NONZERO_FIXED_POINT,-1.3084883463818429,-8.310638493648554,-78.00319317373777,-78.78625558582536
1,-2,86,301/1977,STABLE,NONZERO_FIXED_POINT,-1.3393077556053026,-8.654163319019482,-81.40633878202783,-82.22377895574772
1,-2,87,1131/8081,STABLE,NONZERO_FIXED_POINT,-1.3723651459557757,-9.019544186681046,-85.02576685131396,-85.87976935315442
1,-2,88,11/86,STABLE,NONZERO_FIXED_POINT,-1.4080155816944044,-9.41034430199074,-88.89675748392641,-89.78986325001176
1,-2,89,979/8433,STABLE,NONZERO_FIXED_POINT,-1.4467072446355989,-9.831057621762966,-93.06380498052488,-93.99900438904888
1,-2,90,225/2153,STABLE,NONZERO_FIXED_POINT,-1.4890170001717564,-10.287464533173512,-97.58413907559768,-98.56500058730981
1,-2,91,91/977,STABLE,NONZERO_FIXED_POINT,-1.5357047680624927,-10.787175579252718,-102.53310783366041,-103.56396100505813
1,-2,92,46/561,STABLE,NONZERO_FIXED_POINT,-1.5878000536774497,-11.340496787947394,-108.01274442008963,-109.09894944966425
1,-2,93,651/9161,STABLE,NONZERO_FIXED_POINT,-1.646746566373368,-11.961875871633303,-114.16608448864861,-115.31444638322188
1,-2,94,47/779,STABLE,NONZERO_FIXED_POINT,-1.7146590765493057,-12.672470812580194,-121.20259518915978,-122.42203478889661
1,-2,95,475/9537,STABLE,NONZERO_FIXED_POINT,-1.7948165836988856,-13.50508155761446,-129.44699895546609,-130.74971712847565
1,-2,96,3/76,STABLE,NONZERO_FIXED_POINT,-1.892712815580499,-14.514655023238037,-139.4432730661785,-140.84696540373966
1,-2,97,97/3307,STABLE,NONZERO_FIXED_POINT,-2.018647175698427,-15.804194583178258,-152.211153580802,-153.7438160414495
1,-2,98,49/2529,STABLE,NONZERO_FIXED_POINT,-2.1957429376996522,-17.604942024457976,-170.0399367135723,-171.75268946288816
1,-2,99,99/10313,STABLE,NONZERO_FIXED_POINT,-2.4977858168790146,-20.654763273949776,-200.23449753448986,-202.25224735764198
1,-2,100,0,STABLE,NONZERO_FIXED_POINT,,,,
1,-1,1,99/1025,STABLE,NONZERO_FIXED_POINT,-1.5121047542308252,-10.608068984395096,-100.95096068511148,-101.96604935590568
1,-1,2,49/257,STABLE,NONZERO_FIXED_POINT,-1.2189084387655171,-7.62157255919422,-71.67816944038589,-72.39790648368864
1,-1,3,291/1033,STABLE,NONZERO_FIXED_POINT,-1.051523396463038,-5.897404647264679,-54.86585858380397,-55.41606591633774
1,-1,4,24/65,STABLE,NONZERO_FIXED_POINT,-0.936152308373261,-4.697107670496411,-43.207615807947235,-43.640317922878495
1,-1,5,475/1049,STABLE,NONZERO_FIXED_POINT,-0.8496557656405592,-3.788801439712188,-34.41224052871979,-34.75632240728845
1,-1,6,141/265,STABLE,NONZERO_FIXED_POINT,-0.7272298401570385,-3.01411357323542,-27.403251077885756,-27.677277839167147
1,-1,7,651/1073,STABLE,NONZERO_FIXED_POINT,-0.5456849123454646,-2.298948524550397,-21.616403391032748,-21.833422124430513
1,-1,8,23/34,STABLE,NONZERO_FIXED_POINT,-0.3778583981411785,-1.6841320103439301,-16.800223421974863,-16.96997450299952
1,-1,9,63/85,STABLE,NONZERO_FIXED_POINT,-0.21851188823180756,-1.1413884132069327,-12.738994608848287,-12.869072985108886
1,-1,10,225/281,STABLE,NONZERO_FIXED_POINT,-0.06341014591430394,-0.6474706678354636,-9.283549902706227,-9.380073704300429
1,-1,11,979/1145,STABLE,NONZERO_FIXED_POINT,0.09137426719362551,-0.18018114007841746,-6.325450137706014,-6.393472797780419
1,-1,12,66/73,STABLE,NONZERO_FIXED_POINT,0.2500785924889062,0.2864013152534568,-3.782257577211084,-3.8260021158779125
1,-1,13,1131/1193,STABLE,NONZERO_FIXED_POINT,0.41807007226256054,0.7938725924639627,-1.5901427980349467,-1.609510437405902
1,-1,14,301/305,STABLE,NONZERO_FIXED_POINT,0.6033889441766611,1.4597957113347135,0.21994301089279134,0.42283444028890926
1,-1,15,1275/1249,UNSTABLE,SINGULAR_BOUNDARY_LIMIT,0.820588109294798,2.350277444637335,1.0879601657201192,1.217488142415732
1,-1,16,21/20,UNSTABLE,SINGULAR_BOUNDARY_LIMIT,1.1038310772270696,1.972357858735144,1.423801613849065,1.4316807220199905
1,-1,17,1411/1313,UNSTABLE,SINGULAR_BOUNDARY_LIMIT,1.5876704718078933,2.278026464589736,1.9083699564320682,1.9091624910109317
1,-1,18,369/337,UNSTABLE,SINGULAR_BOUNDARY_LIMIT,1.9262828365597287,2.529309109296534,2.245422728572862,2.2455469869743183
1,-1,19,1539/1385,UNSTABLE,SINGULAR_BOUNDARY_LIMIT,1.4268591120424041,1.980319164852503,1.7449967016943901,1.7450257293203322
1,-1,20,100/89,UNSTABLE,SINGULAR_BOUNDARY_LIMIT,1.2749333620992997,1.7990215977057389,1.5927827107121004,1.5927924267215587
1,-1,21,1659/1465,UNSTABLE,SINGULAR_BOUNDARY_LIMIT,1.2184115182642472,1.7256715280685953,1.5366360440055473,1.536640547285515
1,-1,22,33/29,UNSTABLE,SINGULAR_BOUNDARY_LIMIT,1.2166178200847337,1.7158061813743757,1.535817055584289,1.5358198604450024
1,-1,23,1771/1553,UNSTABLE,SINGULAR_BOUNDARY_LIMIT,1.2621391805139233,1.7600610558094019,1.5828552837055554,1.5828575699945304
1,-1,24,57/50,UNSTABLE,SINGULAR_BOUNDARY_LIMIT,1.3671477079990524,1.8696824046755935,1.6898733836587212,1.6898757658632633
1,-1,25,1875/1649,UNSTABLE,SINGULAR_BOUNDARY_LIMIT,1.5867772519217365,2.0995621013268035,1.9119627488500441,1.9119658559807817
1,-1,26,481/425,UNSTABLE,SINGULAR_BOUNDARY_LIMIT,2.41906838110898,2.948066676964622,2.7471273025165033,2.7471322815345616
1,-1,27,1971/1753,UNSTABLE,SINGULAR_BOUNDARY_LIMIT,1.6349419189372938,2.187046210988207,1.9662557267039915,1.9662653660615774
1,-1,28,126/113,UNSTABLE,SINGULAR_BOUNDARY_LIMIT,1.2594683680887258,1.8433017399984735,1.5943888667632962,1.594411075997698
1,-1,29,2059/1865,UNSTABLE,SINGULAR_BOUNDARY_LIMIT,1.0373538746890425,1.664539073720725,1.3762004900454485,1.3762605686879965
1,-1,30,525/481,UNSTABLE,SINGULAR_BOUNDARY_LIMIT,0.8745429499242352,1.5620329180120152,1.2175811050071843,1.2177696060147127
1,-1,31,2139/1985,UNSTABLE,SINGULAR_BOUNDARY_LIMIT,0.7437897987990993,1.5188804524518105,1.0911278751311215,1.0918063632694839
1,-1,32,17/16,UNSTABLE,SINGULAR_BOUNDARY_LIMIT,0.6332612292929856,1.5470432959052403,0.9843574556403496,0.9871313855452968
1,-1,33,2211/2113,UNSTABLE,SINGULAR_BOUNDARY_LIMIT,0.5366948462892864,1.7184076386237521,0.8878366284487811,0.9006032469245611
1,-1,34,561/545,UNSTABLE,SINGULAR_BOUNDARY_LIMIT,0.4503529011113532,2.9644712888859175,0.7812466845334711,0.8469487419073403
1,-1,35,175/173,UNSTABLE,SINGULAR_BOUNDARY_LIMIT,0.3718152255739611,1.428184393351799,0.5840593573050228,0.9832571797542755
1,-1,36,144/145,STABLE,NONZERO_FIXED_POINT,0.2994196767071511,1.0147571308420567,0.10612846606187532,0.43969403473053603
1,-1,37,2331/2393,STABLE,NONZERO_FIXED_POINT,0.23197256988006387,0.7231468627377566,-0.6744163442343165,-0.6391053558083968
1,-1,38,589/617,STABLE,NONZERO_FIXED_POINT,0.16858602789284305,0.48274566435405575,-1.5817875988453238,-1.5957228850163574
1,-1,39,2379/2545,STABLE,NONZERO_FIXED_POINT,0.10858061968831123,0.270482997126436,-2.537588284926983,-2.566113670482366
1,-1,40,75/82,STABLE,NONZERO_FIXED_POINT,0.05142404135707146,0.07570714306409343,-3.5259075927896504,-3.5645725699727393
1,-1,41,2419/2705,STABLE,NONZERO_FIXED_POINT,-0.003309142813289867,-0.10746878043945429,-4.543453701061139,-4.591975809783435
1,-1,42,609/697,STABLE,NONZERO_FIXED_POINT,-0.055964864219919974,-0.2826831417685156,-5.588889886457423,-5.647504452619103
1,-1,43,2451/2873,STABLE,NONZERO_FIXED_POINT,-0.10682870264390232,-0.4523614826585671,-6.661234449523931,-6.73022667918724
1,-1,44,154/185,STABLE,NONZERO_FIXED_POINT,-0.15613963340323167,-0.6182102687266564,-7.759650078173308,-7.839301078356328
1,-1,45,2475/3049,STABLE,NONZERO_FIXED_POINT,-0.20410011279183315,-0.7814785265806279,-8.883417616383667,-8.973999836877283
1,-1,46,621/785,STABLE,NONZERO_FIXED_POINT,-0.2508836208834957,-0.9431082062636378,-10.031931413133918,-10.133709469656367
1,-1,47,47/61,STABLE,NONZERO_FIXED_POINT,-0.29664040020125526,-1.1038264383659566,-11.204696640186853,-11.31792861725856
1,-1,48,3/4,STABLE,NONZERO_FIXED_POINT,-0.3415018897629727,-1.2642053218689817,-12.401326687911023,-12.526265424519096
1,-1,49,2499/3425,STABLE,NONZERO_FIXED_POINT,-0.3855841998582008,-1.4247025223318914,-13.621540670755678,-13.758434990457658
1,-1,50,625/881,STABLE,NONZERO_FIXED_POINT,-0.42899087107961087,-1.5856899677782224,-14.865161204596177,-15.014257095664107
1,-1,51,2499/3625,STABLE,NONZERO_FIXED_POINT,-0.4718150924201048,-1.7474748370093707,-16.1321125834545,-16.293654338235058
1,-1,52,156/233,STABLE,NONZERO_FIXED_POINT,-0.5141415059932104,-1.9103153565641264,-17.42241944963598,-17.5966507723075
1,-1,53,2491/3833,STABLE,NONZERO_FIXED_POINT,-0.5560476928807425,-2.074432973584102,-18.7362060299821,-18.923371121699972
1,-1,54,621/985,STABLE,NONZERO_FIXED_POINT,-0.5976054111383036,-2.240021917052104,-20.073695999030463,-20.274040629351475
1,-1,55,2475/4049,STABLE,NONZERO_FIXED_POINT,-0.6388816400955584,-2.407256826127991,-21.435213024820143,-21.648985598318916
1,-1,56,77/130,STABLE,NONZERO_FIXED_POINT,-0.6799394727900143,-2.5762989182370575,-22.821182053202932,-23.048634680337273
1,-1,57,2451/4273,STABLE,NONZERO_FIXED_POINT,-0.7208388893358197,-2.747301038973049,-24.23213139079877,-24.473520972363872
1,-1,58,609/1097,STABLE,NONZERO_FIXED_POINT,-0.7616374373435928,-2.9204118507760413,-25.668695654631165,-25.92428498957304
1,-1,59,2419/4505,STABLE,NONZERO_FIXED_POINT,-0.8023908405446747,-3.0957793601797903,-27.13161966778813,-27.401678594741327
1,-1,60,150/289,STABLE,NONZERO_FIXED_POINT,-0.8431535530962044,-3.2735539438006427,-28.62176339524916,-28.906569978950017
1,-1,61,183/365,STABLE,NONZERO_FIXED_POINT,-0.8839792743452417,-3.453891004976491,-30.14010803262036,-30.43994980734641
1,-1,62,589/1217,STABLE,NONZERO_FIXED_POINT,-0.9249214368960565,-3.636953372385072,-31.68776338347078,-32.002938666913735
1,-1,63,2331/4993,STABLE,NONZERO_FIXED_POINT,-0.9445950670404031,-3.801474924438317,-33.24453807661871,-33.57535736915321
1,-1,64,9/20,STABLE,NONZERO_FIXED_POINT,-0.9622114391106005,-3.966796935734731,-34.83098423240847,-35.177771718633124
1,-1,65,2275/5249,STABLE,NONZERO_FIXED_POINT,-0.973427689068961,-4.128719378675406,-36.444258973268745,-36.807354145043746
1,-1,66,561/1345,STABLE,NONZERO_FIXED_POINT,-0.9850971241714639,-4.29425298070025,-38.092888797128694,-38.47264822021094
1,-1,67,2211/5513,STABLE,NONZERO_FIXED_POINT,-0.997235708564304,-4.46358757909087,-39.77875263888984,-40.175551888790324
1,-1,68,136/353,STABLE,NONZERO_FIXED_POINT,-1.0098616783401582,-4.636933790111371,-41.50394099758387,-41.918176794601465
1,-1,69,2139/5785,STABLE,NONZERO_FIXED_POINT,-1.022995767981394,-4.81452554170432,-43.27077913357442,-43.70287171229063
1,-1,70,525/1481,STABLE,NONZERO_FIXED_POINT,-1.0366614792599833,-4.996622975397372,-45.081854413016345,-45.53225016813161
1,-1,71,2059/6065,STABLE,NONZERO_FIXED_POINT,-1.0508854007398902,-5.183515811270233,-46.94004861076314,-47.40922306934772
1,-1,72,63/194,STABLE,NONZERO_FIXED_POINT,-1.0656975880795754,-5.375527287661292,-48.84857618557581,-49.337037366052414
1,-1,73,1971/6353,STABLE,NONZERO_FIXED_POINT,-1.0811320179761186,-5.573018811584909,-50.81102980282344,-51.319322033879246
1,-1,74,37/125,STABLE,NONZERO_FIXED_POINT,-1.097227132030472,-5.776395488505116,-52.83143471984823,-53.360143008789294
1,-1,75,1875/6649,STABLE,NONZERO_FIXED_POINT,-1.1140264913262143,-5.986112743899042,-54.91431409562324,-55.464069156510845
1,-1,76,114/425,STABLE,NONZERO_FIXED_POINT,-1.1315795684982657,-6.202684307832783,-57.0647678784527,-57.636251957166564
1,-1,77,1771/6953,STABLE,NONZERO_FIXED_POINT,-1.1499427120875065,-6.4266919131517,-59.28856871913467,-59.8825223873302
1,-1,78,429/1777,STABLE,NONZERO_FIXED_POINT,-1.1691803288481726,-6.658797165964707,-61.59227943298674,-62.209509568607245
1,-1,79,1659/7265,STABLE,NONZERO_FIXED_POINT,-1.189366344592834,-6.899756195798766,-63.983398010807775,-64.62478724341747
1,-1,80,25/116,STABLE,NONZERO_FIXED_POINT,-1.2105860249051563,-7.150437899882071,-66.47053823243857,-67.13705621299346
1,-1,81,1539/7585,STABLE,NONZERO_FIXED_POINT,-1.2329382663176993,-7.411846888406139,-69.06365683386372,-69.75637379915497
1,-1,82,369/1937,STABLE,NONZERO_FIXED_POINT,-1.2565385104956945,-7.68515265684028,-71.77434233105515,-72.49444558561521
1,-1,83,1411/7913,STABLE,NONZERO_FIXED_POINT,-1.2815224951213775,-7.971727122750217,-74.61618665784027,-75.36500080981341
1,-1,84,84/505,STABLE,NONZERO_FIXED_POINT,-1.3080511460419348,-8.273193573136844,-77.6052697709165,-78.38428186297327
1,-1,85,1275/8249,STABLE,NONZERO_FIXED_POINT,-1.3363170531281199,-8.591491447063085,-80.76080102554755,-81.57169214438142
1,-1,86,301/2105,STABLE,NONZERO_FIXED_POINT,-1.3665531864633174,-8.928963519997495,-84.10598232846627,-84.95066793304409
1,-1,87,87/661,STABLE,NONZERO_FIXED_POINT,-1.3990448509823956,-9.28847547124903,-87.669191882868,-88.54987408973503
1,-1,88,33/274,STABLE,NONZERO_FIXED_POINT,-1.4341464385515614,-9.673583424551353,-91.48564286662071,-92.4048794895632
1,-1,89,979/8945,STABLE,NONZERO_FIXED_POINT,-1.4723054892118874,-10.088774579140349,-95.59976570513464,-96.5605633582349
1,-1,90,225/2281,STABLE,NONZERO_FIXED_POINT,-1.5140982556249156,-10.539822871807573,-100.06872914954337,-101.0746719167087
1,-1,91,819/9305,STABLE,NONZERO_FIXED_POINT,-1.5602840723711804,-11.034332686520287,-104.9678230243951,-106.02325550010141
1,-1,92,46/593,STABLE,NONZERO_FIXED_POINT,-1.6118918857855515,-11.582604168518401,-110.39902485827997,-111.50932171996266
1,-1,93,651/9673,STABLE,NONZERO_FIXED_POINT,-1.6703648710053258,-12.199079409709789,-116.50531713896896,-117.67729733817413
1,-1,94,141/2465,STABLE,NONZERO_FIXED_POINT,-1.7378172877703273,-12.904911020811952,-123.49611619606239,-124.73871400702026
1,-1,95,475/10049,STABLE,NONZERO_FIXED_POINT,-1.8175276472896105,-13.732893813435986,-131.69609587086222,-133.02152510746254
1,-1,96,3/80,STABLE,NONZERO_FIXED_POINT,-1.9149892102916515,-14.737969793326544,-141.64918696555958,-143.07515569783186
1,-1,97,291/10433,STABLE,NONZERO_FIXED_POINT,-2.0405009334471282,-16.023137636690663,-154.37508107394905,-155.92959729234514
1,-1,98,49/2657,STABLE,NONZERO_FIXED_POINT,-2.217185662765523,-17.8196346356659,-172.1630318556429,-173.89722733002463
1,-1,99,99/10825,STABLE,NONZERO_FIXED_POINT,-2.5188287041547337,-20.86532241485496,-202.3178736429339,-204.35666635336173
1,-1,100,0,STABLE,NONZERO_FIXED_POINT,,,,
1,0,1,33/683,STABLE,NONZERO_FIXED_POINT,-1.8129228472402472,-13.635695785732082,-130.7513977642565,-132.0673045280602
1,0,2,49/513,STABLE,NONZERO_FIXED_POINT,-1.5190926805460379,-10.659175817753926,-101.432170190195,-102.45209147527834
1,0,3,291/2057,STABLE,NONZERO_FIXED_POINT,-1.350657366638142,-8.938172304119583,-84.52954824657513,-85.378889549284
1,0,4,8/43,STABLE,NONZERO_FIXED_POINT,-1.2338286620296541,-7.734714548598461,-72.73839827397613,-73.46877674256378
1,0,5,475/2073,STABLE,NONZERO_FIXED_POINT,-1.1454795795408614,-6.81745090461196,-63.76905770245844,-64.40896339492747
1,0,6,141/521,STABLE,NONZERO_FIXED_POINT,-1.0753058570294103,-6.083262120739839,-56.60131934983096,-57.16893796047509
1,0,7,217/699,STABLE,NONZERO_FIXED_POINT,-1.0178078133701831,-5.477078536568101,-50.6906343179312,-51.19865175982835
1,0,8,23/66,STABLE,NONZERO_FIXED_POINT,-0.9696994605031506,-4.965969698992396,-45.71161344126918,-46.16942954079346
1,0,9,819/2129,STABLE,NONZERO_FIXED_POINT,-0.9288580718050703,-4.528638440918627,-41.45403406771919,-41.868925827397106
1,0,10,75/179,STABLE,NONZERO_FIXED_POINT,-0.8938310883382243,-4.150488465069039,-37.77402340916933,-38.15181517675754
1,0,11,979/2169,STABLE,NONZERO_FIXED_POINT,-0.8635793415248614,-3.8210555843685086,-34.5686373100894,-34.91411417030048
1,0,12,66/137,STABLE,NONZERO_FIXED_POINT,-0.8373325185594025,-3.532562267929542,-31.761551116422055,-32.078727748036584
1,0,13,377/739,STABLE,NONZERO_FIXED_POINT,-0.796283080945166,-3.260834587419545,-29.27628185172722,-29.568584939916263
1,0,14,301/561,STABLE,NONZERO_FIXED_POINT,-0.7333592977011918,-2.9945888932467923,-27.060641402183762,-27.331037767846055
1,0,15,1275/2273,STABLE,NONZERO_FIXED_POINT,-0.6766400485332724,-2.75853040050238,-25.106674372190753,-25.35776362314573
1,0,16,7/12,STABLE,NONZERO_FIXED_POINT,-0.6256576919524912,-2.549443752933314,-23.3846112183884,-23.61869442442176
1,0,17,1411/2337,STABLE,NONZERO_FIXED_POINT,-0.5800404251628919,-2.3646886084157472,-21.869876960454974,-22.089008659092826
1,0,18,369/593,STABLE,NONZERO_FIXED_POINT,-0.5394849713028975,-2.2020678556189353,-20.54190005655795,-20.74792838376311
1,0,19,513/803,STABLE,NONZERO_FIXED_POINT,-0.5037358514825847,-2.0597302139739213,-19.383244835294136,-19.577843015460985
1,0,20,100/153,STABLE,NONZERO_FIXED_POINT,-0.472569471021,-1.9360962213799269,-18.378967827986997,-18.56365925880459
1,0,21,1659/2489,STABLE,NONZERO_FIXED_POINT,-0.4457819312829834,-1.829800632717891,-17.516132508543592,-17.69231101912783
1,0,22,143/211,STABLE,NONZERO_FIXED_POINT,-0.42317987898784537,-1.73964682095788,-16.783438351259917,-16.952384769092532
1,0,23,1771/2577,STABLE,NONZERO_FIXED_POINT,-0.4045739267550239,-1.6645704136060573,-16.170933864399785,-16.333829721760594
1,0,24,57/82,STABLE,NONZERO_FIXED_POINT,-0.38977428638427014,-1.6036104154362718,-15.669792281977777,-15.827731278688987
1,0,25,625/891,STABLE,NONZERO_FIXED_POINT,-0.3785882946125909,-1.5558866588434483,-15.272134637982788,-15.426132324675564
1,0,26,481/681,STABLE,NONZERO_FIXED_POINT,-0.37081951311037287,-1.5205827234996292,-14.97088906886512,-15.121891104404085
1,0,27,1971/2777,STABLE,NONZERO_FIXED_POINT,-0.36626807511345305,-1.4969335828245462,-14.759678056598943,-14.90856731206975
1,0,28,42/59,STABLE,NONZERO_FIXED_POINT,-0.3647319474092754,-1.484217249728978,-14.632727360228074,-14.780330081472329
1,0,29,2059/2889,STABLE,NONZERO_FIXED_POINT,-0.36600878792327407,-1.4817496727098387,-14.584791862156635,-14.731883057382788
1,0,30,525/737,STABLE,NONZERO_FIXED_POINT,-0.36989810860368877,-1.48888212100848,-14.611094653796613,-14.758402838249708
1,0,31,713/1003,STABLE,NONZERO_FIXED_POINT,-0.3762034981448963,-1.505000320189474,-14.707276518290314,-14.855487921458803
1,0,32,17/24,STABLE,NONZERO_FIXED_POINT,-0.38473471361060163,-1.5295246654661696,-14.869353610234128,-15.019115930567466
1,0,33,2211/3137,STABLE,NONZERO_FIXED_POINT,-0.3953095074496744,-1.5619109438598144,-15.09368163232375,-15.245607408442766
1,0,34,187/267,STABLE,NONZERO_FIXED_POINT,-0.40775511060543934,-1.6016511238057944,-15.376925199404354,-15.531594854232452
1,0,35,2275/3273,STABLE,NONZERO_FIXED_POINT,-0.4219093389422639,-1.6482739051544684,-15.716031384759106,-15.873995989073933
1,0,36,144/209,STABLE,NONZERO_FIXED_POINT,-0.437621326613888,-1.701344848295406,-16.108206679051733,-16.269990473067537
1,0,37,777/1139,STABLE,NONZERO_FIXED_POINT,-0.45475191569656204,-1.760466007362112,-16.550896773064835,-16.716999478342927
1,0,38,589/873,STABLE,NONZERO_FIXED_POINT,-0.4731737472180413,-1.8252750734422918,-17.041768712669295,-17.212667661587773
1,0,39,2379/3569,STABLE,NONZERO_FIXED_POINT,-0.49277110627919996,-1.895444088500554,-17.57869507787251,-17.7548471837909
1,0,40,25/38,STABLE,NONZERO_FIXED_POINT,-0.5134395752743579,-1.9706778218823189,-18.159739915200674,-18.341583503145444
1,0,41,2419/3729,STABLE,NONZERO_FIXED_POINT,-0.5350855462246003,-2.050711913353126,-18.78314621049907,-18.971102725498554
1,0,42,609/953,STABLE,NONZERO_FIXED_POINT,-0.557625637643568,-2.135310884851087,-19.447324732565733,-19.641800340571194
1,0,43,817/1299,STABLE,NONZERO_FIXED_POINT,-0.5809860544982683,-2.2242661124326375,-20.150844110817104,-20.352231205357725
1,0,44,154/249,STABLE,NONZERO_FIXED_POINT,-0.6051019226786387,-2.317393834419285,-20.89242203540539,-21.101100661664645
1,0,45,2475/4073,STABLE,NONZERO_FIXED_POINT,-0.6299166225871407,-2.4145332546450646,-21.67091748807013,-21.88725669488656
1,0,46,207/347,STABLE,NONZERO_FIXED_POINT,-0.6553811403764023,-2.5155447831195303,-22.485323928117367,-22.709683057451343
1,0,47,2491/4257,STABLE,NONZERO_FIXED_POINT,-0.6814534501724694,-2.6203084416757534,-23.334763371435315,-23.567493294075916
1,0,48,39/68,STABLE,NONZERO_FIXED_POINT,-0.7080979363624564,-2.7287224499305083,-24.218481312193546,-24.459925617873267
1,0,49,833/1483,STABLE,NONZERO_FIXED_POINT,-0.7352848616517846,-2.8407019973444605,-25.135842447429184,-25.38633859705078
1,0,50,625/1137,STABLE,NONZERO_FIXED_POINT,-0.7629898840150293,-2.956178200229374,-26.086327174525763,-26.346207621869382
1,0,51,2499/4649,STABLE,NONZERO_FIXED_POINT,-0.7911936237627764,-3.0750972379304784,-27.06952884098098,-27.33912213103764
1,0,52,52/99,STABLE,NONZERO_FIXED_POINT,-0.8198812806091738,-3.1974196597533933,-28.085151735094428,-28.3647835860572
1,0,53,2491/4857,STABLE,NONZERO_FIXED_POINT,-0.8490422997435836,-3.3231198531308976,-29.13300981553499,-29.423004191471477
1,0,54,621/1241,STABLE,NONZERO_FIXED_POINT,-0.8786700853902367,-3.4521856636789963,-30.213026187392472,-30.513706368714622
1,0,55,825/1691,STABLE,NONZERO_FIXED_POINT,-0.9087617601028839,-3.5846181588654815,-31.325233342514764,-31.636923001562593
1,0,56,77/162,STABLE,NONZERO_FIXED_POINT,-0.9250842806981114,-3.706197841431006,-32.45554050561307,-32.778564794983225
1,0,57,2451/5297,STABLE,NONZERO_FIXED_POINT,-0.9384398110309284,-3.8277502100683307,-33.615001028879306,-33.94968769056288
1,0,58,203/451,STABLE,NONZERO_FIXED_POINT,-0.9521202359440917,-3.9526005512685316,-34.80726977526183,-35.15395027922659
1,0,59,2419/5529,STABLE,NONZERO_FIXED_POINT,-0.9661305116742227,-4.080797659623741,-36.032830256527234,-36.391840978104085
1,0,60,150/353,STABLE,NONZERO_FIXED_POINT,-0.9804768203190717,-4.212402458765624,-37.29228758186193,-37.663971028194084
1,0,61,793/1923,STABLE,NONZERO_FIXED_POINT,-0.9951666302752695,-4.347488632150238,-38.58637442727189,-38.9710805241927
1,0,62,589/1473,STABLE,NONZERO_FIXED_POINT,-1.0102087693913884,-4.486143380672679,-39.91595826474423,-40.3140457167998
1,0,63,2331/6017,STABLE,NONZERO_FIXED_POINT,-1.0256135124769479,-4.628468322223064,-41.282050013527794,-41.693887751498835
1,0,64,3/8,STABLE,NONZERO_FIXED_POINT,-1.0413926851582254,-4.774580552288777,-42.68581431056489,-43.111783042837175
1,0,65,2275/6273,STABLE,NONZERO_FIXED_POINT,-1.0508264038381547,-4.917880506681961,-44.12184825657721,-44.562342143121384
1,0,66,561/1601,STABLE,NONZERO_FIXED_POINT,-1.0607661717523378,-5.065356372673129,-45.598498645580094,-46.05392711624319
1,0,67,737/2179,STABLE,NONZERO_FIXED_POINT,-1.0712262010509512,-5.217176950727875,-47.11746989847927,-47.58825964086651
1,0,68,136/417,STABLE,NONZERO_FIXED_POINT,-1.0822230279260907,-5.373533073443092,-48.68068319666105,-49.16728034326459
1,0,69,2139/6809,STABLE,NONZERO_FIXED_POINT,-1.0937757388719689,-5.534639948407417,-50.29029966034159,-50.79317220994841
1,0,70,175/579,STABLE,NONZERO_FIXED_POINT,-1.105906239185872,-5.7007399160875,-51.94874765268972,-52.468388167730865
1,0,71,2059/7089,STABLE,NONZERO_FIXED_POINT,-1.1186395718893305,-5.872105705293805,-53.6587550242682,-54.19568365400221
1,0,72,63/226,STABLE,NONZERO_FIXED_POINT,-1.1320042972967501,-6.049044289206563,-55.423387314607396,-55.9781552043012
1,0,73,657/2459,STABLE,NONZERO_FIXED_POINT,-1.1460329460992362,-6.231901471286633,-57.246093188703696,-57.81928634788261
1,0,74,481/1881,STABLE,NONZERO_FIXED_POINT,-1.1607625622659583,-6.421067364680468,-59.130758725899454,-59.72300244507602
1,0,75,1875/7673,STABLE,NONZERO_FIXED_POINT,-1.1762353565755568,-6.6169829737666745,-61.08177262477295,-61.693736550909875
1,0,76,38/163,STABLE,NONZERO_FIXED_POINT,-1.1924994975715748,-6.820148146246339,-63.104104979533474,-63.73650898732063
1,0,77,1771/7977,STABLE,NONZERO_FIXED_POINT,-1.2096100747531207,-7.0311312442958425,-65.20340307686297,-65.8570241077241
1,0,78,429/2033,STABLE,NONZERO_FIXED_POINT,-1.227630279680909,-7.250580991938307,-67.38610873792351,-68.06178882437678
1,0,79,553/2763,STABLE,NONZERO_FIXED_POINT,-1.246632865594968,-7.479241104906791,-69.65960320674691,-70.35825896035868
1,0,80,25/132,STABLE,NONZERO_FIXED_POINT,-1.2667019668840886,-7.717968516668009,-72.03238763965282,-72.75502156218664
1,0,81,1539/8609,STABLE,NONZERO_FIXED_POINT,-1.2879353890128087,-7.967756306898778,-74.51431014748471,-75.26202423547113
1,0,82,123/731,STABLE,NONZERO_FIXED_POINT,-1.3104475214541083,-8.229762858099242,-77.11685449458435,-77.89086676010277
1,0,83,1411/8937,STABLE,NONZERO_FIXED_POINT,-1.334373087328574,-8.505349377527885,-79.85351161240283,-80.65517635658318
1,0,84,84/569,STABLE,NONZERO_FIXED_POINT,-1.3598720343183448,-8.796128830294677,-82.74026408138934,-83.57109706172255
1,0,85,425/3091,STABLE,NONZERO_FIXED_POINT,-1.387136009307211,-9.104030708262066,-85.79622738512546,-86.65793746013844
1,0,86,301/2361,STABLE,NONZERO_FIXED_POINT,-1.4163970733703586,-9.431388201107076,-89.04451294359347,-89.93904243507836
1,0,87,1131/9617,STABLE,NONZERO_FIXED_POINT,-1.44793965523602,-9.781057750872172,-92.51341174075759,-93.44298875187832
1,0,88,11/102,STABLE,NONZERO_FIXED_POINT,-1.482117302212754,-10.156586580035949,-96.2380528878267,-97.2052603744304
1,0,89,979/9969,STABLE,NONZERO_FIXED_POINT,-1.5193767403068694,-10.562453310431835,-100.2627857838321,-101.27065468802738
1,0,90,225/2537,STABLE,NONZERO_FIXED_POINT,-1.5602934375699995,-11.00442361349019,-104.64470108432172,-105.6968390334321
1,0,91,273/3443,STABLE,NONZERO_FIXED_POINT,-1.6056259723287312,-11.490093908390527,-109.45901334248202,-110.55978771814597
1,0,92,46/657,STABLE,NONZERO_FIXED_POINT,-1.6564025619810696,-12.029756665032963,-114.80762753619416,-115.9624350740724
1,0,93,651/10697,STABLE,NONZERO_FIXED_POINT,-1.7140656790361568,-12.637846578649452,-120.83345622265216,-122.04913722988817
1,0,94,47/907,STABLE,NONZERO_FIXED_POINT,-1.7807289059368374,-13.335509131501766,-127.74584832357144,-129.03135775269584
1,0,95,475/11073,STABLE,NONZERO_FIXED_POINT,-1.8596701009797698,-14.155532264860554,-135.86941270071088,-137.23698439100133
1,0,96,3/88,STABLE,NONZERO_FIXED_POINT,-1.9563818954498768,-15.152851362476577,-145.74801751379164,-147.21537893122212
1,0,97,97/3819,STABLE,NONZERO_FIXED_POINT,-2.0811626391580402,-16.430458717473392,-158.40129396300287,-159.99647188710995
1,0,98,49/2913,STABLE,NONZERO_FIXED_POINT,-2.257134592982915,-18.219585468707514,-176.11843747803218,-177.89258188263136
1,0,99,99/11849,STABLE,NONZERO_FIXED_POINT,-2.5580824986056125,-21.25808730851773,-206.204226242725,-208.28227274760377
1,0,100,0,STABLE,NONZERO_FIXED_POINT,,,,
1,1,1,99/4097,STABLE,NONZERO_FIXED_POINT,-2.113846852792194,-16.65500646874184,-160.5529449413896,-162.16977571074517
1,1,2,49/1025,STABLE,NONZERO_FIXED_POINT,-1.819699180825996,-13.684374342855698,-131.21134724018583,-132.53187502554908
1,1,3,291/4105,STABLE,NONZERO_FIXED_POINT,-1.6507362363988776,-11.966228005080389,-114.2646233548719,-115.4140435273415
1,1,4,24/257,STABLE,NONZERO_FIXED_POINT,-1.5331720750616995,-10.762690314947218,-102.40793777912094,-103.4376596607406
1,1,5,475/4121,STABLE,NONZERO_FIXED_POINT,-1.4438828919715885,-9.842505749334087,-93.35200718558423,-94.2903161904839
1,1,6,141/1033,STABLE,NONZERO_FIXED_POINT,-1.3725684552495077,-9.102654717357865,-86.07708230721809,-86.9419635160823
1,1,7,651/4145,STABLE,NONZERO_FIXED_POINT,-1.313733917791133,-8.488171667338932,-80.0391472934615,-80.84309083977962
1,1,8,23/130,STABLE,NONZERO_FIXED_POINT,-1.2640988772681183,-7.966235681714899,-74.91341664392144,-75.66563216021066
1,1,9,819/4177,STABLE,NONZERO_FIXED_POINT,-1.2215468856318683,-7.515665571748144,-70.49033664827743,-71.19791722178212
1,1,10,225/1049,STABLE,NONZERO_FIXED_POINT,-1.1846322908322264,-7.121988298168553,-66.6267627198664,-67.29535568994856
1,1,11,979/4217,STABLE,NONZERO_FIXED_POINT,-1.152323390525531,-6.774870514842966,-63.22053161965522,-63.854752528866925
1,1,12,66/265,STABLE,NONZERO_FIXED_POINT,-1.1238578253398037,-6.466672510801374,-60.196145398955736,-60.799847337350684
1,1,13,1131/4265,STABLE,NONZERO_FIXED_POINT,-1.098656060032937,-6.19158303384782,-57.496206045375345,-58.07266247595339
1,1,14,301/1073,STABLE,NONZERO_FIXED_POINT,-1.076267025737411,-5.9450757276447135,-55.07603407750014,-55.628067303872285
1,1,15,1275/4321,STABLE,NONZERO_FIXED_POINT,-1.0563325674729747,-5.72355362397537,-52.900148861699336,-53.43022294324061
1,1,16,21/68,STABLE,NONZERO_FIXED_POINT,-1.0385633951393611,-5.524108672007671,-50.93988777355261,-51.45017739152493
1,1,17,1411/4385,STABLE,NONZERO_FIXED_POINT,-1.0227223438123545,-5.344354362228373,-49.17174897999905,-49.6641915639467
1,1,18,369/1105,STABLE,NONZERO_FIXED_POINT,-1.0086124314827885,-5.18230632560401,-47.5762091676836,-48.052545079545666
1,1,19,1539/4457,STABLE,NONZERO_FIXED_POINT,-0.9960681551109278,-5.036295315630895,-46.13686186360263,-46.59866587785734
1,1,20,100/281,STABLE,NONZERO_FIXED_POINT,-0.9849490267433989,-4.904902589569666,-44.83977752080088,-45.28848384070599
1,1,21,1659/4537,STABLE,NONZERO_FIXED_POINT,-0.9751346929428788,-4.786911120215265,-43.67302035073885,-44.10994274398047
1,1,22,429/1145,STABLE,NONZERO_FIXED_POINT,-0.9665211949579353,-4.68126821148865,-42.62627808752427,-43.05262628201547
1,1,23,1771/4625,STABLE,NONZERO_FIXED_POINT,-0.9590180649492481,-4.587056470310209,-41.690574520256064,-42.10746769614104
1,1,24,57/146,STABLE,NONZERO_FIXED_POINT,-0.9525460444622214,-4.503470996312153,-40.85804362625123,-41.26652162636316
1,1,25,1875/4721,STABLE,NONZERO_FIXED_POINT,-0.9470352724949933,-4.429801262926652,-40.12175019272064,-40.522782921088094
1,1,26,481/1193,STABLE,NONZERO_FIXED_POINT,-0.9424238324600225,-4.365416583238321,-39.47554596742742,-39.870041334723965
1,1,27,1971/4825,STABLE,NONZERO_FIXED_POINT,-0.9386565766096027,-4.309754347008152,-38.91395327685126,-39.30276397025165
1,1,28,126/305,STABLE,NONZERO_FIXED_POINT,-0.935684167245789,-4.26231042297281,-38.43207010465059,-38.81599939887985
1,1,29,2059/4937,STABLE,NONZERO_FIXED_POINT,-0.9334622889575002,-4.222631269831929,-38.02549210053479,-38.40529888113633
1,1,30,525/1249,STABLE,NONZERO_FIXED_POINT,-0.9319509970018842,-4.1903074080576985,-37.690248066228776,-38.066651201196976
1,1,31,2139/5057,STABLE,NONZERO_FIXED_POINT,-0.9311141749692737,-4.164967984768737,-37.42274625942002,-37.79642842848102
1,1,32,17/40,STABLE,NONZERO_FIXED_POINT,-0.9309190808567003,-4.146276223585637,-37.21972944915987,-37.591340519109565
1,1,33,2211/5185,STABLE,NONZERO_FIXED_POINT,-0.9313359651884774,-4.1339255963016015,-37.07823710303353,-37.44839712117988
1,1,34,561/1313,STABLE,NONZERO_FIXED_POINT,-0.9323377482595729,-4.12763658734594,-36.99557342669817,-37.36487529153146
1,1,35,2275/5321,STABLE,NONZERO_FIXED_POINT,-0.9338997462194385,-4.127153948225434,-36.96928023793606,-37.3382920958677
1,1,36,144/337,STABLE,NONZERO_FIXED_POINT,-0.9359994377623098,-4.132244359435788,-36.99711386015741,-37.36638126893348
1,1,37,2331/5465,STABLE,NONZERO_FIXED_POINT,-0.9386162647913601,-4.142694433219795,-37.07702537881681,-37.44707327158204
1,1,38,589/1385,STABLE,NONZERO_FIXED_POINT,-0.9417314616859915,-4.158309003088803,-37.207143729125164,-37.578478207738556
1,1,39,2379/5617,STABLE,NONZERO_FIXED_POINT,-0.9453279088031259,-4.178909656013623,-37.385761182605506,-37.75887116444437
1,1,40,75/178,STABLE,NONZERO_FIXED_POINT,-0.9493900066449128,-4.204333471219265,-37.611320879365735,-37.98667961828292
1,1,41,2419/5777,STABLE,NONZERO_FIXED_POINT,-0.9539035677705154,-4.234431936021821,-37.8824061168599,-38.260472616039465
1,1,42,609/1465,STABLE,NONZERO_FIXED_POINT,-0.9588557240537963,-4.269070014456936,-38.19773115777434,-38.57895148983158
1,1,43,2451/5945,STABLE,NONZERO_FIXED_POINT,-0.9642348473170586,-4.308125348817583,-38.55613336208546,-38.94094190978808
1,1,44,154/377,STABLE,NONZERO_FIXED_POINT,-0.9700304817241721,-4.351487577836352,-38.956566483295916,-39.34538711266529
1,1,45,2475/6121,STABLE,NONZERO_FIXED_POINT,-0.9762332866102454,-4.399057758264675,-39.398094997926535,-39.79134217415617
1,1,46,621/1553,STABLE,NONZERO_FIXED_POINT,-0.9828349886714713,-4.4507478791369195,-39.8798893617535,-40.2779692173055
1,1,47,2491/6305,STABLE,NONZERO_FIXED_POINT,-0.9898283426483729,-4.506480460155359,-40.40122210701202,-40.80453347038457
1,1,48,39/100,STABLE,NONZERO_FIXED_POINT,-0.9972070998158302,-4.566188227472956,-40.96146471262253,-41.37040010559605
1,1,49,2499/6497,STABLE,NONZERO_FIXED_POINT,-1.0049659837507683,-4.629813861747699,-41.560085195087595,-41.97503180572653
1,1,50,625/1649,STABLE,NONZERO_FIXED_POINT,-1.0131006729885943,-4.697309814752259,-42.1966463815761,-42.61798701987652
1,1,51,2499/6697,STABLE,NONZERO_FIXED_POINT,-1.0216077903068808,-4.768638192092865,-42.87080483932732,-43.29891888213706
1,1,52,156/425,STABLE,NONZERO_FIXED_POINT,-1.0304848984935067,-4.843770700765766,-43.5823104472546,-44.01757477895046
1,1,53,2491/6905,STABLE,NONZERO_FIXED_POINT,-1.0397305025700732,-4.922688661395682,-44.33100660687069,-44.77379656224883
1,1,54,621/1753,STABLE,NONZERO_FIXED_POINT,-1.049344058553265,-5.005383086096607,-45.11683110072988,-45.56752141664708
1,1,55,2475/7121,STABLE,NONZERO_FIXED_POINT,-1.0593259889502775,-5.091854824004855,-45.939817617810604,-46.398783400310776
1,1,56,77/226,STABLE,NONZERO_FIXED_POINT,-1.0696777053028819,-5.182114777694423,-46.8000979769829,-47.26771569095783
1,1,57,2451/7345,STABLE,NONZERO_FIXED_POINT,-1.0804016382216055,-5.276184194932199,-47.69790509227522,-48.174553581149496
1,1,58,609/1865,STABLE,NONZERO_FIXED_POINT,-1.091501275491174,-5.374095041606296,-48.63357673746822,-49.11963828098004
1,1,59,2419/7577,STABLE,NONZERO_FIXED_POINT,-1.1029812089849145,-5.475890463210824,-49.60756018305233,-50.103421601939885
1,1,60,150/481,STABLE,NONZERO_FIXED_POINT,-1.1148471913050813,-5.581625344049684,-50.620417796326564,-51.126471613644725
1,1,61,2379/7817,STABLE,NONZERO_FIXED_POINT,-1.127106203274245,-5.691366975393343,-51.6728337160194,-52.189479385939194
1,1,62,589/1985,STABLE,NONZERO_FIXED_POINT,-1.139766533647892,-5.80519584626677,-52.765621737077936,-53.29326695339
1,1,63,2331/8065,STABLE,NONZERO_FIXED_POINT,-1.1528378727102737,-5.923206573460895,-53.899734570160774,-54.438796668365114
1,1,64,9/32,STABLE,NONZERO_FIXED_POINT,-1.166331421766525,-6.045508990867507,-55.076274675113154,-55.627182143993764
1,1,65,2275/8321,STABLE,NONZERO_FIXED_POINT,-1.1735266383108431,-6.165496039837031,-56.28977352720665,-56.85296764822351
1,1,66,561/2113,STABLE,NONZERO_FIXED_POINT,-1.1812743368853518,-6.290148207182121,-57.548509326202634,-58.12444596199879
1,1,67,2211/8585,STABLE,NONZERO_FIXED_POINT,-1.1895880155819682,-6.4196264131689205,-58.854115371165335,-59.443266928083574
1,1,68,136/545,STABLE,NONZERO_FIXED_POINT,-1.1984834752289757,-6.554113456104595,-60.20843959916806,-60.81129719307441
1,1,69,2139/8857,STABLE,NONZERO_FIXED_POINT,-1.2079790493714242,-6.693816380176578,-61.61356813484565,-62.23064399495195
1,1,70,525/2249,STABLE,NONZERO_FIXED_POINT,-1.2180958761744058,-6.838969257532163,-63.07185293393047,-63.70368308596011
1,1,71,2059/9137,STABLE,NONZERO_FIXED_POINT,-1.2288582204490694,-6.98983646702348,-64.5859443373684,-65.23309161566215
1,1,72,63/290,STABLE,NONZERO_FIXED_POINT,-1.2402938560483046,-7.146716572472542,-66.15882955480586,-66.82188700325116
1,1,73,1971/9425,STABLE,NONZERO_FIXED_POINT,-1.252434521518687,-7.3099469296703745,-67.79387835712976,-68.47347309172818
1,1,74,481/2393,STABLE,NONZERO_FIXED_POINT,-1.2653164653290183,-7.479909185630412,-69.49489759732427,-70.19169521956394
1,1,75,1875/9721,STABLE,NONZERO_FIXED_POINT,-1.2789811015051313,-7.657035878679537,-71.26619662498962,-71.98090629605616
1,1,76,114/617,STABLE,NONZERO_FIXED_POINT,-1.2934758024811952,-7.841818407750189,-73.11266625164777,-73.84604656434456
1,1,77,1771/10025,STABLE,NONZERO_FIXED_POINT,-1.3088548639941102,-8.034816719376934,-75.03987471731608,-75.79274053741824
1,1,78,429/2545,STABLE,NONZERO_FIXED_POINT,-1.3251806877156476,-8.23667116955987,-77.05418518452245,-77.82741567901047
1,1,79,1659/10337,STABLE,NONZERO_FIXED_POINT,-1.3425252422323304,-8.448117166791988,-79.16290076234469,-79.9574488925939
1,1,80,25/164,STABLE,NONZERO_FIXED_POINT,-1.3609718837259361,-8.670003409958468,-81.37444511640643,-82.1913489557821
1,1,81,1539/10657,STABLE,NONZERO_FIXED_POINT,-1.3806176469724942,-8.903314827450416,-83.69858961782091,-84.53898596376695
1,1,82,369/2705,STABLE,NONZERO_FIXED_POINT,-1.4015761592191716,-9.149201743236468,-86.14674213613154,-87.01188303941507
1,1,83,1411/10985,STABLE,NONZERO_FIXED_POINT,-1.4239813906503986,-9.409017407142272,-88.732318635198,-89.62359168270018
1,1,84,84/697,STABLE,NONZERO_FIXED_POINT,-1.4479925460212826,-9.684366935242977,-91.4712277266492,-92.39018121868534
1,1,85,1275/11321,STABLE,NONZERO_FIXED_POINT,-1.4738005399189351,-9.97717208508886,-94.38251198578558,-95.33088659141026
1,1,86,301/2873,STABLE,NONZERO_FIXED_POINT,-1.5016367122835774,-10.289758432188052,-97.48921103766622,-98.46898016806432
1,1,87,1131/11665,STABLE,NONZERO_FIXED_POINT,-1.53178478231969,-10.62497492914352,-100.81954522934922,-101.83296736755358
1,1,88,33/370,STABLE,NONZERO_FIXED_POINT,-1.5645975997981694,-10.986361437542989,-104.4085742303829,-105.45826201457203
1,1,89,979/12017,STABLE,NONZERO_FIXED_POINT,-1.600521205480856,-11.378389349994897,-108.30057922385942,-109.38959259322866
1,1,90,225/3049,STABLE,NONZERO_FIXED_POINT,-1.6401303947136476,-11.806817242847437,-112.5525838994565,-113.68455880571051
1,1,91,819/12377,STABLE,NONZERO_FIXED_POINT,-1.6841830858459481,-12.279234576235844,-117.23973711335748,-118.41906860253857
1,1,92,46/785,STABLE,NONZERO_FIXED_POINT,-1.7337068491665413,-12.805926998421661,-122.46387942908922,-123.69599125415289
1,1,93,651/12745,STABLE,NONZERO_FIXED_POINT,-1.7901435230372673,-13.401322521295604,-128.36786028139704,-129.65961913263413
1,1,94,141/3233,STABLE,NONZERO_FIXED_POINT,-1.8556060687686342,-14.086560082538426,-135.16096676663813,-136.5213533585943
1,1,95,475/13121,STABLE,NONZERO_FIXED_POINT,-1.9333717365562162,-14.894421217678016,-143.1677472198321,-144.60902054569902
1,1,96,3/104,STABLE,NONZERO_FIXED_POINT,-2.0289325625984884,-15.879835043294309,-152.9320105708358,-154.47192265541491
1,1,97,291/13505,STABLE,NONZERO_FIXED_POINT,-2.15258631458853,-17.145787723338643,-165.4733300821817,-167.13993168171925
1,1,98,49/3425,STABLE,NONZERO_FIXED_POINT,-2.3274546841836905,-18.923504404647545,-183.0808445308414,-184.9253090266413
1,1,99,99/13897,STABLE,NONZERO_FIXED_POINT,-2.6273218566449454,-21.95083492360437,-213.05927672331214,-215.20656258623023
1,1,100,0,STABLE,NONZERO_FIXED_POINT,,,,
1,2,1,33/2731,STABLE,NONZERO_FIXED_POINT,-2.4148238436984473,-19.669903455122068,-190.35479411842633,-192.27260187868816
1,2,2,49/2049,STABLE,NONZERO_FIXED_POINT,-2.120517273835418,-16.702469470904063,-161.0022526460727,-162.6235985244454
1,2,3,291/8201,STABLE,NONZERO_FIXED_POINT,-1.9512898868396569,-14.986138797850785,-144.0338090368703,-145.48378285978066
1,2,4,8/171,STABLE,NONZERO_FIXED_POINT,-1.833356316842222,-13.783052713859064,-132.1446976964778,-133.47460381987798
1,2,5,475/8217,STABLE,NONZERO_FIXED_POINT,-1.7435935644206246,-12.861976121912747,-123.04572740595233,-124.28374708330108
1,2,6,141/2057,STABLE,NONZERO_FIXED_POINT,-1.67170242542461,-12.119911843993236,-115.71726277849584,-116.88127795753513
1,2,7,217/2747,STABLE,NONZERO_FIXED_POINT,-1.612189297045063,-11.501918687641918,-109.61542306355676,-110.71782198912882
1,2,8,23/258,STABLE,NONZERO_FIXED_POINT,-1.5617752309245114,-10.975201983102899,-104.41557840827784,-105.46547027822348
1,2,9,819/8273,STABLE,NONZERO_FIXED_POINT,-1.5183454346941225,-10.51860860484161,-99.90835051333818,-100.91272963590507
1,2,10,75/691,STABLE,NONZERO_FIXED_POINT,-1.4804561047325304,-10.117695305342103,-95.95078907987784,-96.91520586386034
1,2,11,979/8313,STABLE,NONZERO_FIXED_POINT,-1.4470775700125635,-9.762160159796586,-92.44094305419583,-93.36991814289462
1,2,12,66/521,STABLE,NONZERO_FIXED_POINT,-1.41744967470252,-9.444396398309692,-89.30354350917398,-90.20083729693164
1,2,13,377/2787,STABLE,NONZERO_FIXED_POINT,-1.390995247962362,-9.158627109981026,-86.4814371579792,-87.35023277648673
1,2,14,301/2097,STABLE,NONZERO_FIXED_POINT,-1.3672657342368053,-8.90036155184957,-83.93020375690594,-84.77323569177747
1,2,15,1275/8417,STABLE,NONZERO_FIXED_POINT,-1.3459056283376434,-8.666039505589964,-81.6146351822602,-82.43428232466613
1,2,16,7/44,STABLE,NONZERO_FIXED_POINT,-1.326628413638974,-8.452790665168273,-79.50635331529797,-80.30470795176991
1,2,17,1411/8481,STABLE,NONZERO_FIXED_POINT,-1.3091998093194768,-8.258267114772728,-77.58215152267292,-78.36107157212774
1,2,18,369/2129,STABLE,NONZERO_FIXED_POINT,-1.2934258148999813,-8.080523779478945,-75.8228110689426,-76.58396036422192
1,2,19,513/2851,STABLE,NONZERO_FIXED_POINT,-1.279143993053875,-7.917931258405503,-74.21223811789031,-74.95711797008795
1,2,20,100/537,STABLE,NONZERO_FIXED_POINT,-1.2662169925378741,-7.769111058818005,-72.73682250554808,-73.46679679124767
1,2,21,1659/8633,STABLE,NONZERO_FIXED_POINT,-1.2545276545880206,-7.632886664616805,-71.3849532760517,-72.10126863093853
1,2,22,143/723,STABLE,NONZERO_FIXED_POINT,-1.2439752602962217,-7.508246014349666,-70.14664717432913,-70.8504494341586
1,2,23,1771/8721,STABLE,NONZERO_FIXED_POINT,-1.2344726143642877,-7.394312342710698,-69.01325993991401,-69.70560766521402
1,2,24,57/274,STABLE,NONZERO_FIXED_POINT,-1.2259437514981721,-7.290321248146171,-67.97725924188418,-68.65913494903208
1,2,25,625/2939,STABLE,NONZERO_FIXED_POINT,-1.2183221128560113,-7.195602460700378,-67.03204414887375,-67.70436371760229
1,2,26,481/2217,STABLE,NONZERO_FIXED_POINT,-1.2115490819041703,-7.1095652036415515,-66.1718001802148,-66.83542079695547
1,2,27,1971/8921,STABLE,NONZERO_FIXED_POINT,-1.2055727982991726,-7.031686335049059,-65.39138188139009,-66.04710879648002
1,2,28,42/187,STABLE,NONZERO_FIXED_POINT,-1.2003471891551651,-6.961500662960788,-64.68621692039483,-65.33480923653343
1,2,29,2059/9033,STABLE,NONZERO_FIXED_POINT,-1.19583117197039,-6.898592976822165,-64.05222717809585,-64.6944028417102
1,2,30,525/2273,STABLE,NONZERO_FIXED_POINT,-1.1919879943527185,-6.842591446643567,-63.48576338145011,-64.1222035137692
1,2,31,713/3051,STABLE,NONZERO_FIXED_POINT,-1.188784683698799,-6.793162121421659,-62.9835506218987,-63.61490329968922
1,2,32,17/72,STABLE,NONZERO_FIXED_POINT,-1.1861915859600067,-6.7500043181661695,-62.54264269312429,-63.16952626817729
1,2,33,2211/9281,STABLE,NONZERO_FIXED_POINT,-1.1841819771353066,-6.7128467379445524,-62.16038362855511,-62.783389658648275
1,2,34,187/779,STABLE,NONZERO_FIXED_POINT,-1.1827317345623216,-6.68144417966996,-61.834375158683,-62.45407100981902
1,2,35,2275/9417,STABLE,NONZERO_FIXED_POINT,-1.1818190577144225,-6.655574748722962,-61.562449069280376,-62.17938023870698
1,2,36,144/593,STABLE,NONZERO_FIXED_POINT,-1.1814242302552325,-6.635037477933679,-61.342643643912766,-61.957335845181774
1,2,37,777/3187,STABLE,NONZERO_FIXED_POINT,-1.1815294166990356,-6.619650294422556,-61.17318353226182,-61.78614457693459
1,2,38,589/2409,STABLE,NONZERO_FIXED_POINT,-1.1821184882838676,-6.60924827838015,-61.05246251033884,-61.66418401555012
1,2,39,2379/9713,STABLE,NONZERO_FIXED_POINT,-1.1831768736627772,-6.603682169853435,-60.9790286975458,-61.58998764424433
1,2,40,25/102,STABLE,NONZERO_FIXED_POINT,-1.1846914308175993,-6.602817087594303,-60.95157187462161,-61.56223203771148
1,2,41,2419/9873,STABLE,NONZERO_FIXED_POINT,-1.1866503372431385,-6.606531430461423,-60.96891261023342,-61.5797258788856
1,2,42,609/2489,STABLE,NONZERO_FIXED_POINT,-1.1890429959722617,-6.614715937091503,-61.029992955696116,-61.64140055967181
1,2,43,817/3347,STABLE,NONZERO_FIXED_POINT,-1.1918599554397886,-6.627272883830017,-61.133868509626666,-61.74630216545199
1,2,44,154/633,STABLE,NONZERO_FIXED_POINT,-1.1950928415357334,-6.644115404437976,-61.27970168924978,-61.8935846784307
1,2,45,2475/10217,STABLE,NONZERO_FIXED_POINT,-1.1987343004920703,-6.665166918025591,-61.466756074132036,-62.08250426424348
1,2,46,207/859,STABLE,NONZERO_FIXED_POINT,-1.2027779514938146,-6.690360654131936,-61.69439171255195,-62.312414530926276
1,2,47,2491/10401,STABLE,NONZERO_FIXED_POINT,-1.2072183481153314,-6.7196392659677215,-61.96206130149716,-62.582762670336706
1,2,48,39/164,STABLE,NONZERO_FIXED_POINT,-1.2120509478635282,-6.752954524647912,-62.26930716918906,-62.89308641021026
1,2,49,833/3531,STABLE,NONZERO_FIXED_POINT,-1.2172720892681603,-6.790267088824216,-62.61575900471939,-63.2430117208757
1,2,50,625/2673,STABLE,NONZERO_FIXED_POINT,-1.2228789761006116,-6.831546345540225,-63.00113229336921,-63.63225123478168
1,2,51,2499/10793,STABLE,NONZERO_FIXED_POINT,-1.2288696684313258,-6.876770319418142,-63.42522742891748,-64.06060334985165
1,2,52,52/227,STABLE,NONZERO_FIXED_POINT,-1.2352430803559802,-6.925925648486569,-63.88792948613482,-64.52795199969313
1,2,53,2491/11001,STABLE,NONZERO_FIXED_POINT,-1.2419989843356891,-6.979007626108469,-64.38920864804317,-65.03426708518691
1,2,54,621/2777,STABLE,NONZERO_FIXED_POINT,-1.2491380222097277,-7.0360203096020655,-64.92912129374542,-65.5796055733191
1,2,55,825/3739,STABLE,NONZERO_FIXED_POINT,-1.2566617230543606,-7.096976697296441,-65.50781176401256,-66.16411328061685
1,2,56,77/354,STABLE,NONZERO_FIXED_POINT,-1.2645725281812683,-7.16189897696313,-66.12551483368969,-66.788027370543
1,2,57,2451/11441,STABLE,NONZERO_FIXED_POINT,-1.27287382369758,-7.230818849849797,-66.7825589327075,-67.45167960705771
1,2,58,203/963,STABLE,NONZERO_FIXED_POINT,-1.2815699811906658,-7.3037779359522474,-67.47937017145074,-68.15550042066207
1,2,59,2419/11673,STABLE,NONZERO_FIXED_POINT,-1.2906664072588896,-7.380828267742416,-68.21647724189341,-68.90002385905495
1,2,60,150/737,STABLE,NONZERO_FIXED_POINT,-1.3001696027903007,-7.462032881376139,-68.99451728379361,-69.685893512597
1,2,61,793/3971,STABLE,NONZERO_FIXED_POINT,-1.3100872331006723,-7.547466516499256,-69.81424282598789,-70.51386952573415
1,2,62,589/3009,STABLE,NONZERO_FIXED_POINT,-1.3204282102888385,-7.6372164382350505,-70.67652993721867,-71.38483683017165
1,2,63,2331/12161,STABLE,NONZERO_FIXED_POINT,-1.3312027894602814,-7.731383397866146,-71.58238774994805,-72.29981476490246
1,2,64,3/16,STABLE,NONZERO_FIXED_POINT,-1.3424226808222062,-7.8300827522458345,-72.5329695554744,-73.25996828341066
1,2,65,2275/12417,STABLE,NONZERO_FIXED_POINT,-1.3473677974212421,-7.926712383584174,-73.52285232828291,-74.25988760841017
1,2,66,561/3137,STABLE,NONZERO_FIXED_POINT,-1.3528893585307813,-8.028257166187508,-74.56035468894919,-75.30790634639072
1,2,67,737/4227,STABLE,NONZERO_FIXED_POINT,-1.3590012186337148,-8.13488188245622,-75.64714552787535,-76.40571028784535
1,2,68,136/801,STABLE,NONZERO_FIXED_POINT,-1.3657194890365716,-8.24677269471944,-76.78510378745347,-77.55519739516748
1,2,69,2139/12953,STABLE,NONZERO_FIXED_POINT,-1.373062770219457,-8.364139539537405,-77.97634224914191,-78.75850183009624
1,2,70,175/1091,STABLE,NONZERO_FIXED_POINT,-1.3810524260467787,-8.48721893544053,-79.22323540820523,-80.0180221101073
1,2,71,2059/13233,STABLE,NONZERO_FIXED_POINT,-1.389712908035369,-8.616277286515086,-80.52845225239986,-81.33645421827993
1,2,72,63/418,STABLE,NONZERO_FIXED_POINT,-1.3990721399243826,-8.75161478467897,-81.8949949631457,-82.71683069546714
1,2,73,657/4507,STABLE,NONZERO_FIXED_POINT,-1.4091619754314966,-8.893570039854126,-83.32624481867748,-84.16256700718873
1,2,74,481/3417,STABLE,NONZERO_FIXED_POINT,-1.4200187455143425,-9.042525601551837,-84.82601691830365,-85.67751682072861
1,2,75,1875/13817,STABLE,NONZERO_FIXED_POINT,-1.4316839159658983,-9.198914580453604,-86.39862579303156,-87.26603827855888
1,2,76,38/291,STABLE,NONZERO_FIXED_POINT,-1.4442048821535245,-9.363228638353434,-88.04896455964109,-88.93307395201018
1,2,77,1771/14121,STABLE,NONZERO_FIXED_POINT,-1.4576359357281525,-9.536027694970151,-89.78260106868248,-90.68424796051869
1,2,78,429/3569,STABLE,NONZERO_FIXED_POINT,-1.4720394489985313,-9.717951808800102,-91.60589557260374,-92.52598482837465
1,2,79,553/4811,STABLE,NONZERO_FIXED_POINT,-1.4874873375810225,-9.909735838317786,-93.52614591664928,-94.4656561422471
1,2,80,25/228,STABLE,NONZERO_FIXED_POINT,-1.5040628826786921,-10.112227697245054,-95.55176830854967,-96.51176314687808
1,2,81,1539/14753,STABLE,NONZERO_FIXED_POINT,-1.5218630236085922,-10.326411310245994,-97.6925246201044,-98.67416634268659
1,2,82,123/1243,STABLE,NONZERO_FIXED_POINT,-1.5410012731378906,-10.553435794807612,-99.95981132583455,-100.9643773430368
1,2,83,1411/15081,STABLE,NONZERO_FIXED_POINT,-1.5616114693416066,-10.79465300657408,-102.36703123780114,-103.39593436399451
1,2,84,84/953,STABLE,NONZERO_FIXED_POINT,-1.583852668561601,-11.051666494059347,-104.93007819137136,-105.9848918059478
1,2,85,425/5139,STABLE,NONZERO_FIXED_POINT,-1.6079156219290773,-11.32639628747851,-107.66797848698565,-108.7504681746205
1,2,86,301/3897,STABLE,NONZERO_FIXED_POINT,-1.634031492084322,-11.621166088143355,-110.60375409584299,-111.71591800604182
1,2,87,1131/15761,STABLE,NONZERO_FIXED_POINT,-1.662483808225696,-11.938822839841436,-113.76560644566109,-114.9097276097715
1,2,88,11/166,STABLE,NONZERO_FIXED_POINT,-1.693625218490892,-12.282904272319705,-117.18857512880307,-118.36729053168492
1,2,89,979/16113,STABLE,NONZERO_FIXED_POINT,-1.727901551403658,-12.657879534288988,-120.91692019527932,-122.13331391057136
1,2,90,225/4073,STABLE,NONZERO_FIXED_POINT,-1.7658873804342647,-13.069504856509269,-125.00764324225187,-126.2653751342265
1,2,91,273/5491,STABLE,NONZERO_FIXED_POINT,-1.8083403933334345,-13.525367261624211,-129.53587016513148,-130.8393589618001
1,2,92,46/1041,STABLE,NONZERO_FIXED_POINT,-1.8562879219318233,-14.035749877731575,-134.6034177845092,-135.9581106823382
1,2,93,651/16841,STABLE,NONZERO_FIXED_POINT,-1.9111715590884675,-14.615078122584272,-140.35311109124245,-141.76589797853075
1,2,94,47/1419,STABLE,NONZERO_FIXED_POINT,-1.9751040143342147,-15.284488273938706,-146.99421211337503,-148.4740966508968
1,2,95,475/17217,STABLE,NONZERO_FIXED_POINT,-2.0513622805310696,-16.07675914931113,-154.8512435652272,-156.410507435069
1,2,96,3/136,STABLE,NONZERO_FIXED_POINT,-2.1454381316699256,-17.046817096415232,-164.46798827131465,-166.12440592496517
1,2,97,97/5867,STABLE,NONZERO_FIXED_POINT,-2.267629069001054,-18.29764546626894,-176.86399296782665,-178.64563732177672
1,2,98,49/4449,STABLE,NONZERO_FIXED_POINT,-2.441056514103291,-20.06046655507111,-194.32836954410934,-196.2864358698289
1,2,99,99/17993,STABLE,NONZERO_FIXED_POINT,-2.7395043790854334,-23.073127316821818,-224.16581361373298,-226.42528199909157
1,2,100,0,STABLE,NONZERO_FIXED_POINT,,,,
1,3,1,99/16385,STABLE,NONZERO_FIXED_POINT,-2.7158273345574466,-22.682525489318486,-220.15672683907368,-222.37553809019454
1,3,2,49/4097,STABLE,NONZERO_FIXED_POINT,-2.4214412793873645,-19.716758325080292,-190.79877799437224,-192.72104787829687
1,3,3,3/169,STABLE,NONZERO_FIXED_POINT,-2.2520815138233363,-18.001442737202915,-173.81956777776992,-175.57033322766392
1,3,4,24/1025,STABLE,NONZERO_FIXED_POINT,-2.1339628171221783,-16.798724150830285,-161.91434765836516,-163.5448602820453
1,3,5,475/16409,STABLE,NONZERO_FIXED_POINT,-2.043962392460175,-15.877372232389305,-152.79394921194876,-154.33233771733705
1,3,6,141/4105,STABLE,NONZERO_FIXED_POINT,-1.9717812951853455,-15.13439517332376,-145.43876551653088,-146.9028595653309
1,3,7,651/16433,STABLE,NONZERO_FIXED_POINT,-1.9119262381543631,-14.514857744666969,-139.30494987930547,-140.70708574598683
1,3,8,23/514,STABLE,NONZERO_FIXED_POINT,-1.8611186439565568,-13.985971820473601,-134.06791200548741,-135.4171472884651
1,3,9,819/16465,STABLE,NONZERO_FIXED_POINT,-1.8172441454146728,-13.526591384003638,-129.5183185465919,-130.8215963798794
1,3,10,225/4121,STABLE,NONZERO_FIXED_POINT,-1.7788594171632575,-13.122280844663976,-125.5132694254412,-126.77608952185443
1,3,11,979/16505,STABLE,NONZERO_FIXED_POINT,-1.7449353181769993,-12.762746464427934,-121.9508689452523,-123.17770178211549
1,3,12,66/1033,STABLE,NONZERO_FIXED_POINT,-1.7147122729226156,-12.440390170465115,-118.7559085224855,-119.95046490846323
1,3,13,1131/16553,STABLE,NONZERO_FIXED_POINT,-1.6876137395821527,-12.149444238458145,-115.87130003978888,-117.03671414991618
1,3,14,301/4145,STABLE,NONZERO_FIXED_POINT,-1.6631918386577516,-11.885427579704448,-113.25269307673403,-114.39165111602648
1,3,15,75/977,STABLE,NONZERO_FIXED_POINT,-1.6410917862587908,-11.644790075009254,-110.86495380412163,-111.97978710444866
1,3,16,21/260,STABLE,NONZERO_FIXED_POINT,-1.6210278304039427,-11.424671938694317,-108.67978267678302,-109.77253673001991
1,3,17,1411/16673,STABLE,NONZERO_FIXED_POINT,-1.602766496281653,-11.222736172154775,-106.67405571327629,-107.74654244969327
1,3,18,369/4177,STABLE,NONZERO_FIXED_POINT,-1.5861146287267793,-11.037048989540459,-104.8286406999913,-105.88247880909739
1,3,19,1539/16745,STABLE,NONZERO_FIXED_POINT,-1.570910672900638,-10.865992625433087,-103.12753397740221,-104.16418050944662
1,3,20,100/1049,STABLE,NONZERO_FIXED_POINT,-1.5570181950318762,-10.70820054309172,-101.55721899234263,-102.5779944805362
1,3,21,1659/16825,STABLE,NONZERO_FIXED_POINT,-1.5443209865728775,-10.56250847681357,-100.1061816084246,-101.11229029529625
1,3,22,429/4217,STABLE,NONZERO_FIXED_POINT,-1.5327193092968914,-10.427916883660806,-98.76453836958916,-99.75708467841935
1,3,23,1771/16913,STABLE,NONZERO_FIXED_POINT,-1.522126976742621,-10.303561758620432,-97.5237475620545,-98.50374964973287
1,3,24,57/530,STABLE,NONZERO_FIXED_POINT,-1.5124690582785734,-10.188691675919905,-96.37638191561777,-97.34478292954606
1,3,25,1875/17009,STABLE,NONZERO_FIXED_POINT,-1.5036800532102124,-10.08264953072905,-95.31594783919371,-96.27362534827643
1,3,26,481/4265,STABLE,NONZERO_FIXED_POINT,-1.4957024242932242,-9.98485787488086,-94.33674023755134,-95.28451419668107
1,3,27,1971/17113,STABLE,NONZERO_FIXED_POINT,-1.488485409279651,-9.894807032879498,-93.43372485330144,-94.37236437937185
1,3,28,126/1073,STABLE,NONZERO_FIXED_POINT,-1.4819840498649555,-9.812045391875998,-92.60244213156975,-93.53267130841817
1,3,29,2059/17225,STABLE,NONZERO_FIXED_POINT,-1.4761583923176325,-9.736171408428504,-91.8389280812363,-92.76143096519792
1,3,30,525/4321,STABLE,NONZERO_FIXED_POINT,-1.470972824938979,-9.666826983523599,-91.13964868235354,-92.0550736452588
1,3,31,2139/17345,STABLE,NONZERO_FIXED_POINT,-1.466395525514809,-9.603691937477421,-90.50144518276136,-91.41040870236793
1,3,32,1/8,STABLE,NONZERO_FIXED_POINT,-1.462397997898956,-9.546479376115506,-89.92148821874125,-90.82457820573319
1,3,33,2211/17473,STABLE,NONZERO_FIXED_POINT,-1.4589546813748555,-9.494931784695197,-89.39723914069305,-90.29501787502579
1,3,34,561/4385,STABLE,NONZERO_FIXED_POINT,-1.4560426198721528,-9.44881772034126,-88.9264172644543,-89.81942400090014
1,3,35,2275/17609,STABLE,NONZERO_FIXED_POINT,-1.453641180751303,-9.40792900012503,-88.50697202984225,-89.39572532230574
1,3,36,144/1105,STABLE,NONZERO_FIXED_POINT,-1.4517318149120984,-9.372078302347568,-88.13705925026062,-89.02205903618648
1,3,37,2331/17753,STABLE,NONZERO_FIXED_POINT,-1.450297851578739,-9.34109711455423,-87.81502079527581,-88.69675027482839
1,3,38,589/4457,STABLE,NONZERO_FIXED_POINT,-1.4493243223717016,-9.314833974384179,-87.53936717258244,-88.41829451188153
1,3,39,2379/17905,STABLE,NONZERO_FIXED_POINT,-1.448797810274904,-9.293152959341292,-87.3087625745996,-88.18534245791028
1,3,40,75/562,STABLE,NONZERO_FIXED_POINT,-1.4487063199050798,-9.275932389555976,-87.12201203397541,-87.99668708615278
1,3,41,2419/18065,STABLE,NONZERO_FIXED_POINT,-1.4490391661331437,-9.26306371403846,-86.97805039594397,-87.85125249348613
1,3,42,609/4537,STABLE,NONZERO_FIXED_POINT,-1.449786878629686,-9.254450556144448,-86.87593286716009,-87.74808435379316
1,3,43,2451/18233,STABLE,NONZERO_FIXED_POINT,-1.4509411203334892,-9.25000789824449,-86.81482694291384,-87.68634176363287
1,3,44,154/1145,STABLE,NONZERO_FIXED_POINT,-1.4524946181942875,-9.249661389110244,-86.79400554949396,-87.66529031533341
1,3,45,2475/18409,STABLE,NONZERO_FIXED_POINT,-1.4544411048341157,-9.253346760462044,-86.81284126748852,-87.68429626194205
1,3,46,621/4625,STABLE,NONZERO_FIXED_POINT,-1.456775270017963,-9.261009341586544,-86.87080152620649,-87.74282166310496
1,3,47,2491/18593,STABLE,NONZERO_FIXED_POINT,-1.4594927210339925,-9.272603663028235,-86.96744468014816,-87.84042042190634
1,3,48,39/292,STABLE,NONZERO_FIXED_POINT,-1.4625899512642477,-9.288093142164954,-87.10241689633247,-87.97673514075439
1,3,49,147/1105,STABLE,NONZERO_FIXED_POINT,-1.4660643163848022,-9.307449845058485,-87.2754497969415,-88.15149474021442
1,3,50,625/4721,STABLE,NONZERO_FIXED_POINT,-1.4699140177753298,-9.330654320381178,-87.48635881569993,-88.36451279878713
1,3,51,2499/18985,STABLE,NONZERO_FIXED_POINT,-1.474138092846518,-9.357695502503667,-87.73504223912357,-88.61568658447294
1,3,52,156/1193,STABLE,NONZERO_FIXED_POINT,-1.4787364121135376,-9.388570682027456,-88.02148091563134,-88.90499676094726
1,3,53,2491/19193,STABLE,NONZERO_FIXED_POINT,-1.483709682958665,-9.423285543193806,-88.34573862688649,-89.23250776265326
1,3,54,621/4825,STABLE,NONZERO_FIXED_POINT,-1.4890594601392806,-9.461854268732864,-88.70796312693562,-89.59836884443882
1,3,55,2475/19409,STABLE,NONZERO_FIXED_POINT,-1.4947881632123412,-9.504299713864654,-89.108387866084,-90.00281582284623
1,3,56,77/610,STABLE,NONZERO_FIXED_POINT,-1.5008991011662478,-9.550653652362229,-89.54733442830872,-90.44617353814701
1,3,57,2451/19633,STABLE,NONZERO_FIXED_POINT,-1.5073965046794306,-9.60095709887132,-90.0252157237237,-90.92885907905577
1,3,58,609/4937,STABLE,NONZERO_FIXED_POINT,-1.5142855665659987,-9.655260713090705,-90.54253999157027,-91.45138582615698
1,3,59,2419/19865,STABLE,NONZERO_FIXED_POINT,-1.521572491126868,-9.713625292998373,-91.09991568485799,-92.01436838588751
1,3,60,150/1249,STABLE,NONZERO_FIXED_POINT,-1.529264553305385,-9.776122366114876,-91.69805732566019,-92.61852850497863
1,3,61,2379/20105,STABLE,NONZERO_FIXED_POINT,-1.5373701687560573,-9.84283488989012,-92.33779244081245,-93.26470207621412
1,3,62,589/5057,STABLE,NONZERO_FIXED_POINT,-1.5458989761813022,-9.913858074764256,-93.0200697121569,-93.95384737100233
1,3,63,2331/20353,STABLE,NONZERO_FIXED_POINT,-1.5548619335843448,-9.989300346384361,-93.74596850449353,-94.68705466357198
1,3,64,9/80,STABLE,NONZERO_FIXED_POINT,-1.564271430438563,-10.069284466980353,-94.51670996926742,-95.46555744682004
1,3,65,2275/20609,STABLE,NONZERO_FIXED_POINT,-1.5674080355415434,-10.14721545751511,-95.32693658163663,-96.2840120998842
1,3,66,33/305,STABLE,NONZERO_FIXED_POINT,-1.5711236005580966,-10.230085067157475,-96.18503011995932,-97.15081601942825
1,3,67,2211/20873,STABLE,NONZERO_FIXED_POINT,-1.57543258919514,-10.318064692353815,-97.09272030970408,-98.06771644023547
1,3,68,136/1313,STABLE,NONZERO_FIXED_POINT,-1.5803516990418132,-10.411346852048695,-98.05194462910788,-99.03667044682712
1,3,69,2139/21145,STABLE,NONZERO_FIXED_POINT,-1.5859000941765444,-10.51014758565794,-99.06487212280712,-100.05986902771849
1,3,70,525/5321,STABLE,NONZERO_FIXED_POINT,-1.5920996796634963,-10.614709264736867,-100.13393130593442,-101.13976526145319
1,3,71,2059/21425,STABLE,NONZERO_FIXED_POINT,-1.5989754261325348,-10.725303900728022,-101.26184297472025,-102.27910745869747
1,3,72,63/674,STABLE,NONZERO_FIXED_POINT,-1.6065557546846678,-10.842237051607647,-102.45165894189822,-103.48097828897994
1,3,73,1971/21713,STABLE,NONZERO_FIXED_POINT,-1.6148729950051983,-10.965852456614044,-103.70680797618189,-104.74884118426678
1,3,74,481/5465,STABLE,NONZERO_FIXED_POINT,-1.6239639330013027,-11.096537562551731,-105.03115056471853,-106.08659565463046
1,3,75,1875/22009,STABLE,NONZERO_FIXED_POINT,-1.6338704687905974,-11.234730150232878,-106.42904456357013,-107.49864360192214
1,3,76,114/1385,STABLE,NONZERO_FIXED_POINT,-1.644640411848421,-11.380926329401525,-107.90542439310144,-108.98996931516547
1,3,77,1771/22313,STABLE,NONZERO_FIXED_POINT,-1.656328448138348,-11.535690250630282,-109.46589722856135,-110.56623663280772
1,3,78,429/5617,STABLE,NONZERO_FIXED_POINT,-1.6689973249190118,-11.69966599134144,-111.11686071187972,-112.2339078435711
1,3,79,1659/22625,STABLE,NONZERO_FIXED_POINT,-1.682719313836035,-11.873592222243296,-112.86564818715101,-114.00039038900388
1,3,80,25/356,STABLE,NONZERO_FIXED_POINT,-1.697578033651114,-12.058320467885878,-114.72070951566133,-115.87421950496218
1,3,81,1539/22945,STABLE,NONZERO_FIXED_POINT,-1.7136707432256273,-12.254838067678499,-116.69183842340783,-117.865287865607
1,3,82,369/5777,STABLE,NONZERO_FIXED_POINT,-1.7311112573179965,-12.464297363114795,-118.79046148614452,-119.98513748752686
1,3,83,83/1369,STABLE,NONZERO_FIXED_POINT,-1.7500336989061331,-12.688053248460179,-121.03000991091491,-122.24733526667282
1,3,84,84/1465,STABLE,NONZERO_FIXED_POINT,-1.7705973926134018,-12.927712130813894,-123.42640426872794,-124.6679626073562
1,3,85,1275/23609,STABLE,NONZERO_FIXED_POINT,-1.792993341699141,-13.18519672427523,-125.99869598331344,-127.2662633907184
1,3,86,301/5945,STABLE,NONZERO_FIXED_POINT,-1.817452945246341,-13.462833244648266,-128.76993058376547,-130.06551594712636
1,3,87,1131/23953,STABLE,NONZERO_FIXED_POINT,-1.8442599536775504,-13.763470986095264,-131.76833153712886,-133.09422884669107
1,3,88,33/754,STABLE,NONZERO_FIXED_POINT,-1.8737672216009482,-14.090649869850814,-135.0289590031287,-136.3878164091206
1,3,89,979/24305,STABLE,NONZERO_FIXED_POINT,-1.9064207697190572,-14.448841082404698,-138.59609217346537,-139.9910051070728
1,3,90,225/6121,STABLE,NONZERO_FIXED_POINT,-1.9427953498474544,-14.843802743706462,-142.52675040722292,-143.9613902686107
1,3,91,819/24665,STABLE,NONZERO_FIXED_POINT,-1.9836488147025548,-15.283123622053132,-146.89607602741216,-148.37487324544986
1,3,92,46/1553,STABLE,NONZERO_FIXED_POINT,-2.030008648149847,-15.777088452641031,-151.80590099282267,-153.33431461686962
1,3,93,651/25033,STABLE,NONZERO_FIXED_POINT,-2.0833165825954048,-16.340124126670794,-157.3990641874463,-158.98399609824156
1,3,94,141/6305,STABLE,NONZERO_FIXED_POINT,-2.1456854550661797,-16.99336826651775,-163.88484033109887,-165.53530630935262
1,3,95,475/25409,STABLE,NONZERO_FIXED_POINT,-2.2203923742994753,-17.76960091022407,-171.58776367152825,-173.3160576351384
1,3,96,3/200,STABLE,NONZERO_FIXED_POINT,-2.312929218963689,-18.72374950658221,-181.0516274506266,-182.87553619157092
1,3,97,291/25793,STABLE,NONZERO_FIXED_POINT,-2.433593584204284,-19.95879839279447,-193.29598774743965,-195.24359661659298
1,3,98,49/6497,STABLE,NONZERO_FIXED_POINT,-2.6055069751206155,-21.705970740806876,-210.609964760387,-212.73248154712383
1,3,99,99/26185,STABLE,NONZERO_FIXED_POINT,-2.902453377366834,-24.703114274288374,-240.29826141824438,-242.72067880188433
1,3,100,0,STABLE,NONZERO_FIXED_POINT,,,,
1,4,1,1/331,STABLE,NONZERO_FIXED_POINT,-3.0168440772123195,-25.693992458917513,-249.9586839049565,-252.47851189873222
1,4,2,49/8193,STABLE,NONZERO_FIXED_POINT,-2.722418270293618,-22.729076204429802,-220.5980480643783,-222.82129493920922
1,4,3,291/32777,STABLE,NONZERO_FIXED_POINT,-2.5529922760671973,-21.014296435164624,-203.6134793154352,-205.66515552757312
1,4,4,8/683,STABLE,NONZERO_FIXED_POINT,-2.4347809101316003,-19.811799748420945,-191.7002335337944,-193.63156425048396
1,4,5,475/32793,STABLE,NONZERO_FIXED_POINT,-2.344661426469159,-18.890357141088536,-182.5691481474475,-184.40823568684482
1,4,6,141/8201,STABLE,NONZERO_FIXED_POINT,-2.272334945626125,-18.146978291404693,-175.2006235238412,-176.96527122308203
1,4,7,217/10939,STABLE,NONZERO_FIXED_POINT,-2.2123082599571937,-17.526729611355165,-169.05082168644566,-170.75333957492978
1,4,8,23/1026,STABLE,NONZERO_FIXED_POINT,-2.1613028857370793,-16.99682476774558,-163.7951624712258,-165.444581995984
1,4,9,819/32849,STABLE,NONZERO_FIXED_POINT,-2.1172045635291425,-16.536119685842763,-159.2243240606188,-160.82756231202075
1,4,10,25/913,STABLE,NONZERO_FIXED_POINT,-2.0785700896122936,-16.13018086359832,-155.19541929233958,-156.75795006120183
1,4,11,979/32889,STABLE,NONZERO_FIXED_POINT,-2.044370458338891,-15.768716795181348,-151.6065667504139,-153.132834727439
1,4,12,6/187,STABLE,NONZERO_FIXED_POINT,-2.0138462430977193,-15.444131780560518,-148.38257347816466,-149.8762638343175
1,4,13,377/10979,STABLE,NONZERO_FIXED_POINT,-1.9864210643303704,-15.150660605619002,-145.4663683095402,-146.93058974441573
1,4,14,301/8241,STABLE,NONZERO_FIXED_POINT,-1.9616472179116853,-14.883824825908562,-142.81361907653644,-144.25103249508282
1,4,15,1275/32993,STABLE,NONZERO_FIXED_POINT,-1.9391701081957038,-14.640077097056725,-140.38921147855132,-141.80212310081532
1,4,16,7/172,STABLE,NONZERO_FIXED_POINT,-1.9187041840603358,-14.41656053515974,-138.16486674866275,-139.55529715555605
1,4,17,1411/33057,STABLE,NONZERO_FIXED_POINT,-1.9000161838949126,-14.210941166601856,-136.11748290529596,-137.4872193293262
1,4,18,369/8273,STABLE,NONZERO_FIXED_POINT,-1.8829131777890336,-14.021288349885893,-134.2279509268659,-135.57858758503426
1,4,19,19/409,STABLE,NONZERO_FIXED_POINT,-1.867233847910743,-13.845987579354762,-132.48029150720643,-133.81326121426096
1,4,20,100/2073,STABLE,NONZERO_FIXED_POINT,-1.8528420089321784,-13.683675689385268,-130.8610135757389,-132.1776128778328
1,4,21,1659/33209,STABLE,NONZERO_FIXED_POINT,-1.839621711858186,-13.53319189260948,-129.35862957457914,-130.66003898673614
1,4,22,143/2771,STABLE,NONZERO_FIXED_POINT,-1.8274734887839204,-13.393540227423586,-127.96328368765177,-129.25058417596895
1,4,23,161/3027,STABLE,NONZERO_FIXED_POINT,-1.8163114339889965,-13.263860368859412,-126.66646286715982,-127.94064941208455
1,4,24,57/1042,STABLE,NONZERO_FIXED_POINT,-1.8060609076412897,-13.143404665550577,-125.46076949845096,-126.72276236174196
1,4,25,625/11131,STABLE,NONZERO_FIXED_POINT,-1.7966567095343695,-13.031519877031982,-124.33974059824573,-125.59039476365263
1,4,26,481/8361,STABLE,NONZERO_FIXED_POINT,-1.7880416122226492,-12.927632505014266,-123.29770259327739,-124.53781574033661
1,4,27,1971/33497,STABLE,NONZERO_FIXED_POINT,-1.7801651721819436,-12.831236904909801,-122.32965362348102,-123.5599729124537
1,4,28,14/233,STABLE,NONZERO_FIXED_POINT,-1.7729827583643463,-12.74188557129932,-121.43116736725207,-122.65239525259986
1,4,29,2059/33609,STABLE,NONZERO_FIXED_POINT,-1.7664547524299152,-12.659181140164314,-120.598313862743,-121.81111310681695
1,4,30,525/8417,STABLE,NONZERO_FIXED_POINT,-1.7605458858036478,-12.582769759369853,-119.827593874895,-121.03259189866498
1,4,31,713/11243,STABLE,NONZERO_FIXED_POINT,-1.755224686720421,-12.51233555902472,-119.11588415130768,-120.31367683211982
1,4,32,17/264,STABLE,NONZERO_FIXED_POINT,-1.7504630163985695,-12.447596013125455,-118.46039150187451,-119.65154650736605
1,4,33,2211/33857,STABLE,NONZERO_FIXED_POINT,-1.7462356779892296,-12.388298028955973,-117.85861408324826,-119.04367381419536
1,4,34,17/257,STABLE,NONZERO_FIXED_POINT,-1.742520085379276,-12.334214635020714,-117.30830860884015,-118.48779281079314
1,4,35,2275/33993,STABLE,NONZERO_FIXED_POINT,-1.7392959815615683,-12.28514216464891,-116.80746246601052,-117.98187055928423
1,4,36,144/2129,STABLE,NONZERO_FIXED_POINT,-1.736545198329293,-12.240897852837499,-116.35426992437169,-117.52408309371481
1,4,37,259/3793,STABLE,NONZERO_FIXED_POINT,-1.7342514506477542,-12.201317779866635,-115.94711177718438,-117.11279485580593
1,4,38,589/8553,STABLE,NONZERO_FIXED_POINT,-1.732400160314647,-12.166255107797959,-115.58453788233868,-116.7465410595807
1,4,39,2379/34289,STABLE,NONZERO_FIXED_POINT,-1.7309783045180218,-12.13557856594818,-115.26525216823495,-116.42401254578868
1,4,40,25/358,STABLE,NONZERO_FIXED_POINT,-1.729974285699555,-12.109171149413356,-114.98809974890784,-116.14404276687966
1,4,41,2419/34449,STABLE,NONZERO_FIXED_POINT,-1.7293778197736103,-12.086929001150068,-114.75205585640498,-115.9055966075876
1,4,42,609/8633,STABLE,NONZERO_FIXED_POINT,-1.729179840274826,-12.068760453339713,-114.55621635010795,-115.70776079838618
1,4,43,817/11539,STABLE,NONZERO_FIXED_POINT,-1.7293724164337938,-12.054585208032172,-114.399789604957,-115.54973572177636
1,4,44,154/2169,STABLE,NONZERO_FIXED_POINT,-1.729948683532574,-12.044333640586757,-114.28208961540585,-115.4308284465836
1,4,45,225/3163,STABLE,NONZERO_FIXED_POINT,-1.7309027841850053,-12.037946212359316,-114.20253018094854,-115.35044685475293
1,4,46,23/323,STABLE,NONZERO_FIXED_POINT,-1.7322298194330017,-12.035372981548079,-114.16062006345166,-115.30809474976513
1,4,47,2491/34977,STABLE,NONZERO_FIXED_POINT,-1.7339258087596114,-12.03657320320599,-114.1559590272683,-115.30336785675212
1,4,48,39/548,STABLE,NONZERO_FIXED_POINT,-1.7359876583001985,-12.041515011233038,-114.18823469098461,-115.33595064244247
1,4,49,833/11723,STABLE,NONZERO_FIXED_POINT,-1.7384131366911326,-12.05017517674262,-114.25722013529992,-115.40561389887921
1,4,50,625/8817,STABLE,NONZERO_FIXED_POINT,-1.7412008581363505,-12.062538938605826,-114.36277222549671,-115.51221304894494
1,4,51,2499/35369,STABLE,NONZERO_FIXED_POINT,-1.7443502724005704,-12.0785999032612,-114.5048306196665,-115.65568714456992
1,4,52,52/739,STABLE,NONZERO_FIXED_POINT,-1.7478616615576819,-12.09836001207568,-114.68341744571907,-115.83605854047909
1,4,53,2491/35577,STABLE,NONZERO_FIXED_POINT,-1.7517361434377197,-12.121829575690398,-114.89863764156655,-116.05343323781238
1,4,54,621/8921,STABLE,NONZERO_FIXED_POINT,-1.7559756818288506,-12.149027375916468,-115.15067996407669,-116.30800190326948
1,4,55,275/3977,STABLE,NONZERO_FIXED_POINT,-1.7605831036057857,-12.179980836893968,-115.43981868375369,-116.60004158090936
1,4,56,7/102,STABLE,NONZERO_FIXED_POINT,-1.7655621230756235,-12.214726268425224,-115.76641599396781,-116.92991812571547
1,4,57,2451/36017,STABLE,NONZERO_FIXED_POINT,-1.770917373960705,-12.253309185677566,-116.13092517626166,-117.29808940087503
1,4,58,203/3011,STABLE,NONZERO_FIXED_POINT,-1.7766544495788903,-12.295784710860161,-116.53389457722045,-117.70510929481998
1,4,59,2419/36249,STABLE,NONZERO_FIXED_POINT,-1.7827799519398155,-12.34221806406034,-116.97597246803889,-118.15163262988136
1,4,60,150/2273,STABLE,NONZERO_FIXED_POINT,-1.7893015506562193,-12.39268515223062,-117.45791287579792,-118.63842105246718
1,4,61,793/12163,STABLE,NONZERO_FIXED_POINT,-1.7962280527789822,-12.447273267412513,-117.98058249620152,-119.16635001562605
1,4,62,589/9153,STABLE,NONZERO_FIXED_POINT,-1.8035694849108275,-12.506081907747316,-118.54496882191984,-119.73641698949478
1,4,63,2331/36737,STABLE,NONZERO_FIXED_POINT,-1.8113371892468084,-12.56922373775462,-119.15218964969853,-120.34975106443943
1,4,64,1/16,STABLE,NONZERO_FIXED_POINT,-1.8195439355418688,-12.636825707881506,-119.8035041642591,-121.00762414691502
1,4,65,2275/36993,STABLE,NONZERO_FIXED_POINT,-1.8214706687736815,-12.70229697493592,-120.49359245663209,-121.70473060811179
1,4,66,561/9281,STABLE,NONZERO_FIXED_POINT,-1.8239696125049285,-12.772633369951727,-121.2308734859518,-122.44950539736749
1,4,67,67/1129,STABLE,NONZERO_FIXED_POINT,-1.827055597887889,-12.848010315759822,-122.01711370670859,-123.24373284593275
1,4,68,136/2337,STABLE,NONZERO_FIXED_POINT,-1.83074568534456,-12.928624300814043,-122.85428685877304,-124.08940666279503
1,4,69,2139/37529,STABLE,NONZERO_FIXED_POINT,-1.835059397023894,-13.0146952758735,-123.74459776640163,-124.98875397416037
1,4,70,175/3139,STABLE,NONZERO_FIXED_POINT,-1.8400189911584786,-13.10646946448228,-124.69051022870596,-125.9442634957197
1,4,71,2059/37809,STABLE,NONZERO_FIXED_POINT,-1.8456497865146169,-13.204222669628706,-125.6947798176052,-126.9587186619645
1,4,72,63/1186,STABLE,NONZERO_FIXED_POINT,-1.8519805471775923,-13.308264179401398,-126.76049260154636,-128.03523674112103
1,4,73,73/1411,STABLE,NONZERO_FIXED_POINT,-1.8590439405541925,-13.418941400823002,-127.8911110742394,-129.17731522787332
1,4,74,481/9561,STABLE,NONZERO_FIXED_POINT,-1.8668770849089746,-13.536645385353118,-129.0905289072943,-130.38888714911388
1,4,75,1875/38393,STABLE,NONZERO_FIXED_POINT,-1.8755222072606905,-13.661817454619687,-130.36313659178916,-131.67438736861124
1,4,76,38/803,STABLE,NONZERO_FIXED_POINT,-1.885027438446297,-13.794957194721675,-131.71390062562818,-133.03883257429007
1,4,77,1771/38697,STABLE,NONZERO_FIXED_POINT,-1.8954477801769336,-13.936632167590318,-133.14845969695256,-134.4879184332375
1,4,78,39/883,STABLE,NONZERO_FIXED_POINT,-1.9068462897786658,-14.087489796558337,-134.67324238960353,-136.02813848615457
1,4,79,553/13003,STABLE,NONZERO_FIXED_POINT,-1.9192955432265357,-14.248272032425142,-136.2956124130859,-137.66693084432927
1,4,80,25/612,STABLE,NONZERO_FIXED_POINT,-1.9328794578238,-14.419833613719703,-138.0240494128633,-139.41286082633684
1,4,81,1539/39329,STABLE,NONZERO_FIXED_POINT,-1.947695585143391,-14.603165027500708,-139.86837631391035,-141.27585059802732
1,4,82,41/1097,STABLE,NONZERO_FIXED_POINT,-1.9638580267906214,-14.799421696437044,-141.84004830252988,-143.26747107338485
1,4,83,1411/39657,STABLE,NONZERO_FIXED_POINT,-1.981501186698221,-15.009961529420778,-143.9525246053712,-145.4013174489212
1,4,84,84/2489,STABLE,NONZERO_FIXED_POINT,-2.000784664531867,-15.23639388162212,-146.22175322027942,-147.69349883082614
1,4,85,425/13331,STABLE,NONZERO_FIXED_POINT,-2.021899732666963,-15.480644348713064,-148.66681240388738,-150.1632862022601
1,4,86,301/10041,STABLE,NONZERO_FIXED_POINT,-2.045078053369071,-15.74504196169169,-151.31077392373174,-152.83398439521534
1,4,87,1131/40337,STABLE,NONZERO_FIXED_POINT,-2.070603634308746,-16.032438763714204,-154.18188689092432,-155.7341278811178
1,4,88,11/422,STABLE,NONZERO_FIXED_POINT,-2.0988295814125095,-16.34637735904429,-157.31523651555125,-158.89915628135466
1,4,89,89/3699,STABLE,NONZERO_FIXED_POINT,-2.130202160782116,-16.691331551525153,-160.755126447198,-162.37382077186848
1,4,90,225/10217,STABLE,NONZERO_FIXED_POINT,-2.165296363729283,-17.073062013124463,-164.5585999121234,-166.21574078739306
1,4,91,91/4561,STABLE,NONZERO_FIXED_POINT,-2.204870276584657,-17.499159999211223,-168.80082251207742,-170.50084119199724
1,4,92,46/2577,STABLE,NONZERO_FIXED_POINT,-2.249951610972193,-17.97991266754279,-173.58364889891322,-175.33200548578253
1,4,93,651/41417,STABLE,NONZERO_FIXED_POINT,-2.3019823212314456,-18.529749267848764,-179.04994006723194,-180.85353771666325
1,4,94,47/3467,STABLE,NONZERO_FIXED_POINT,-2.363075460533138,-19.16980971752146,-185.40899226866193,-187.2768482523826
1,4,95,475/41793,STABLE,NONZERO_FIXED_POINT,-2.43650834800809,-19.93287628666679,-192.98536070803755,-194.92977064535637
1,4,96,3/328,STABLE,NONZERO_FIXED_POINT,-2.527773067011387,-20.873878593782948,-202.32285901407244,-204.3616116030645
1,4,97,97/14059,STABLE,NONZERO_FIXED_POINT,-2.647167411715544,-22.095803084049244,-214.4410630871965,-216.60224578386104
1,4,98,49/10593,STABLE,NONZERO_FIXED_POINT,-2.8178130806380057,-23.829874976321022,-231.6291123869489,-233.96393527920316
1,4,99,99/42569,STABLE,NONZERO_FIXED_POINT,-3.113494247296062,-26.81394398079972,-261.1917285484569,-263.8251868020261
1,4,100,0,STABLE,NONZERO_FIXED_POINT,,,,
2,-4,1,99/257,STABLE,NONZERO_FIXED_POINT,-0.9102323317060588,-4.4977826731661565,-41.37032947051293,-41.78462739924669
2,-4,2,49/65,STABLE,NONZERO_FIXED_POINT,-0.13805834645652482,-0.9738513770024539,-11.921985725235885,-12.044703001849655
2,-4,3,291/265,UNSTABLE,SINGULAR_BOUNDARY_LIMIT,0.6324977592983103,1.137610365791943,0.9168828836855027,0.9169626244952838
2,-4,4,24/17,UNSTABLE,SINGULAR_BOUNDARY_LIMIT,0.20502421046595387,0.4562955814288969,0.44191819925674736,0.44191819925674736
2,-4,5,475/281,UNSTABLE,SINGULAR_BOUNDARY_LIMIT,0.13535942748785956,0.34494561097575627,0.3425826452509,0.3425826452509
2,-4,6,141/73,UNSTABLE,SINGULAR_BOUNDARY_LIMIT,0.12127281072304719,0.3095613186399575,0.3089335136660907,0.3089335136660907
2,-4,7,651/305,UNSTABLE,SINGULAR_BOUNDARY_LIMIT,0.12191417353195888,0.2965589921247087,0.29632549513712547,0.29632549513712547
2,-4,8,23/10,UNSTABLE,SINGULAR_BOUNDARY_LIMIT,0.10633193427134824,0.271829978294825,0.271718209893578,0.271718209893578
2,-4,9,819/337,UNSTABLE,SINGULAR_BOUNDARY_LIMIT,0.09711258549546642,0.2565149321831015,0.25644983449893743,0.25644983449893743
2,-4,10,225/89,UNSTABLE,SINGULAR_BOUNDARY_LIMIT,0.09178429389499065,0.24729960835289688,0.2472552892486135,0.2472552892485851
2,-4,11,979/377,UNSTABLE,SINGULAR_BOUNDARY_LIMIT,0.0890355016531501,0.24232855553215416,0.242294329929166,0.242294329929166
2,-4,12,66/25,UNSTABLE,SINGULAR_BOUNDARY_LIMIT,0.08811781876392821,0.2404817936326964,0.24045250024832399,0.24045250024832399
2,-4,13,1131/425,UNSTABLE,SINGULAR_BOUNDARY_LIMIT,0.08858192528649766,0.24104625600399743,0.24101897334315936,0.24101897334315936
2,-4,14,301/113,UNSTABLE,SINGULAR_BOUNDARY_LIMIT,0.0901489765117347,0.24355041860582816,0.24352317183172545,0.24352317183172545
2,-4,15,1275/481,UNSTABLE,SINGULAR_BOUNDARY_LIMIT,0.09264322977182715,0.24767449369144856,0.24764566195608495,0.24764566195608495
2,-4,16,21/8,UNSTABLE,SINGULAR_BOUNDARY_LIMIT,0.09595467732194951,0.25319873177974017,0.2531667197857814,0.2531667197857814
2,-4,17,1411/545,UNSTABLE,SINGULAR_BOUNDARY_LIMIT,0.10001739046266422,0.25997228646131276,0.2599352908056858,0.2599352908056858
2,-4,18,369/145,UNSTABLE,SINGULAR_BOUNDARY_LIMIT,0.10479656425435024,0.2678938154479624,0.26784960753764153,0.26784960753764153
2,-4,19,1539/617,UNSTABLE,SINGULAR_BOUNDARY_LIMIT,0.11028062874387601,0.27689911812340995,0.2768447970653938,0.2768447970654506
2,-4,20,100/41,UNSTABLE,SINGULAR_BOUNDARY_LIMIT,0.11647645799943973,0.2869531926692588,0.2868848697247586,0.2868848697247586
2,-4,21,1659/697,UNSTABLE,SINGULAR_BOUNDARY_LIMIT,0.12340657550720735,0.2980452071994293,0.2979575801056171,0.2979575801056171
2,-4,22,429/185,UNSTABLE,SINGULAR_BOUNDARY_LIMIT,0.13110772984452979,0.3101855041297412,0.31007126843468313,0.31007126843468313
2,-4,23,1771/785,UNSTABLE,SINGULAR_BOUNDARY_LIMIT,0.13963048975860204,0.3234041284030411,0.32325315410196254,0.32325315410196254
2,-4,24,57/26,UNSTABLE,SINGULAR_BOUNDARY_LIMIT,0.14903967856821687,0.3377506070459546,0.3375487805365651,0.3375487805365651
2,-4,25,1875/881,UNSTABLE,SINGULAR_BOUNDARY_LIMIT,0.15941558502490238,0.3532948745337592,0.3530224649190927,0.3530224649190927
2,-4,26,481/233,UNSTABLE,SINGULAR_BOUNDARY_LIMIT,0.16234825001998132,0.36162164327348023,0.3612509931970749,0.3612509931970749
2,-4,27,1971/985,UNSTABLE,SINGULAR_BOUNDARY_LIMIT,0.16589724259536354,0.3707906748637342,0.37028293173580096,0.37028293173580096
2,-4,28,126/65,UNSTABLE,SINGULAR_BOUNDARY_LIMIT,0.17069754333639864,0.3814436607237752,0.38074414315175886,0.38074414315175886
2,-4,29,2059/1097,UNSTABLE,SINGULAR_BOUNDARY_LIMIT,0.1769546249204481,0.3938009538580687,0.3928325736965803,0.3928325736965803
2,-4,30,525/289,UNSTABLE,SINGULAR_BOUNDARY_LIMIT,0.18490637422812384,0.40812603218962096,0.4067799399630303,0.40677993996297346
2,-4,31,2139/1217,UNSTABLE,SINGULAR_BOUNDARY_LIMIT,0.19483447522005903,0.42474066901070984,0.42286292163794315,0.42286292163794315
2,-4,32,17/10,UNSTABLE,SINGULAR_BOUNDARY_LIMIT,0.20707988706515046,0.44404597947926305,0.4414184853328038,0.4414184853328038
2,-4,33,2211/1345,UNSTABLE,SINGULAR_BOUNDARY_LIMIT,0.22206456215283055,0.4665522935111497,0.4628654768977185,0.46286547689766167
2,-4,34,561/353,UNSTABLE,SINGULAR_BOUNDARY_LIMIT,0.24032293077459954,0.4929226130340183,0.48773600343685075,0.48773600343685075
2,-4,35,2275/1481,UNSTABLE,SINGULAR_BOUNDARY_LIMIT,0.2625491929068744,0.5240376148236905,0.5167226411344927,0.5167226411344927
2,-4,36,144/97,UNSTABLE,SINGULAR_BOUNDARY_LIMIT,0.2896712639602832,0.5610961280173541,0.5507523123805242,0.5507523123805242
2,-4,37,2331/1625,UNSTABLE,SINGULAR_BOUNDARY_LIMIT,0.32297197809899814,0.6057768179704297,0.5911074331460213,0.5911074331460213
2,-4,38,589/425,UNSTABLE,SINGULAR_BOUNDARY_LIMIT,0.3642994524146985,0.6605119044308623,0.6396362318010915,0.6396362318010347
2,-4,39,2379/1777,UNSTABLE,SINGULAR_BOUNDARY_LIMIT,0.4164594275069362,0.7289821400789194,0.6991450532688077,0.6991450532690919
2,-4,40,75/58,UNSTABLE,SINGULAR_BOUNDARY_LIMIT,0.484019174028413,0.8170948970982224,0.7742022367573043,0.7742022367656887
2,-4,41,2419/1937,UNSTABLE,SINGULAR_BOUNDARY_LIMIT,0.5751827399907725,0.9351739413643259,0.8730133407033236,0.8730133409719656
2,-4,42,609/505,UNSTABLE,SINGULAR_BOUNDARY_LIMIT,0.7070982290379497,1.103884182040055,1.012728400510582,1.0127284092054651
2,-4,43,2451/2105,UNSTABLE,SINGULAR_BOUNDARY_LIMIT,0.9267887351194233,1.3765226292773107,1.2403727208487112,1.2403730058465499
2,-4,44,154/137,UNSTABLE,SINGULAR_BOUNDARY_LIMIT,1.5032365226153104,2.0346413440542506,1.824926760466127,1.824936225734291
2,-4,45,2475/2281,UNSTABLE,SINGULAR_BOUNDARY_LIMIT,1.1838140745378318,1.8565124164909292,1.513614902482118,1.5139336286109142
2,-4,46,621/593,UNSTABLE,SINGULAR_BOUNDARY_LIMIT,0.761381319694646,1.7550796252662835,1.094247505882322,1.1051361283735446
2,-4,47,2491/2465,UNSTABLE,SINGULAR_BOUNDARY_LIMIT,0.5333208568879719,1.826859992182257,0.7227178261655922,1.1266927144701526
2,-4,48,39/40,STABLE,NONZERO_FIXED_POINT,0.3710092301521861,0.9534456058217557,-0.48185195221003596,-0.4362632055381823
2,-4,49,2499/2657,STABLE,NONZERO_FIXED_POINT,0.24209652673837212,0.497948456540783,-2.1225065074272607,-2.14755725494814
2,-4,50,625/689,STABLE,NONZERO_FIXED_POINT,0.13339029313684847,0.14878354658463877,-3.7772027231425795,-3.8194989026861776
2,-4,51,2499/2857,STABLE,NONZERO_FIXED_POINT,0.03819072746666663,-0.14989379625299648,-5.4279529919483025,-5.486095824395079
2,-4,52,156/185,STABLE,NONZERO_FIXED_POINT,-0.04737949812812481,-0.41956621505433134,-7.0786263078222476,-7.152673407712115
2,-4,53,2491/3065,STABLE,NONZERO_FIXED_POINT,-0.12577076284166466,-0.6709751963418711,-8.732449237694254,-8.822505988241232
2,-4,54,621/793,STABLE,NONZERO_FIXED_POINT,-0.1986339555590284,-0.910296634977044,-10.391930770937734,-10.498112358059586
2,-4,55,2475/3281,STABLE,NONZERO_FIXED_POINT,-0.2671372216430754,-1.1414067627947162,-12.05916144937271,-12.181592476488731
2,-4,56,77/106,STABLE,NONZERO_FIXED_POINT,-0.3321401307397398,-1.366892044469246,-13.735989805181077,-13.874804945273382
2,-4,57,2451/3505,STABLE,NONZERO_FIXED_POINT,-0.39429598674893995,-1.5885612135702374,-15.424128264311037,-15.579472975361568
2,-4,58,609/905,STABLE,NONZERO_FIXED_POINT,-0.45411518739384604,-1.8077299197704164,-17.125220955594784,-17.297252242167133
2,-4,59,2419/3737,STABLE,NONZERO_FIXED_POINT,-0.5120062035137245,-2.0253901817138313,-18.84089004124587,-19.029777270733632
2,-4,60,150/241,STABLE,NONZERO_FIXED_POINT,-0.5683030703017149,-2.2423166659317246,-20.572769539465042,-20.778695322984248
2,-4,61,2379/3977,STABLE,NONZERO_FIXED_POINT,-0.6232844201625269,-2.45913610600941,-22.322531769910427,-22.545692918859118
2,-4,62,589/1025,STABLE,NONZERO_FIXED_POINT,-0.6771870310763148,-2.676374149797404,-24.09190952256074,-24.332518093165447
2,-4,63,2331/4225,STABLE,NONZERO_FIXED_POINT,-0.7302157170275336,-2.8944878629896778,-25.882715933074792,-26.14100037283987
2,-4,64,9/17,STABLE,NONZERO_FIXED_POINT,-0.7825507203095494,-3.1138888673737313,-27.69686341649198,-27.973069828430923
2,-4,65,2275/4481,STABLE,NONZERO_FIXED_POINT,-0.8343533643466401,-3.33496025306016,-29.536382652614975,-29.830776195534895
2,-4,66,561/1153,STABLE,NONZERO_FIXED_POINT,-0.8740423930806713,-3.5463412311072204,-31.391714335650818,-31.704580781689344
2,-4,67,2211/4745,STABLE,NONZERO_FIXED_POINT,-0.8937543851028416,-3.740393943830753,-33.2571874264097,-33.58883490059429
2,-4,68,136/305,STABLE,NONZERO_FIXED_POINT,-0.9137968144028239,-3.937661713112739,-35.15549290774936,-35.50625383872597
2,-4,69,2139/5017,STABLE,NONZERO_FIXED_POINT,-0.9341961895234387,-4.138421662048529,-37.089256002079935,-37.45948931853616
2,-4,70,525/1289,STABLE,NONZERO_FIXED_POINT,-0.9549815022352952,-4.342972313332368,-39.061347732639774,-39.45144134658722
2,-4,71,2059/5297,STABLE,NONZERO_FIXED_POINT,-0.9761845637985935,-4.551638032510461,-41.07491821393518,-41.485291840252785
2,-4,72,63/170,STABLE,NONZERO_FIXED_POINT,-0.9978404009109116,-4.764773730467205,-43.133435851198044,-43.56454422312271
2,-4,73,1971/5585,STABLE,NONZERO_FIXED_POINT,-1.019987724262128,-4.982770058358767,-45.24073372803406,-45.693070281206246
2,-4,74,481/1433,STABLE,NONZERO_FIXED_POINT,-1.0426694860497285,-5.20605933080828,-47.401064801215455,-47.87516591523894
2,-4,75,1875/5881,STABLE,NONZERO_FIXED_POINT,-1.0659335473152964,-5.4351224361786095,-49.61916796782174,-50.11561787516001
2,-4,76,114/377,STABLE,NONZERO_FIXED_POINT,-1.0898334819419446,-5.670497037146113,-51.900347661853885,-52.41978416072325
2,-4,77,1771/6185,STABLE,NONZERO_FIXED_POINT,-1.1144295521673087,-5.912787434228633,-54.25057043091675,-54.79369157369183
2,-4,78,429/1585,STABLE,NONZERO_FIXED_POINT,-1.1397899013332946,-6.1626765661214975,-56.67658301935734,-57.2441549937264
2,-4,79,1659/6497,STABLE,NONZERO_FIXED_POINT,-1.1659920245077018,-6.420940764645685,-59.186057960732455,-59.778924441473464
2,-4,80,25/104,STABLE,NONZERO_FIXED_POINT,-1.1931245983544616,-6.688468085925962,-61.787774735892725,-62.40686806651948
2,-4,81,1539/6817,STABLE,NONZERO_FIXED_POINT,-1.2212897808929402,-6.966281329562818,-64.49184745008347,-65.13820212425048
2,-4,82,369/1745,STABLE,NONZERO_FIXED_POINT,-1.2506061337271213,-7.255567275246271,-67.31001413455783,-67.984783199694
2,-4,83,1411/7145,STABLE,NONZERO_FIXED_POINT,-1.2812123804762834,-7.557714276586843,-70.25600883213178,-70.96048405150447
2,-4,84,84/457,STABLE,NONZERO_FIXED_POINT,-1.313272306004512,-7.874361259786639,-73.34604662180644,-74.08168353581439
2,-4,85,1275/7481,STABLE,NONZERO_FIXED_POINT,-1.3469812389277749,-8.207462553039,-76.59946538786136,-77.3679148578347
2,-4,86,301/1913,STABLE,NONZERO_FIXED_POINT,-1.3825747740478782,-8.559375113875916,-80.03958934168759,-80.84273781612109
2,-4,87,1131/7825,STABLE,NONZERO_FIXED_POINT,-1.4203407328597972,-8.932978136405247,-83.69491311286862,-84.53493485416163
2,-4,88,33/250,STABLE,NONZERO_FIXED_POINT,-1.4606359211489917,-9.33184062891263,-87.60076075215039,-88.48018682094454
2,-4,89,979/8177,STABLE,NONZERO_FIXED_POINT,-1.5039101954247194,-9.760462079485947,-91.80166830915454,-92.72347961510343
2,-4,90,225/2089,STABLE,NONZERO_FIXED_POINT,-1.550742032249591,-10.224628150390188,-96.35490519679945,-97.3226611186684
2,-4,91,819/8537,STABLE,NONZERO_FIXED_POINT,-1.6018929021363526,-10.731954417980155,-101.33585720785476,-102.35387858751602
2,-4,92,46/545,STABLE,NONZERO_FIXED_POINT,-1.65839380371456,-11.292751715225265,-106.84659339819274,-107.92023206878781
2,-4,93,651/8905,STABLE,NONZERO_FIXED_POINT,-1.7216898848604316,-11.921472343808347,-113.03018357937515,-114.16623651460623
2,-4,94,141/2273,STABLE,NONZERO_FIXED_POINT,-1.7938973023453686,-12.63927867136912,-120.09612742456301,-121.30350774763261
2,-4,95,475/9281,STABLE,NONZERO_FIXED_POINT,-1.8782963923327234,-13.478974837198535,-128.36917834838363,-129.66007951143064
2,-4,96,3/74,STABLE,NONZERO_FIXED_POINT,-1.980382171853643,-14.495511767697197,-138.3933431537041,-139.78545361871545
2,-4,97,291/9665,STABLE,NONZERO_FIXED_POINT,-2.110455288464127,-15.791896673622212,-151.1883860483233,-152.709694917702
2,-4,98,49/2465,STABLE,NONZERO_FIXED_POINT,-2.2916402166965835,-17.599375015256832,-169.04363009429827,-170.74525093788301
2,-4,99,99/10057,STABLE,NONZERO_FIXED_POINT,-2.597723831506304,-20.655816237508482,-199.26397597974815,-201.27080923527893
2,-4,100,0,STABLE,NONZERO_FIXED_POINT,,,,
2,-3,1,11/57,STABLE,NONZERO_FIXED_POINT,-1.2104165734865804,-7.564330975308831,-71.1532441821005,-71.86772635261475
2,-3,2,49/129,STABLE,NONZERO_FIXED_POINT,-0.917409713707336,-4.561915069218159,-41.97697513297456,-42.39736876324531
2,-3,3,291/521,STABLE,NONZERO_FIXED_POINT,-0.6497008594266163,-2.734016806493358,-25.24736851492503,-25.500313249238616
2,-3,4,8/11,STABLE,NONZERO_FIXED_POINT,-0.2185017480986282,-1.2109380820476119,-13.537921280187106,-13.676223978353363
2,-3,5,475/537,STABLE,NONZERO_FIXED_POINT,0.2969221937830042,0.23447404469190047,-4.654097003090271,-4.707373432074348
2,-3,6,141/137,UNSTABLE,SINGULAR_BOUNDARY_LIMIT,1.3844140730617625,2.3291929936731535,1.6605402376087852,1.7116388495537933
2,-3,7,217/187,UNSTABLE,SINGULAR_BOUNDARY_LIMIT,0.48680391915920573,0.880251283298982,0.7642597877232333,0.7642601239467695
2,-3,8,23/18,UNSTABLE,SINGULAR_BOUNDARY_LIMIT,0.31541533645882325,0.6160846983714521,0.5750715289097741,0.5750715289331652
2,-3,9,819/593,UNSTABLE,SINGULAR_BOUNDARY_LIMIT,0.24064570114754957,0.5053686551180974,0.4868598127823134,0.4868598127823134
2,-3,10,25/17,UNSTABLE,SINGULAR_BOUNDARY_LIMIT,0.2019223025031378,0.4478141977712582,0.43795544962077315,0.43795544962077315
2,-3,11,979/633,UNSTABLE,SINGULAR_BOUNDARY_LIMIT,0.18043583585267697,0.4147755282564489,0.40880001206670613,0.40880001206670613
2,-3,12,66/41,UNSTABLE,SINGULAR_BOUNDARY_LIMIT,0.16826203566090037,0.3949656413730622,0.39093910250940667,0.39093910250940667
2,-3,13,377/227,UNSTABLE,SINGULAR_BOUNDARY_LIMIT,0.16150883703103958,0.3830602146628337,0.380094485774805,0.380094485774805
2,-3,14,301/177,UNSTABLE,SINGULAR_BOUNDARY_LIMIT,0.1580863293269701,0.37624450344726057,0.37388808013815833,0.37388808013815833
2,-3,15,1275/737,UNSTABLE,SINGULAR_BOUNDARY_LIMIT,0.15681220923566386,0.3729165195773021,0.37091810623371657,0.37091810623371657
2,-3,16,7/4,UNSTABLE,SINGULAR_BOUNDARY_LIMIT,0.15700106627220034,0.37212222739815104,0.3703290507149575,0.37032905071494326
2,-3,17,1411/801,UNSTABLE,SINGULAR_BOUNDARY_LIMIT,0.1582571154469008,0.3732812596166255,0.3715912879710004,0.3715912879710004
2,-3,18,369/209,UNSTABLE,SINGULAR_BOUNDARY_LIMIT,0.16036216215622545,0.3760423976263141,0.37437992486479743,0.3743799248647406
2,-3,19,171/97,UNSTABLE,SINGULAR_BOUNDARY_LIMIT,0.16321196239938374,0.38020269817229746,0.378504677674357,0.378504677674357
2,-3,20,100/57,UNSTABLE,SINGULAR_BOUNDARY_LIMIT,0.16677887210265396,0.38566034331093846,0.3838678235818236,0.3838678235818236
2,-3,21,1659/953,UNSTABLE,SINGULAR_BOUNDARY_LIMIT,0.17108963150916168,0.39238661040219114,0.39043852259555933,0.39043852259555933
2,-3,22,143/83,UNSTABLE,SINGULAR_BOUNDARY_LIMIT,0.17621236864301082,0.4004094175730586,0.39823722995905086,0.39823722995905086
2,-3,23,1771/1041,UNSTABLE,SINGULAR_BOUNDARY_LIMIT,0.18224958575466843,0.4098044084067425,0.4073267169594601,0.40732671695940326
2,-3,24,57/34,UNSTABLE,SINGULAR_BOUNDARY_LIMIT,0.1893353595757148,0.42069142194084463,0.4178077614890867,0.4178077614890867
2,-3,25,625/379,UNSTABLE,SINGULAR_BOUNDARY_LIMIT,0.19763585923247895,0.4332353037452208,0.4298184934197593,0.4298184934197593
2,-3,26,481/297,UNSTABLE,SINGULAR_BOUNDARY_LIMIT,0.20735287496599142,0.44765076507625423,0.44353700335659596,0.44353700335659596
2,-3,27,27/17,UNSTABLE,SINGULAR_BOUNDARY_LIMIT,0.21873053352651972,0.464211620148248,0.45918732955078667,0.45918732955075825
2,-3,28,14/9,UNSTABLE,SINGULAR_BOUNDARY_LIMIT,0.23206588095184344,0.4832653899331518,0.4770494589764098,0.4770494589764098
2,-3,29,2059/1353,UNSTABLE,SINGULAR_BOUNDARY_LIMIT,0.24772467433143674,0.5052551212609302,0.4974746510656587,0.4974746510656587
2,-3,30,525/353,UNSTABLE,SINGULAR_BOUNDARY_LIMIT,0.2661647360387036,0.5307515701643126,0.5209084127905044,0.5209084127904475
2,-3,31,713/491,UNSTABLE,SINGULAR_BOUNDARY_LIMIT,0.2879709349505397,0.5605010550542673,0.5479251708532615,0.5479251708532615
2,-3,32,17/12,UNSTABLE,SINGULAR_BOUNDARY_LIMIT,0.3139089654051732,0.5954981156967669,0.57928179741279,0.57928179741279
2,-3,33,2211/1601,UNSTABLE,SINGULAR_BOUNDARY_LIMIT,0.34501110312420025,0.6370993540561471,0.6160031575371363,0.6160031575371931
2,-3,34,187/139,UNSTABLE,SINGULAR_BOUNDARY_LIMIT,0.38271955236128363,0.6872094639030379,0.6595252840772048,0.6595252840773469
2,-3,35,2275/1737,UNSTABLE,SINGULAR_BOUNDARY_LIMIT,0.4291408591012278,0.7486024412198091,0.711949648081827,0.7119496480841576
2,-3,36,144/113,UNSTABLE,SINGULAR_BOUNDARY_LIMIT,0.48753374701986374,0.8255180761549212,0.7765308761767926,0.7765308762120355
2,-3,37,259/209,UNSTABLE,SINGULAR_BOUNDARY_LIMIT,0.5633462920677808,0.9248850041251515,0.8587138263887937,0.8587138269567731
2,-3,38,589/489,UNSTABLE,SINGULAR_BOUNDARY_LIMIT,0.6667669050437706,1.0592112968028218,0.9686844850290868,0.9686844946458564
2,-3,39,2379/2033,UNSTABLE,SINGULAR_BOUNDARY_LIMIT,0.8205830035333364,1.255120279896225,1.1292285021986572,1.1292286727806413
2,-3,40,25/22,UNSTABLE,SINGULAR_BOUNDARY_LIMIT,1.0969100130080562,1.591601844090249,1.412458866085899,1.4124620270181083
2,-3,41,2419/2193,UNSTABLE,SINGULAR_BOUNDARY_LIMIT,2.8882927116193446,3.475192034748275,3.2108927201623487,3.21095377039768
2,-3,42,609/569,UNSTABLE,SINGULAR_BOUNDARY_LIMIT,1.0671774371391543,1.8140159400150893,1.3964339943589152,1.3976606448171651
2,-3,43,817/787,UNSTABLE,SINGULAR_BOUNDARY_LIMIT,0.7407505663927978,1.8702274404245216,1.065226789161386,1.0908248115495098
2,-3,44,154/153,UNSTABLE,SINGULAR_BOUNDARY_LIMIT,0.5413420530995356,1.7287410302337705,0.6713076847718185,1.3255827119316734
2,-3,45,2475/2537,STABLE,NONZERO_FIXED_POINT,0.39343449685983956,0.993848900685073,-0.43441503207640153,-0.38450567386723833
2,-3,46,69/73,STABLE,NONZERO_FIXED_POINT,0.2735536359543005,0.5736190729357062,-1.8776481361889523,-1.8995149313464879
2,-3,47,2491/2721,STABLE,NONZERO_FIXED_POINT,0.1712768606692343,0.24726996793821598,-3.3451882850321795,-3.3834347637269957
2,-3,48,39/44,STABLE,NONZERO_FIXED_POINT,0.08105142389764275,-0.03270324483101916,-4.816757514498676,-4.86914123513813
2,-3,49,833/971,STABLE,NONZERO_FIXED_POINT,-0.0004372956232288061,-0.2854481225056915,-6.294561508597553,-6.361135568482439
2,-3,50,625/753,STABLE,NONZERO_FIXED_POINT,-0.07532988155861986,-0.5207866663471279,-7.780853206705444,-7.861768159249721
2,-3,51,2499/3113,STABLE,NONZERO_FIXED_POINT,-0.14509149817995137,-0.7444704782958524,-9.277350066428426,-9.372762930756437
2,-3,52,52/67,STABLE,NONZERO_FIXED_POINT,-0.21077124760609145,-0.9601629029858287,-10.785444825768423,-10.895516284826499
2,-3,53,2491/3321,STABLE,NONZERO_FIXED_POINT,-0.27314806616951515,-1.170337600573859,-12.30634779358246,-12.431242941644143
2,-3,54,621/857,STABLE,NONZERO_FIXED_POINT,-0.3328179757762193,-1.3767396902304583,-13.841173244642505,-13.981062466389062
2,-3,55,275/393,STABLE,NONZERO_FIXED_POINT,-0.3902489019499136,-1.580644726014249,-15.390994375517437,-15.546054232062659
2,-3,56,77/114,STABLE,NONZERO_FIXED_POINT,-0.44581654776677393,-1.783014433030779,-16.956880239945036,-17.127294366109027
2,-3,57,2451/3761,STABLE,NONZERO_FIXED_POINT,-0.49982869274480635,-1.984595476281875,-18.53992204484382,-18.72588206701414
2,-3,58,203/323,STABLE,NONZERO_FIXED_POINT,-0.5525421471890795,-2.1859847841006825,-20.141253069093978,-20.34295955351189
2,-3,59,2419/3993,STABLE,NONZERO_FIXED_POINT,-0.6041748948711252,-2.3876742252998397,-21.762064787968768,-21.979728229801253
2,-3,60,150/257,STABLE,NONZERO_FIXED_POINT,-0.6549149963212422,-2.5900820171341294,-23.403620845665074,-23.63746270994065
2,-3,61,793/1411,STABLE,NONZERO_FIXED_POINT,-0.7049272600274392,-2.793575332557822,-25.067269976097066,-25.3175238025338
2,-3,62,589/1089,STABLE,NONZERO_FIXED_POINT,-0.7543583452335305,-2.998486932789625,-26.75445865457607,-27.02137123954475
2,-3,63,2331/4481,STABLE,NONZERO_FIXED_POINT,-0.8033407449061585,-3.2051276806886477,-28.46674407827726,-28.750576748669744
2,-3,64,1/2,STABLE,NONZERO_FIXED_POINT,-0.8519959593230073,-3.413796193630918,-30.2058079712728,-30.506837966936782
2,-3,65,2275/4737,STABLE,NONZERO_FIXED_POINT,-0.8787649669769095,-3.603114401699891,-31.95179954929887,-32.27032153303372
2,-3,66,561/1217,STABLE,NONZERO_FIXED_POINT,-0.8975036640160354,-3.787127153808754,-33.72044559624857,-34.056773313222436
2,-3,67,737/1667,STABLE,NONZERO_FIXED_POINT,-0.9165750228871961,-3.9743979695132126,-35.522159747861224,-35.87662785983014
2,-3,68,136/321,STABLE,NONZERO_FIXED_POINT,-0.9360020074609086,-4.165165238076916,-37.35921544380329,-37.73218156783798
2,-3,69,2139/5273,STABLE,NONZERO_FIXED_POINT,-0.955809859827152,-4.359687689913898,-39.234111685851474,-39.625958672611375
2,-3,70,175/451,STABLE,NONZERO_FIXED_POINT,-0.9760263814795138,-4.558247939259296,-41.149600871349946,-41.560739364541575
2,-3,71,2059/5553,STABLE,NONZERO_FIXED_POINT,-0.9966822643355613,-4.761156311608445,-43.10872156091341,-43.53959288776798
2,-3,72,63/178,STABLE,NONZERO_FIXED_POINT,-1.0178114818415311,-4.968755119253515,-45.11483719489124,-45.56591664774655
2,-3,73,219/649,STABLE,NONZERO_FIXED_POINT,-1.0394517530501943,-5.181423557674016,-47.171682034535394,-47.64348261649562
2,-3,74,481/1497,STABLE,NONZERO_FIXED_POINT,-1.0616450959954378,-5.399583417579471,-49.28341594386495,-49.77649266783419
2,-3,75,1875/6137,STABLE,NONZERO_FIXED_POINT,-1.0844384911971918,-5.623705843587899,-51.45469007472013,-51.96964492594026
2,-3,76,38/131,STABLE,NONZERO_FIXED_POINT,-1.1078846821115782,-5.8543194238857055,-53.69072610964426,-54.22821380868319
2,-3,77,1771/6441,STABLE,NONZERO_FIXED_POINT,-1.1320431473580808,-6.092019970728543,-55.99741251091626,-56.55814724888211
2,-3,78,429/1649,STABLE,NONZERO_FIXED_POINT,-1.156981290424044,-6.337482456974769,-58.38142230003501,-58.9661856634948
2,-3,79,553/2251,STABLE,NONZERO_FIXED_POINT,-1.1827759074625153,-6.591475720595817,-60.85035836862147,-61.46000873231725
2,-3,80,25/108,STABLE,NONZERO_FIXED_POINT,-1.2095150145426308,-6.854880754819256,-63.412934375277274,-64.04841812209219
2,-3,81,1539/7073,STABLE,NONZERO_FIXED_POINT,-1.2373001449769312,-7.128713692988171,-66.0792021801987,-66.74156721844969
2,-3,82,41/201,STABLE,NONZERO_FIXED_POINT,-1.266249269291734,-7.414155015769367,-68.86084092157344,-69.5512531222742
2,-3,83,1411/7401,STABLE,NONZERO_FIXED_POINT,-1.2965005515586938,-7.712587119251509,-71.77152889184441,-72.49129228229953
2,-3,84,84/473,STABLE,NONZERO_FIXED_POINT,-1.328217246672473,-8.025643290711912,-74.82742836773386,-75.5780102224098
2,-3,85,425/2579,STABLE,NONZERO_FIXED_POINT,-1.3615941810420225,-8.35527251735791,-78.04782719829836,-78.83088961038601
2,-3,86,301/1977,STABLE,NONZERO_FIXED_POINT,-1.3968664733342546,-8.703826694853547,-81.45600215824783,-82.27344233196766
2,-3,87,1131/8081,STABLE,NONZERO_FIXED_POINT,-1.4343214934071664,-9.074180217282745,-85.08040288208201,-85.93440538392241
2,-3,88,11/86,STABLE,NONZERO_FIXED_POINT,-1.4743156184401847,-9.469897538810475,-88.95631072081379,-89.84941648689913
2,-3,89,979/8433,STABLE,NONZERO_FIXED_POINT,-1.5172982979997176,-9.895473824539529,-93.12822118332713,-94.06342059185107
2,-3,90,225/2153,STABLE,NONZERO_FIXED_POINT,-1.5638476220927693,-10.356690631165655,-97.65336517359879,-98.63422668531092
2,-3,91,91/977,STABLE,NONZERO_FIXED_POINT,-1.6147246938727786,-10.861159634118195,-102.60709188852874,-103.63794505992644
2,-3,92,46/561,STABLE,NONZERO_FIXED_POINT,-1.6709601626940795,-11.419187958176913,-108.09143559031997,-109.17764061989453
2,-3,93,651/9161,STABLE,NONZERO_FIXED_POINT,-1.7339988442025565,-12.045224378455629,-114.24943299547112,-115.3977948900444
2,-3,94,47/779,STABLE,NONZERO_FIXED_POINT,-1.8059565790126255,-12.760427907261288,-121.2905522838409,-122.50999188357773
2,-3,95,475/9537,STABLE,NONZERO_FIXED_POINT,-1.8901134022952686,-13.597599490079126,-129.53951688793074,-130.8422350609403
2,-3,96,3/76,STABLE,NONZERO_FIXED_POINT,-1.9919640444034583,-14.611687011947476,-139.54030505488794,-140.9439973924491
2,-3,97,97/3307,STABLE,NONZERO_FIXED_POINT,-2.121808879732921,-15.90569478620116,-152.3126537838249,-153.84531624447237
2,-3,98,49/2529,STABLE,NONZERO_FIXED_POINT,-2.30277212242774,-17.710865511676566,-170.14586020079085,-171.8586129501068
2,-3,99,99/10313,STABLE,NONZERO_FIXED_POINT,-2.6086403991276548,-20.76506600034577,-200.34480026088582,-202.362550084038
2,-3,100,0,STABLE,NONZERO_FIXED_POINT,,,,
2,-2,1,99/1025,STABLE,NONZERO_FIXED_POINT,-1.5110230737665358,-10.606883257163851,-100.94977495788035,-101.96486362867455
2,-2,2,49/257,STABLE,NONZERO_FIXED_POINT,-1.2167531267393823,-7.619009947007136,-71.67560682836003,-72.39534387166285
2,-2,3,291/1033,STABLE,NONZERO_FIXED_POINT,-1.0483024090269524,-5.893289168274059,-54.86174311758174,-55.411950450115455
2,-2,4,24/65,STABLE,NONZERO_FIXED_POINT,-0.9318735103939861,-4.691280494407113,-43.20178890077642,-43.63449101570768
2,-2,5,475/1049,STABLE,NONZERO_FIXED_POINT,-0.8443269321354911,-3.7811208185812646,-34.4045626173322,-34.74864449590092
2,-2,6,141/265,STABLE,NONZERO_FIXED_POINT,-0.7203167662791934,-3.0039062960042813,-27.393060793602388,-27.667087554883835
2,-2,7,651/1073,STABLE,NONZERO_FIXED_POINT,-0.5349727659551338,-2.2838480477045238,-21.60137940251832,-21.818398135916084
2,-2,8,23/34,STABLE,NONZERO_FIXED_POINT,-0.3617159377016259,-1.6622870689041989,-16.778648607843422,-16.94839968886808
2,-2,9,63/85,STABLE,NONZERO_FIXED_POINT,-0.19454951484319594,-1.110010122061496,-12.708413586755483,-12.83849196301611
2,-2,10,225/281,STABLE,NONZERO_FIXED_POINT,-0.027980294319160492,-0.6021197777778795,-9.240268493166411,-9.336792294752058
2,-2,11,979/1145,STABLE,NONZERO_FIXED_POINT,0.1441520936983096,-0.11333389302582475,-6.263559153105405,-6.331581806637075
2,-2,12,66/73,STABLE,NONZERO_FIXED_POINT,0.3304367026022472,0.3887287885398507,-3.6915134156334943,-3.7352560962083885
2,-2,13,1131/1193,STABLE,NONZERO_FIXED_POINT,0.5459827720020627,0.9624646430530461,-1.4506876653401832,-1.4698284652175744
2,-2,14,301/305,STABLE,NONZERO_FIXED_POINT,0.8263453700340904,1.8018215333026433,0.4504259552890062,0.6674416210258869
2,-2,15,1275/1249,UNSTABLE,SINGULAR_BOUNDARY_LIMIT,1.3167504020337866,2.534078736213175,1.57244120955977,1.6933431644123402
2,-2,16,21/20,UNSTABLE,SINGULAR_BOUNDARY_LIMIT,1.5645619157585635,2.3461491512766095,1.8684238619480595,1.8757479995209394
2,-2,17,1411/1313,UNSTABLE,SINGULAR_BOUNDARY_LIMIT,1.0787286215314538,1.7101602001467526,1.3821051751777418,1.3828383076126443
2,-2,18,369/337,UNSTABLE,SINGULAR_BOUNDARY_LIMIT,0.90447597948965,1.4585295854901332,1.2053108146254772,1.205425217167658
2,-2,19,1539/1385,UNSTABLE,SINGULAR_BOUNDARY_LIMIT,0.8128013457785386,1.3216677702510111,1.1116801240232235,1.111706727010585
2,-2,20,100/89,UNSTABLE,SINGULAR_BOUNDARY_LIMIT,0.760707970753149,1.2420686315241625,1.058354383504991,1.0583632485761996
2,-2,21,1659/1465,UNSTABLE,SINGULAR_BOUNDARY_LIMIT,0.7327166969480885,1.197694412421015,1.0298012679256203,1.0298053592845235
2,-2,22,33/29,UNSTABLE,SINGULAR_BOUNDARY_LIMIT,0.7219172391005859,1.178306788300418,1.0190460975690883,1.0190486354121333
2,-2,23,1771/1553,UNSTABLE,SINGULAR_BOUNDARY_LIMIT,0.7251090380173792,1.1789459023373183,1.0228307701751191,1.0228328306657772
2,-2,24,57/50,UNSTABLE,SINGULAR_BOUNDARY_LIMIT,0.7411755592656775,1.1976176088830854,1.03998920716856,1.0399913459970378
2,-2,25,1875/1649,UNSTABLE,SINGULAR_BOUNDARY_LIMIT,0.7705764282617995,1.2344836243490036,1.0709385157247766,1.0709412953391961
2,-2,26,481/425,UNSTABLE,SINGULAR_BOUNDARY_LIMIT,0.8154649385908357,1.2918619826170286,1.1177953110876047,1.1177997498973014
2,-2,27,1971/1753,UNSTABLE,SINGULAR_BOUNDARY_LIMIT,0.8805338430477612,1.3750720830871828,1.1852202415013267,1.1852288066908159
2,-2,28,126/113,UNSTABLE,SINGULAR_BOUNDARY_LIMIT,0.9754786204200627,1.4950068214881327,1.2828793828784342,1.2828990551741697
2,-2,29,2059/1865,UNSTABLE,SINGULAR_BOUNDARY_LIMIT,1.1228961445138879,1.6762978815561596,1.433338258472304,1.4333913149858404
2,-2,30,525/481,UNSTABLE,SINGULAR_BOUNDARY_LIMIT,1.3957327021198225,1.9953354859033254,1.7094932245997256,1.7096592184344104
2,-2,31,2139/1985,UNSTABLE,SINGULAR_BOUNDARY_LIMIT,3.689374949881703,4.353652764367453,4.006591149698579,4.0071870052407235
2,-2,32,17/16,UNSTABLE,SINGULAR_BOUNDARY_LIMIT,1.3481935625652595,2.107847073811822,1.6684323074074996,1.6708621304014173
2,-2,33,2211/2113,UNSTABLE,SINGULAR_BOUNDARY_LIMIT,1.02120328388407,1.9366156685191243,1.3412597158919652,1.3524153272917374
2,-2,34,561/545,UNSTABLE,SINGULAR_BOUNDARY_LIMIT,0.8203081272015247,2.063832539517499,1.1224305163322015,1.1796880803400427
2,-2,35,175/173,UNSTABLE,SINGULAR_BOUNDARY_LIMIT,0.6710965091540757,2.3219777074625156,0.8671692663256181,1.2085071252579382
2,-2,36,144/145,STABLE,NONZERO_FIXED_POINT,0.5502571339749558,1.4687992657584772,0.3664843199631207,0.7579085037240816
2,-2,37,2331/2393,STABLE,NONZERO_FIXED_POINT,0.44738622364473457,1.062115985586928,-0.4353905373765201,-0.3928555074146516
2,-2,38,589/617,STABLE,NONZERO_FIXED_POINT,0.3569164133162879,0.7598569786736604,-1.3668993943562668,-1.3798584388803192
2,-2,39,2379/2545,STABLE,NONZERO_FIXED_POINT,0.275511047145514,0.506887886652386,-2.3437121415432784,-2.372115654036463
2,-2,40,75/82,STABLE,NONZERO_FIXED_POINT,0.2010077499330425,0.2826418611677326,-3.349401306755169,-3.3880522051436515
2,-2,41,2419/2705,STABLE,NONZERO_FIXED_POINT,0.13192220531439247,0.07691161490011211,-4.381403841737324,-4.429924439586955
2,-2,42,609/697,STABLE,NONZERO_FIXED_POINT,0.06718943993758053,-0.11621041667147125,-5.439056993111478,-5.497671408140718
2,-2,43,2451/2873,STABLE,NONZERO_FIXED_POINT,0.006017944011272647,-0.30048979489691874,-6.5218779980892805,-6.590870213619837
2,-2,44,154/185,STABLE,NONZERO_FIXED_POINT,-0.05219777755682031,-0.47849005062521144,-7.629393772639958,-7.709044771584388
2,-2,45,2475/3049,STABLE,NONZERO_FIXED_POINT,-0.10793227552773743,-0.6520408285753945,-8.761155566099148,-8.851737786490844
2,-2,46,621/785,STABLE,NONZERO_FIXED_POINT,-0.16156527367231988,-0.8224947415291837,-9.916762419001373,-10.01854047551592
2,-2,47,47/61,STABLE,NONZERO_FIXED_POINT,-0.21340617745914336,-0.9908791781515589,-11.09587720004808,-11.209109177119217
2,-2,48,3/4,STABLE,NONZERO_FIXED_POINT,-0.2637111962935066,-1.1579915595857777,-12.298236682867028,-12.423175419475058
2,-2,49,2499/3425,STABLE,NONZERO_FIXED_POINT,-0.31269561068243945,-1.3244621639394936,-13.523657840661485,-13.660552160363466
2,-2,50,625/881,STABLE,NONZERO_FIXED_POINT,-0.36054275764626453,-1.490797350582362,-14.772041846924367,-14.921137737992353
2,-2,51,2499/3625,STABLE,NONZERO_FIXED_POINT,-0.4074107433213676,-1.6574103928295472,-16.04337674356418,-16.204918498344682
2,-2,52,156/233,STABLE,NONZERO_FIXED_POINT,-0.45343754780492596,-1.824644156529665,-17.337739408006286,-17.511970730677803
2,-2,53,2491/3833,STABLE,NONZERO_FIXED_POINT,-0.4987449714419334,-1.9927882159484938,-18.65529724671103,-18.842462338428902
2,-2,54,621/985,STABLE,NONZERO_FIXED_POINT,-0.5434417326803889,-2.162092050208358,-19.996309915032043,-20.196654545353056
2,-2,55,2475/4049,STABLE,NONZERO_FIXED_POINT,-0.5876259359079157,-2.3327753994752243,-21.361131283459258,-21.574903856958088
2,-2,56,77/130,STABLE,NONZERO_FIXED_POINT,-0.6313870659423486,-2.5050365149069123,-22.750211820963443,-22.977664448097812
2,-2,57,2451/4273,STABLE,NONZERO_FIXED_POINT,-0.6748076235173954,-2.6790588195216145,-24.16410153713582,-24.405491118700866
2,-2,58,609/1097,STABLE,NONZERO_FIXED_POINT,-0.7179644866115495,-2.8550163572861393,-25.603453609904363,-25.859042944846237
2,-2,59,2419/4505,STABLE,NONZERO_FIXED_POINT,-0.7609300616364507,-3.0330783150214558,-27.069028821042423,-27.339087747995563
2,-2,60,150/289,STABLE,NONZERO_FIXED_POINT,-0.8037732736214664,-3.213412838518728,-28.561700925275574,-28.84650750897643
2,-2,61,183/365,STABLE,NONZERO_FIXED_POINT,-0.8465604338211037,-3.3961903199806756,-30.08246308938081,-30.38230486410683
2,-2,62,589/1217,STABLE,NONZERO_FIXED_POINT,-0.8726072893512224,-3.5648375760929127,-31.615686828733033,-31.930862112175987
2,-2,63,2331/4993,STABLE,NONZERO_FIXED_POINT,-0.8891903139046171,-3.726751073019308,-33.16984165263756,-33.500660945172115
2,-2,64,9/20,STABLE,NONZERO_FIXED_POINT,-0.9060954971316684,-3.8918475404599384,-34.756053863514495,-35.10284134973915
2,-2,65,2275/5249,STABLE,NONZERO_FIXED_POINT,-0.9233381550170954,-4.060285572718797,-36.37583826223778,-36.73893343401278
2,-2,66,561/1345,STABLE,NONZERO_FIXED_POINT,-0.9409353701243983,-4.232239895540715,-38.03088465023876,-38.41064407332095
2,-2,67,2211/5513,STABLE,NONZERO_FIXED_POINT,-0.958906160818799,-4.407903464950955,-39.723074572818064,-40.1198738227186
2,-2,68,136/353,STABLE,NONZERO_FIXED_POINT,-0.9772716804438613,-4.5874897663576135,-41.45450102874082,-41.86873682575845
2,-2,69,2139/5785,STABLE,NONZERO_FIXED_POINT,-0.9960554517834552,-4.771235389769565,-43.22749167387269,-43.65958425258896
2,-2,70,525/1481,STABLE,NONZERO_FIXED_POINT,-1.0152836434030998,-4.95940296488191,-45.04463617159104,-45.49503192670625
2,-2,71,2059/6065,STABLE,NONZERO_FIXED_POINT,-1.0349853960655864,-5.15228455196263,-46.908818501204166,-47.37799295978874
2,-2,72,63/194,STABLE,NONZERO_FIXED_POINT,-1.055193209462863,-5.350205601864751,-48.82325523827441,-49.31171641875105
2,-2,73,1971/6353,STABLE,NONZERO_FIXED_POINT,-1.0759434021457608,-5.553529622424165,-50.791541082068534,-51.29983331312434
2,-2,74,37/125,STABLE,NONZERO_FIXED_POINT,-1.0972766609672782,-5.762663720893904,-52.81770324534074,-53.3464115342818
2,-2,75,1875/6649,STABLE,NONZERO_FIXED_POINT,-1.119238700864651,-5.9780652356267865,-54.906266768105354,-55.456021828993016
2,-2,76,114/425,STABLE,NONZERO_FIXED_POINT,-1.1418810617864636,-6.200249728828368,-57.062333409174556,-57.63381748788842
2,-2,77,1771/6953,STABLE,NONZERO_FIXED_POINT,-1.1652620775877853,-6.429800691441166,-59.29167756290349,-59.88563123109907
2,-2,78,429/1777,STABLE,NONZERO_FIXED_POINT,-1.1894480625848267,-6.667381419189297,-61.6008637245651,-62.21809386018566
2,-2,79,1659/7265,STABLE,NONZERO_FIXED_POINT,-1.2145147763763724,-6.913749667424341,-63.997391504445716,-64.63878073705536
2,-2,80,25/116,STABLE,NONZERO_FIXED_POINT,-1.2405492482825995,-7.169775899430796,-66.48987624434133,-67.15639422489622
2,-2,81,1539/7585,STABLE,NONZERO_FIXED_POINT,-1.267652072017233,-7.436466235191482,-69.08827618741344,-69.7809931527047
2,-2,82,369/1937,STABLE,NONZERO_FIXED_POINT,-1.295940323151033,-7.714991626798486,-71.80418130461715,-72.5242845591772
2,-2,83,1411/7913,STABLE,NONZERO_FIXED_POINT,-1.3255513130768044,-8.006725398045852,-74.65118493499813,-75.39999908697132
2,-2,84,84/505,STABLE,NONZERO_FIXED_POINT,-1.3566474840533225,-8.31329219428249,-77.64536839299203,-78.42438048504877
2,-2,85,1275/8249,STABLE,NONZERO_FIXED_POINT,-1.3894228877882977,-8.636632767340537,-80.80594234627159,-81.61683346510551
2,-2,86,301/2105,STABLE,NONZERO_FIXED_POINT,-1.4241119041922694,-8.979091162002689,-84.15610997067671,-85.00079557525459
2,-2,87,87/661,STABLE,NONZERO_FIXED_POINT,-1.4610011984337863,-9.34353428541008,-87.7242506971188,-88.60493290398577
2,-2,88,33/274,STABLE,NONZERO_FIXED_POINT,-1.500446475297342,-9.733519449489009,-91.54557889159526,-92.4648155145378
2,-2,89,979/8945,STABLE,NONZERO_FIXED_POINT,-1.5428965425760062,-10.153535003755934,-95.66452612976445,-96.62532378286465
2,-2,90,225/2281,STABLE,NONZERO_FIXED_POINT,-1.588928877545932,-10.609355998996044,-100.1382622767369,-101.14420504390216
2,-2,91,819/9305,STABLE,NONZERO_FIXED_POINT,-1.6393039981814663,-11.10858789841565,-105.04207823629207,-106.09751071199844
2,-2,92,46/593,STABLE,NONZERO_FIXED_POINT,-1.6950519948021796,-11.661531893186861,-110.47795258294889,-111.58824944463157
2,-2,93,651/9673,STABLE,NONZERO_FIXED_POINT,-1.757617148834516,-12.282631089212884,-116.58886881847218,-117.76084901767734
2,-2,94,141/2465,STABLE,NONZERO_FIXED_POINT,-1.829114790233647,-12.993039080567513,-123.58424425581796,-124.82684206677581
2,-2,95,475/10049,STABLE,NONZERO_FIXED_POINT,-1.9128244658859952,-13.82555163280994,-131.7887536902362,-133.11418292683652
2,-2,96,3/80,STABLE,NONZERO_FIXED_POINT,-2.0142404391146105,-14.835111677392911,-141.7463288496259,-143.1722975818982
2,-2,97,291/10433,STABLE,NONZERO_FIXED_POINT,-2.143662637481624,-16.12471878910125,-154.47666222635957,-156.03117844475577
2,-2,98,49/2657,STABLE,NONZERO_FIXED_POINT,-2.3242148474936126,-17.9256111325747,-172.2690083525517,-174.00320382693346
2,-2,99,99/10825,STABLE,NONZERO_FIXED_POINT,-2.629683286403374,-20.975651179845734,-202.42820240792466,-204.46699511835254
2,-2,100,0,STABLE,NONZERO_FIXED_POINT,,,,
2,-1,1,33/683,STABLE,NONZERO_FIXED_POINT,-1.8118411667759586,-13.634562047114372,-130.7502640256388,-132.06617078944245
2,-1,2,49/513,STABLE,NONZERO_FIXED_POINT,-1.5169373685199048,-10.65681631446028,-101.4298106869015,-102.44973197198485
2,-1,3,291/2057,STABLE,NONZERO_FIXED_POINT,-1.3474363792020565,-8.934501421753666,-84.52587736422083,-85.37521866692964
2,-1,4,8/43,STABLE,NONZERO_FIXED_POINT,-1.2295498640503792,-7.7296535934267965,-72.73333731905153,-73.46371578763917
2,-1,5,475/2073,STABLE,NONZERO_FIXED_POINT,-1.1401507460357934,-6.8109285037757346,-63.76253530416591,-64.40244099663494
2,-1,6,141/521,STABLE,NONZERO_FIXED_POINT,-1.0689346745734705,-6.075214506108814,-56.59327175169159,-57.16089036233572
2,-1,7,217/699,STABLE,NONZERO_FIXED_POINT,-1.010401881474504,-5.46744970063105,-50.681005559395174,-51.1890230012923
2,-1,8,23/66,STABLE,NONZERO_FIXED_POINT,-0.961266292966287,-4.954711404313777,-45.70035543243986,-46.15817153196414
2,-1,9,819/2129,STABLE,NONZERO_FIXED_POINT,-0.9194050980373767,-4.5157100593325765,-41.44110656284056,-41.85599832251853
2,-1,10,75/179,STABLE,NONZERO_FIXED_POINT,-0.8833656546600599,-4.135856625442159,-37.75939388665685,-38.13718565424506
2,-1,11,979/2169,STABLE,NONZERO_FIXED_POINT,-0.8521087124392572,-3.8046936238497366,-34.55228076854877,-34.897757628759734
2,-1,12,66/137,STABLE,NONZERO_FIXED_POINT,-0.8248638779998041,-3.5144495118399277,-31.743449797285052,-32.06062642889958
2,-1,13,377/739,STABLE,NONZERO_FIXED_POINT,-0.7835286930770025,-3.2416606811818696,-29.257130059422423,-29.549433147611467
2,-1,14,301/561,STABLE,NONZERO_FIXED_POINT,-0.7183310701006906,-2.9723475292261057,-27.038439676270514,-27.308836041932807
2,-1,15,1275/2273,STABLE,NONZERO_FIXED_POINT,-0.6591646686828128,-2.7330337323097993,-25.081244193877353,-25.33233344483233
2,-1,16,7/12,STABLE,NONZERO_FIXED_POINT,-0.6055824068847926,-2.5205276865246695,-23.355800332288396,-23.58988353832177
2,-1,17,1411/2337,STABLE,NONZERO_FIXED_POINT,-0.5572391306912721,-2.3322187275068416,-21.837564988315307,-22.056696686953217
2,-1,18,369/593,STABLE,NONZERO_FIXED_POINT,-0.5138640405488175,-2.165945451940445,-20.506003842046255,-20.712032169251415
2,-1,19,513/803,STABLE,NONZERO_FIXED_POINT,-0.47523928760156764,-2.019897985772772,-19.343723113065437,-19.538321293232286
2,-1,20,100/153,STABLE,NONZERO_FIXED_POINT,-0.4411829586303462,-1.8925431311316956,-18.33582479872723,-18.520516229544853
2,-1,21,1659/2489,STABLE,NONZERO_FIXED_POINT,-0.4115354005934009,-1.7825654045642452,-17.469419940036516,-17.645598450620753
2,-1,22,143/211,STABLE,NONZERO_FIXED_POINT,-0.3861482890990171,-1.6888196221433134,-16.733255916856763,-16.902202334689377
2,-1,23,1771/2577,STABLE,NONZERO_FIXED_POINT,-0.3648761132584397,-1.6102924005301702,-16.117427567883283,-16.28032342524409
2,-1,24,57/82,STABLE,NONZERO_FIXED_POINT,-0.3475698866464825,-1.5460710175683587,-15.613150985053068,-15.771089981764305
2,-1,25,625/891,STABLE,NONZERO_FIXED_POINT,-0.33407293790071435,-1.4953186943234087,-15.212584879521955,-15.366582566214731
2,-1,26,481/681,STABLE,NONZERO_FIXED_POINT,-0.32421861574664845,-1.4572556540665076,-14.90868851727015,-15.059690552809172
2,-1,27,1971/2777,STABLE,NONZERO_FIXED_POINT,-0.3178296903809361,-1.4311453891791075,-14.695108045506288,-14.843997300977094
2,-1,28,42/59,STABLE,NONZERO_FIXED_POINT,-0.31471917189354315,-1.4162855163447574,-14.566085009169882,-14.713687730414136
2,-1,29,2059/2889,STABLE,NONZERO_FIXED_POINT,-0.3146922175393314,-1.4120025016576676,-14.516382274892294,-14.663473470118447
2,-1,30,525/737,STABLE,NONZERO_FIXED_POINT,-0.31754877669412807,-1.417649450573137,-14.541223625793975,-14.68853181024707
2,-1,31,713/1003,STABLE,NONZERO_FIXED_POINT,-0.3230866304411535,-1.4326061214512507,-14.63624408695722,-14.784455490125765
2,-1,32,17/24,STABLE,NONZERO_FIXED_POINT,-0.3311045195243256,-1.4562803516381138,-14.79744866596863,-14.947210986301968
2,-1,33,2211/3137,STABLE,NONZERO_FIXED_POINT,-0.3414051120949395,-1.4881101777077603,-15.021177693242635,-15.173103469361706
2,-1,34,187/267,STABLE,NONZERO_FIXED_POINT,-0.3537976310292805,-1.5275660692380342,-15.304077351603382,-15.45874700643148
2,-1,35,2275/3273,STABLE,NONZERO_FIXED_POINT,-0.3681000296210417,-1.57415285485164,-15.643074311496946,-15.801038915811773
2,-1,36,144/209,STABLE,NONZERO_FIXED_POINT,-0.38414066631552934,-1.6274110774347719,-16.035353649295587,-16.19713744331142
2,-1,37,777/1139,STABLE,NONZERO_FIXED_POINT,-0.40175947901208886,-1.6869176548848088,-16.478339431066217,-16.644442136344423
2,-1,38,589/873,STABLE,NONZERO_FIXED_POINT,-0.42080869543380217,-1.75228583303047,-16.969677501661806,-17.140576450580227
2,-1,39,2379/3569,STABLE,NONZERO_FIXED_POINT,-0.44115313860316263,-1.8231644950156323,-17.5072201373942,-17.68337224331259
2,-1,40,25/38,STABLE,NONZERO_FIXED_POINT,-0.4626701975204668,-1.8992369382712937,-18.08901230771943,-18.270855895664226
2,-1,41,2419/3729,STABLE,NONZERO_FIXED_POINT,-0.485249535363792,-1.9802192513133292,-18.71327935441269,-18.90123586941212
2,-1,42,609/953,STABLE,NONZERO_FIXED_POINT,-0.5087926036398613,-2.0658584244623768,-19.37841594175353,-19.57289154975905
2,-1,43,817/1299,STABLE,NONZERO_FIXED_POINT,-0.5332120231287121,-2.155930317616196,-20.08297616329844,-20.28436325783906
2,-1,44,154/249,STABLE,NONZERO_FIXED_POINT,-0.5584308831009785,-2.2502375899601574,-20.82566471381986,-21.034343340079175
2,-1,45,2475/4073,STABLE,NONZERO_FIXED_POINT,-0.5843820005316687,-2.3486076752774494,-21.605329051901435,-21.821668258717864
2,-1,46,207/347,STABLE,NONZERO_FIXED_POINT,-0.6110071717921777,-2.4508908653315586,-22.420952491626508,-22.645311620960456
2,-1,47,2491/4257,STABLE,NONZERO_FIXED_POINT,-0.6382564410912437,-2.5569585445318808,-23.27164817228777,-23.50437809492837
2,-1,48,39/68,STABLE,NONZERO_FIXED_POINT,-0.6660874029847541,-2.666701602764782,-24.15665386408685,-24.398098169766598
2,-1,49,833/1483,STABLE,NONZERO_FIXED_POINT,-0.6944645506238771,-2.780029040244578,-25.07532757606606,-25.3258237256876
2,-1,50,625/1137,STABLE,NONZERO_FIXED_POINT,-0.7233586769800198,-2.8968667684589633,-26.027143940462963,-26.28702438780664
2,-1,51,2499/4649,STABLE,NONZERO_FIXED_POINT,-0.7527463329330608,-3.017156604447109,-27.011691355612186,-27.28128464566879
2,-1,52,52/99,STABLE,NONZERO_FIXED_POINT,-0.7826093436703125,-3.1408554513324844,-28.028669877645115,-28.308301728607887
2,-1,53,2491/4857,STABLE,NONZERO_FIXED_POINT,-0.8129343831522249,-3.267934655772592,-29.077889859755942,-29.367884235692486
2,-1,54,621/1241,STABLE,NONZERO_FIXED_POINT,-0.8437126053062123,-3.3983795323426733,-30.159271346861203,-30.459951528183353
2,-1,55,825/1691,STABLE,NONZERO_FIXED_POINT,-0.8624910860570587,-3.5197408015230707,-31.260395999360753,-31.572085658408582
2,-1,56,77/162,STABLE,NONZERO_FIXED_POINT,-0.8747791623867149,-3.6375410217872854,-32.386914662810995,-32.70993895218115
2,-1,57,2451/5297,STABLE,NONZERO_FIXED_POINT,-0.8873928921055025,-3.758619235888794,-33.5458938497664,-33.880580511449864
2,-1,58,203/451,STABLE,NONZERO_FIXED_POINT,-0.9003360123207482,-3.8830122081094274,-34.73769956762189,-35.084380071586565
2,-1,59,2419/5529,STABLE,NONZERO_FIXED_POINT,-0.9136134374662497,-4.010768294646624,-35.962814604191976,-36.32182532576883
2,-1,60,150/353,STABLE,NONZERO_FIXED_POINT,-0.9272313083658466,-4.14194796261129,-37.22184337067296,-37.59352681700511
2,-1,61,793/1923,STABLE,NONZERO_FIXED_POINT,-0.9411970526626554,-4.276624424807224,-38.51551787068979,-38.900223967610714
2,-1,62,589/1473,STABLE,NONZERO_FIXED_POINT,-0.9555194579637885,-4.4148844015253985,-39.84470492901744,-40.242792381072945
2,-1,63,2331/6017,STABLE,NONZERO_FIXED_POINT,-0.9702087593411619,-4.556829024203509,-41.21041484234644,-41.622252580317536
2,-1,64,3/8,STABLE,NONZERO_FIXED_POINT,-0.9852767431792937,-4.702574899875062,-42.613811649144395,-43.039780381416676
2,-1,65,2275/6273,STABLE,NONZERO_FIXED_POINT,-1.0007368697862873,-4.852255360031009,-44.05622525778239,-44.49671914432662
2,-1,66,561/1601,STABLE,NONZERO_FIXED_POINT,-1.0166044177052704,-5.006021923056863,-45.539165723660915,-45.99459419432401
2,-1,67,737/2179,STABLE,NONZERO_FIXED_POINT,-1.0328966533054462,-5.164046006068062,-47.06434002964562,-47.5351297720328
2,-1,68,136/417,STABLE,NONZERO_FIXED_POINT,-1.0496330300297938,-5.3265209301026175,-48.63367180309098,-49.12026894969449
2,-1,69,2139/6809,STABLE,NONZERO_FIXED_POINT,-1.0668354226740302,-5.493664272707498,-50.24932450150999,-50.75219705111681
2,-1,70,175/579,STABLE,NONZERO_FIXED_POINT,-1.0845284033289904,-5.665720634581653,-51.91372872343641,-52.43336923847755
2,-1,71,2059/7089,STABLE,NONZERO_FIXED_POINT,-1.1027395672150266,-5.842964902922141,-53.62961445907621,-54.166543088810215
2,-1,72,63/226,STABLE,NONZERO_FIXED_POINT,-1.1214999186800378,-6.025706114544775,-55.400049297613236,-55.954817187307015
2,-1,73,657/2459,STABLE,NONZERO_FIXED_POINT,-1.1408443302688802,-6.214292048189797,-57.228483869002616,-57.80167702818159
2,-1,74,481/1881,STABLE,NONZERO_FIXED_POINT,-1.1608120912027644,-6.40911470970115,-59.11880613774963,-59.71104985692614
2,-1,75,1875/7673,STABLE,NONZERO_FIXED_POINT,-1.1814475661139916,-6.610616918799501,-61.075406612335826,-61.687370538472805
2,-1,76,38/163,STABLE,NONZERO_FIXED_POINT,-1.202800990859771,-6.8193002659159845,-63.10325712582187,-63.735661133609
2,-1,77,1771/7977,STABLE,NONZERO_FIXED_POINT,-1.2249294402533994,-7.035734787662946,-65.20800663659344,-65.86162766745457
2,-1,78,429/2033,STABLE,NONZERO_FIXED_POINT,-1.247898013417565,-7.260570818148658,-67.39609857399893,-68.07177866045225
2,-1,79,553/2763,STABLE,NONZERO_FIXED_POINT,-1.2717812973785065,-7.494553622453026,-69.67491573011597,-70.37357148372774
2,-1,80,25/132,STABLE,NONZERO_FIXED_POINT,-1.296665190261531,-7.738541625971649,-72.05296075231468,-72.77559467484849
2,-1,81,1539/8609,STABLE,NONZERO_FIXED_POINT,-1.3226491947123407,-7.993529345953306,-74.54008318842733,-75.28779727641376
2,-1,82,123/731,STABLE,NONZERO_FIXED_POINT,-1.349849334109443,-8.26067655094355,-77.14776818846079,-77.92178045397924
2,-1,83,1411/8937,STABLE,NONZERO_FIXED_POINT,-1.3784019052840009,-8.541345785344085,-79.8895080207659,-80.69117276494632
2,-1,84,84/569,STABLE,NONZERO_FIXED_POINT,-1.4084683723297324,-8.83715130494528,-82.78128655631977,-83.61211953665295
2,-1,85,425/3091,STABLE,NONZERO_FIXED_POINT,-1.4402418439673887,-9.150023848099998,-85.84222052510103,-86.70393060011406
2,-1,86,301/2361,STABLE,NONZERO_FIXED_POINT,-1.4739557910993106,-9.48229780890756,-89.09542255145868,-89.98995204294357
2,-1,87,1131/9617,STABLE,NONZERO_FIXED_POINT,-1.5098960026874124,-9.836830793749641,-92.56918478366401,-93.49876179478463
2,-1,88,11/102,STABLE,NONZERO_FIXED_POINT,-1.5484173389585352,-10.217171151220743,-96.29863745902368,-97.26584494562736
2,-1,89,979/9969,STABLE,NONZERO_FIXED_POINT,-1.5899677936709882,-10.627798592792338,-100.32813106619744,-101.33599997039266
2,-1,90,225/2537,STABLE,NONZERO_FIXED_POINT,-1.6351240594910124,-11.074479844695041,-104.71475731552835,-105.76689526463872
2,-1,91,273/3443,STABLE,NONZERO_FIXED_POINT,-1.684645898139017,-11.564812347614115,-109.5337317817062,-110.63450615737014
2,-1,92,46/657,STABLE,NONZERO_FIXED_POINT,-1.7395626709976977,-12.109089561114473,-114.88696043227588,-116.04176797015407
2,-1,93,651/10697,STABLE,NONZERO_FIXED_POINT,-1.8013179568653452,-12.7217471396227,-120.91735678362545,-122.13303779086147
2,-1,94,47/907,STABLE,NONZERO_FIXED_POINT,-1.8720264084001572,-13.42393149541865,-127.8342706874883,-129.1197801166127
2,-1,95,475/11073,STABLE,NONZERO_FIXED_POINT,-1.9549669195761528,-14.248431471836753,-135.96231190768708,-137.32988359797753
2,-1,96,3/88,STABLE,NONZERO_FIXED_POINT,-2.055633124272835,-15.250183327892758,-145.8453494792078,-147.3127108966383
2,-1,97,97/3819,STABLE,NONZERO_FIXED_POINT,-2.184324343192536,-16.53218020626997,-158.50301545179943,-160.09819337590653
2,-1,98,49/2913,STABLE,NONZERO_FIXED_POINT,-2.3641637777110027,-18.32565407071482,-176.2245060800395,-177.99865048463866
2,-1,99,99/11849,STABLE,NONZERO_FIXED_POINT,-2.6689370808542527,-21.368461414767715,-206.314600348975,-208.3926468538537
2,-1,100,0,STABLE,NONZERO_FIXED_POINT,,,,
2,0,1,99/4097,STABLE,NONZERO_FIXED_POINT,-2.1127651723279044,-16.6538987504996,-160.55183722314732,-162.16866799250295
2,0,2,49/1025,STABLE,NONZERO_FIXED_POINT,-1.8175438687998593,-13.682116799337408,-131.20908969666752,-132.52961748203077
2,0,3,291/4105,STABLE,NONZERO_FIXED_POINT,-1.6475152489627938,-11.962781400358566,-114.26117675015007,-115.41059692261962
2,0,4,24/257,STABLE,NONZERO_FIXED_POINT,-1.5288932770824246,-10.758018380858292,-102.40326584503225,-103.4329877266519
2,0,5,475/4121,STABLE,NONZERO_FIXED_POINT,-1.4385540584665222,-9.836575260180936,-93.34607669643344,-94.28438570133318
2,0,6,141/1033,STABLE,NONZERO_FIXED_POINT,-1.366197272793566,-9.095435542675503,-86.06986313255152,-86.93474434141572
2,0,7,651/4145,STABLE,NONZERO_FIXED_POINT,-1.3063279858954537,-8.479636803028683,-80.03061242922689,-80.83455597554502
2,0,8,23/130,STABLE,NONZERO_FIXED_POINT,-1.2556657097312556,-7.956361260114527,-74.90354222260768,-75.65575773889694
2,0,9,819/4177,STABLE,NONZERO_FIXED_POINT,-1.2120939118641747,-7.504430851438904,-70.4791019288752,-71.18668250237988
2,0,10,225/1049,STABLE,NONZERO_FIXED_POINT,-1.1741668571540629,-7.109375634526529,-66.61415005871089,-67.2827430287931
2,0,11,979/4217,STABLE,NONZERO_FIXED_POINT,-1.1408527614399269,-6.7608653125250555,-63.20652642339945,-63.84074733261116
2,0,12,66/265,STABLE,NONZERO_FIXED_POINT,-1.1113891847802053,-6.451263159520778,-60.18073606107521,-60.78443799947016
2,0,13,1131/4265,STABLE,NONZERO_FIXED_POINT,-1.0851965125866183,-6.1747608289425955,-57.47938386772432,-58.05584029830243
2,0,14,301/1073,STABLE,NONZERO_FIXED_POINT,-1.0618235978451391,-5.926834777074703,-55.057793178522616,-55.609826404894704
2,0,15,1275/4321,STABLE,NONZERO_FIXED_POINT,-1.0409122086054818,-5.703890743492671,-52.88048607294769,-53.41056015448896
2,0,16,21/68,STABLE,NONZERO_FIXED_POINT,-1.0221729789511915,-5.503023270324206,-50.91880252618989,-51.42909214416221
2,0,17,1411/4385,STABLE,NONZERO_FIXED_POINT,-1.0053686692736008,-5.321848318041084,-49.14924318294595,-49.64168576689366
2,0,18,369/1105,STABLE,NONZERO_FIXED_POINT,-0.9903022239892358,-5.158383858324811,-47.552287079041946,-48.02862299090401
2,0,19,1539/4457,STABLE,NONZERO_FIXED_POINT,-0.9768080675731241,-5.0109628515999916,-46.11152995692606,-46.57333397118077
2,0,20,100/281,STABLE,NONZERO_FIXED_POINT,-0.9647456406551118,-4.878168625408421,-44.81304434770948,-45.26175066761459
2,0,21,1659/4537,STABLE,NONZERO_FIXED_POINT,-0.9539945194294539,-4.758786084806445,-43.644896401282836,-44.08181879452451
2,0,22,429/1145,STABLE,NONZERO_FIXED_POINT,-0.9444506758049869,-4.651764327871021,-42.596775649599124,-43.02312384409032
2,0,23,1771/4625,STABLE,NONZERO_FIXED_POINT,-0.9360235736121503,-4.556187618558532,-41.65970753925893,-42.07660071514391
2,0,24,57/146,STABLE,NONZERO_FIXED_POINT,-0.9286338870568098,-4.471252578260767,-40.825827566054585,-41.23430556616654
2,0,25,1875/4721,STABLE,NONZERO_FIXED_POINT,-0.9222116887699592,-4.396250069401951,-40.08820189891628,-40.48923462728379
2,0,26,481/1193,STABLE,NONZERO_FIXED_POINT,-0.9166949967513602,-4.330550664305008,-39.440683533678,-39.83517890097448
2,0,27,1971/4825,STABLE,NONZERO_FIXED_POINT,-0.9120285987775247,-4.273592885613411,-38.877795915066145,-39.26660660846653
2,0,28,126/305,STABLE,NONZERO_FIXED_POINT,-0.9081630935945268,-4.22487361229318,-38.394638019593316,-38.77856731382258
2,0,29,2059/4937,STABLE,NONZERO_FIXED_POINT,-0.9050541031383545,-4.183940194585091,-37.986806369356316,-38.3666131499578
2,0,30,525/1249,STABLE,NONZERO_FIXED_POINT,-0.9026616208998952,-4.150383930027878,-37.65033052332353,-38.02673365829173
2,0,31,2139/5057,STABLE,NONZERO_FIXED_POINT,-0.9009494695738809,-4.123834632799401,-37.38161938690541,-37.75530155596641
2,0,32,17/40,STABLE,NONZERO_FIXED_POINT,-0.8998848471167324,-4.1039560883049475,-37.17741627319242,-37.549027343142114
2,0,33,2211/5185,STABLE,NONZERO_FIXED_POINT,-0.8994379448518437,-4.090442229855277,-37.03476109609801,-37.40492111424436
2,0,34,561/1313,STABLE,NONZERO_FIXED_POINT,-0.8995816246979622,-4.083013908410102,-36.950958415934736,-37.320260280768025
2,0,35,2275/5321,STABLE,NONZERO_FIXED_POINT,-0.9002911452383593,-4.081416152554091,-36.923550319509104,-37.292562177440686
2,0,36,144/337,STABLE,NONZERO_FIXED_POINT,-0.9015439283968059,-4.085415836161822,-36.95029331961396,-37.31956072839009
2,0,37,2331/5465,STABLE,NONZERO_FIXED_POINT,-0.9033193600876963,-4.094799687075643,-37.02913861733856,-37.39918651010379
2,0,38,589/1385,STABLE,NONZERO_FIXED_POINT,-0.9055986194695969,-4.109372582646515,-37.15821519553532,-37.529549674148655
2,0,39,2379/5617,STABLE,NONZERO_FIXED_POINT,-0.9083645324331293,-4.128956087969023,-37.33581531096195,-37.708925292800814
2,0,40,75/178,STABLE,NONZERO_FIXED_POINT,-0.9116014457555126,-4.153387200665804,-37.5603820319445,-37.93574077086171
2,0,41,2419/5777,STABLE,NONZERO_FIXED_POINT,-0.915295118999504,-4.182517272583148,-37.83049853231063,-38.208565031490195
2,0,42,609/1465,STABLE,NONZERO_FIXED_POINT,-0.9194326317584771,-4.21621108407664,-38.14487890421634,-38.52609923627364
2,0,43,2451/5945,STABLE,NONZERO_FIXED_POINT,-0.9240023042778347,-4.2543460509447755,-38.502360294899745,-38.887168842602364
2,0,44,154/377,STABLE,NONZERO_FIXED_POINT,-0.9289936298360812,-4.296811547698169,-38.901896207361915,-39.29071683673129
2,0,45,2475/6121,STABLE,NONZERO_FIXED_POINT,-0.9343972175626618,-4.343508333883406,-39.34255083404901,-39.735798010278586
2,0,46,621/1553,STABLE,NONZERO_FIXED_POINT,-0.9402047446162509,-4.394348072729656,-39.82349431702397,-40.22157417257591
2,0,47,2491/6305,STABLE,NONZERO_FIXED_POINT,-0.9464089168566616,-4.449252933547108,-40.343998848850674,-40.74731021222334
2,0,48,39/100,STABLE,NONZERO_FIXED_POINT,-0.9530034373237766,-4.508155271158415,-40.90343554625227,-41.31237093922579
2,0,49,2499/6497,STABLE,NONZERO_FIXED_POINT,-0.9599829819943739,-4.57099737725018,-41.50127204419459,-41.91621865483353
2,0,50,625/1649,STABLE,NONZERO_FIXED_POINT,-0.9673431824279177,-4.637731299948186,-42.137070771922424,-42.558411410222845
2,0,51,2499/6697,STABLE,NONZERO_FIXED_POINT,-0.9750806150398219,-4.708318729194893,-42.81048788508633,-43.23860192789607
2,0,52,156/425,STABLE,NONZERO_FIXED_POINT,-0.9831927968593641,-4.78273094668468,-43.521272839851406,-43.95653717154721
2,0,53,2491/6905,STABLE,NONZERO_FIXED_POINT,-0.9916781877431067,-4.8609488402289145,-44.26926860611775,-44.71205856149595
2,0,54,621/1753,STABLE,NONZERO_FIXED_POINT,-1.000536199126449,-4.942962983518434,-45.05441252806122,-45.50510284397842
2,0,55,2475/7121,STABLE,NONZERO_FIXED_POINT,-1.0097672095094552,-5.028773783358837,-45.876737851425105,-46.33570363392528
2,0,56,77/226,STABLE,NONZERO_FIXED_POINT,-1.0193725869914854,-5.118391697611813,-46.736375948720934,-47.20399366269584
2,0,57,2451/7345,STABLE,NONZERO_FIXED_POINT,-1.0293547192961796,-5.211837528320473,-47.63355928606194,-48.1102077749361
2,0,58,609/1865,STABLE,NONZERO_FIXED_POINT,-1.0397170518678305,-5.309142795869697,-48.568625189167676,-49.054686732679556
2,0,59,2419/7577,STABLE,NONZERO_FIXED_POINT,-1.0504641347769414,-5.4103502015797815,-49.54202048158788,-50.03788190047544
2,0,60,150/481,STABLE,NONZERO_FIXED_POINT,-1.0616016793518561,-5.5155141879084795,-50.55430708593093,-51.06036090324909
2,0,61,2379/7817,STABLE,NONZERO_FIXED_POINT,-1.0731366256616308,-5.624701607505713,-51.60616869949013,-52.12281436940998
2,0,62,589/1985,STABLE,NONZERO_FIXED_POINT,-1.0850772222202902,-5.737992514807743,-52.698418679921645,-53.226063896233654
2,0,63,2331/8065,STABLE,NONZERO_FIXED_POINT,-1.0974331195744877,-5.855481096770141,-53.83200930551834,-54.371071403722794
2,0,64,9/32,STABLE,NONZERO_FIXED_POINT,-1.1102154797875934,-5.977276762845499,-55.00804260936869,-55.55895007824927
2,0,65,2275/8321,STABLE,NONZERO_FIXED_POINT,-1.1234371042589757,-6.103505418569419,-56.22778302884609,-56.79097714986301
2,0,66,561/2113,STABLE,NONZERO_FIXED_POINT,-1.1371125828382844,-6.234310952327448,-57.49267216344572,-58.06860879924187
2,0,67,2211/8585,STABLE,NONZERO_FIXED_POINT,-1.151258467836465,-6.3698569712983115,-58.80434599754642,-59.39349755446466
2,0,68,136/545,STABLE,NONZERO_FIXED_POINT,-1.1658934773326788,-6.510328830543571,-60.16465502360899,-60.76751261751542
2,0,69,2139/8857,STABLE,NONZERO_FIXED_POINT,-1.1810387331734855,-6.655936009190157,-61.575687800055334,-62.19276366016163
2,0,70,525/2249,STABLE,NONZERO_FIXED_POINT,-1.1967180403175242,-6.806914900222225,-63.039798602496944,-63.67162875452658
2,0,71,2059/9137,STABLE,NONZERO_FIXED_POINT,-1.2129582157747656,-6.963532096360396,-64.55963998496316,-65.2067872632569
2,0,72,63/290,STABLE,NONZERO_FIXED_POINT,-1.2297894774315932,-7.126088274930936,-66.13820126996987,-66.80125871841523
2,0,73,1971/9425,STABLE,NONZERO_FIXED_POINT,-1.247245905688331,-7.294922810982811,-67.77885424715606,-68.45844898175443
2,0,74,481/2393,STABLE,NONZERO_FIXED_POINT,-1.2653659942658209,-7.470419282212163,-69.48540769979053,-70.18220532203014
2,0,75,1875/9721,STABLE,NONZERO_FIXED_POINT,-1.2841933110435662,-7.65301207431456,-71.2621728245336,-71.97688249560014
2,0,76,114/617,STABLE,NONZERO_FIXED_POINT,-1.3037772957693932,-7.843194355160968,-73.11404220160986,-73.84742251430666
2,0,77,1771/10025,STABLE,NONZERO_FIXED_POINT,-1.324174229494389,-8.041527766331711,-75.04658576590492,-75.79945158600702
2,0,78,429/2545,STABLE,NONZERO_FIXED_POINT,-1.3454484214523035,-8.248654289198143,-77.06616830518618,-77.8393987996742
2,0,79,1659/10337,STABLE,NONZERO_FIXED_POINT,-1.3676736740158688,-8.465310891874772,-79.18009448805697,-79.97464261830618
2,0,80,25/164,STABLE,NONZERO_FIXED_POINT,-1.3909351071033793,-8.692347770772855,-81.39678947759813,-82.21369331697377
2,0,81,1539/10657,STABLE,NONZERO_FIXED_POINT,-1.415331452672028,-8.930751293119286,-83.72602608371,-84.56642242965609
2,0,82,369/2705,STABLE,NONZERO_FIXED_POINT,-1.44097797187451,-9.181673166203595,-86.17921355922357,-87.0443544625071
2,0,83,1411/10985,STABLE,NONZERO_FIXED_POINT,-1.4680102086058255,-9.446467970620844,-88.76976919874517,-89.6610422462474
2,0,84,84/697,STABLE,NONZERO_FIXED_POINT,-1.496588884032672,-9.726742103431832,-91.51360289487448,-92.43255638691059
2,0,85,1275/11321,STABLE,NONZERO_FIXED_POINT,-1.5269063745791147,-10.024418555975778,-94.42975845669099,-95.37813306231573
2,0,86,301/2873,STABLE,NONZERO_FIXED_POINT,-1.5591954300125295,-10.341824092772697,-97.54127669825988,-98.52104582865798
2,0,87,1131/11665,STABLE,NONZERO_FIXED_POINT,-1.5937411297710806,-10.681808812925738,-100.87637911313561,-101.88980125133992
2,0,88,33/370,STABLE,NONZERO_FIXED_POINT,-1.6308976365439491,-11.047913684133064,-104.47012647697477,-105.5198142611639
2,0,89,979/12017,STABLE,NONZERO_FIXED_POINT,-1.6711122588449747,-11.444611166713223,-108.36680104057854,-109.45581440994772
2,0,90,225/3049,STABLE,NONZERO_FIXED_POINT,-1.714961016634664,-11.877660868190652,-112.62342752479998,-113.755402431054
2,0,91,819/12377,STABLE,NONZERO_FIXED_POINT,-1.763203011656234,-12.354653245095307,-117.31515578221695,-118.49448727139816
2,0,92,46/785,STABLE,NONZERO_FIXED_POINT,-1.8168669581831693,-12.885874908948217,-122.54382733961575,-123.77593916467947
2,0,93,651/12745,STABLE,NONZERO_FIXED_POINT,-1.8773958008664557,-13.48575480331236,-128.45229256341378,-129.74405141465093
2,0,94,141/3233,STABLE,NONZERO_FIXED_POINT,-1.946903571231954,-14.175432767409823,-135.2498394515095,-136.61022604346564
2,0,95,475/13121,STABLE,NONZERO_FIXED_POINT,-2.028668555152601,-14.987691209550029,-143.26101721170414,-144.70229053757106
2,0,96,3/104,STABLE,NONZERO_FIXED_POINT,-2.1281837914214474,-15.97746009162652,-153.029635619168,-154.5695477037471
2,0,97,291/13505,STABLE,NONZERO_FIXED_POINT,-2.2557480186230254,-17.2477263966541,-165.57526875549712,-167.24187035503473
2,0,98,49/3425,STABLE,NONZERO_FIXED_POINT,-2.43448386891178,-19.029716065431636,-183.1870561916255,-185.0315206874254
2,0,99,99/13897,STABLE,NONZERO_FIXED_POINT,-2.7381764388935856,-22.061279704288232,-213.16972150399604,-215.31700736691408
2,0,100,0,STABLE,NONZERO_FIXED_POINT,,,,
2,1,1,33/2731,STABLE,NONZERO_FIXED_POINT,-2.4137421632341587,-19.6688087535924,-190.35369941689666,-192.2715071771585
2,1,2,49/2049,STABLE,NONZERO_FIXED_POINT,-2.1183619618092813,-16.700263009099217,-161.00004618426786,-162.62139206264052
2,1,3,291/8201,STABLE,NONZERO_FIXED_POINT,-1.948068899403573,-14.982804833564217,-144.03047507258373,-145.48044889549408
2,1,4,8/171,STABLE,NONZERO_FIXED_POINT,-1.8290775188629453,-13.778576829335385,-132.14022181195412,-133.47012793535436
2,1,5,475/8217,STABLE,NONZERO_FIXED_POINT,-1.7382647309155566,-12.856345227252127,-123.04009651129167,-124.27811618864041
2,1,6,141/2057,STABLE,NONZERO_FIXED_POINT,-1.6653312429686702,-12.113114176159314,-115.71046511066191,-116.87448028970127
2,1,7,217/2747,STABLE,NONZERO_FIXED_POINT,-1.604783365149384,-11.493943805210563,-109.60744818112548,-110.70984710669751
2,1,8,23/258,STABLE,NONZERO_FIXED_POINT,-1.5533420633876487,-10.966040756912811,-104.406417182088,-105.45630905203367
2,1,9,819/8273,STABLE,NONZERO_FIXED_POINT,-1.508892460926429,-10.508253204728966,-99.89799511322639,-100.90237423579339
2,1,10,75/691,STABLE,NONZERO_FIXED_POINT,-1.469990671054365,-10.10613918316021,-95.93923295769844,-96.90364974168094
2,1,11,979/8313,STABLE,NONZERO_FIXED_POINT,-1.4356069409269576,-9.749398028937499,-92.42818092334306,-93.35715601204174
2,1,12,66/521,STABLE,NONZERO_FIXED_POINT,-1.4049810341429216,-9.430424209958076,-89.28957132083656,-90.18686510859416
2,1,13,377/2787,STABLE,NONZERO_FIXED_POINT,-1.3775357005160433,-9.143442026341283,-86.46625207436898,-87.33504769287651
2,1,14,301/2097,STABLE,NONZERO_FIXED_POINT,-1.3528223063445317,-8.883961916595268,-83.91380412170912,-84.75683605658065
2,1,15,1275/8417,STABLE,NONZERO_FIXED_POINT,-1.3304852694701488,-8.648424811790164,-81.59702048856565,-82.41666763097157
2,1,16,7/44,STABLE,NONZERO_FIXED_POINT,-1.3102379974508054,-8.433961520948444,-79.48752417126103,-80.28587880773297
2,1,17,1411/8481,STABLE,NONZERO_FIXED_POINT,-1.291846134780723,-8.238225206968572,-77.56210961517195,-78.34102966462677
2,1,18,369/2129,STABLE,NONZERO_FIXED_POINT,-1.2751156074064305,-8.059271835540194,-75.80155912548577,-76.56270842076503
2,1,19,513/2851,STABLE,NONZERO_FIXED_POINT,-1.2598839055160695,-7.895473006803101,-74.18977986702532,-74.93465971922302
2,1,20,100/537,STABLE,NONZERO_FIXED_POINT,-1.246013606449587,-7.745451188202921,-72.71316263602313,-73.44313692172267
2,1,21,1659/8633,STABLE,NONZERO_FIXED_POINT,-1.2333874810745957,-7.60803078197155,-71.36009739496797,-72.07641274985474
2,1,22,143/723,STABLE,NONZERO_FIXED_POINT,-1.2219047411432742,-7.482200602365296,-70.12060176451772,-70.82440402434719
2,1,23,1771/8721,STABLE,NONZERO_FIXED_POINT,-1.211478123027188,-7.367084716612084,-68.9860323167594,-69.67838004205942
2,1,24,57/274,STABLE,NONZERO_FIXED_POINT,-1.2020315940927606,-7.261919512177634,-67.9488575098068,-68.6307332169547
2,1,25,625/2939,STABLE,NONZERO_FIXED_POINT,-1.1934985291309808,-7.166035464471882,-67.0024771576708,-67.67479672639934
2,1,26,481/2217,STABLE,NONZERO_FIXED_POINT,-1.1858202461955063,-7.078842498523258,-66.14107748144869,-66.8046980981893
2,1,27,1971/8921,STABLE,NONZERO_FIXED_POINT,-1.178944820467093,-6.999818130789116,-65.35951368499798,-66.0152406000879
2,1,28,42/187,STABLE,NONZERO_FIXED_POINT,-1.1728261155039021,-6.928497784687934,-64.6532140516832,-65.3018063678218
2,1,29,2059/9033,STABLE,NONZERO_FIXED_POINT,-1.1674229861512444,-6.864466822581242,-64.0181010352664,-64.6602766988808
2,1,30,525/2273,STABLE,NONZERO_FIXED_POINT,-1.1626986182507313,-6.807353945598756,-63.45052589379452,-64.08696602611349
2,1,31,713/3051,STABLE,NONZERO_FIXED_POINT,-1.1586199783034061,-6.7568256928488495,-62.947214208782555,-63.57856688657313
2,1,32,17/72,STABLE,NONZERO_FIXED_POINT,-1.155157352220038,-6.7125818313428525,-62.505220223870765,-63.132103798923765
2,1,33,2211/9281,STABLE,NONZERO_FIXED_POINT,-1.152283956798673,-6.674351473033042,-62.12188838332247,-62.744894413415636
2,1,34,187/779,STABLE,NONZERO_FIXED_POINT,-1.149975611000709,-6.641889789677322,-61.79482079042174,-62.41451664155778
2,1,35,2275/9417,STABLE,NONZERO_FIXED_POINT,-1.1482104567333415,-6.614975222609402,-61.52184956684118,-62.13878073626779
2,1,36,144/593,STABLE,NONZERO_FIXED_POINT,-1.1469687208897303,-6.593407104929838,-61.30101329636497,-61.915705497634036
2,1,37,777/3187,STABLE,NONZERO_FIXED_POINT,-1.1462325119953718,-6.577003629605528,-61.130536894473835,-61.74349793914661
2,1,38,589/2409,STABLE,NONZERO_FIXED_POINT,-1.1459856460674729,-6.565600109547965,-61.00881436985844,-61.62053587506966
2,1,39,2379/9713,STABLE,NONZERO_FIXED_POINT,-1.1462134972927807,-6.559047485728335,-60.934394042810936,-61.54535298950947
2,1,40,25/102,STABLE,NONZERO_FIXED_POINT,-1.1469028699281996,-6.557211047376299,-60.90596586452352,-61.5166260276134
2,1,41,2419/9873,STABLE,NONZERO_FIXED_POINT,-1.148041888472127,-6.559969334745553,-60.92235054504329,-61.53316381369541
2,1,42,609/2489,STABLE,NONZERO_FIXED_POINT,-1.1496199036769408,-6.567213200154377,-60.982490249361945,-61.593897853337694
2,1,43,817/3347,STABLE,NONZERO_FIXED_POINT,-1.1516274124005648,-6.578845007284727,-61.085440663438135,-61.69787431926352
2,1,44,154/633,STABLE,NONZERO_FIXED_POINT,-1.1540559896476426,-6.5947779522497285,-61.23036426686332,-61.844247256044184
2,1,45,2475/10217,STABLE,NONZERO_FIXED_POINT,-1.1568982314444884,-6.61493549287502,-61.41652467794222,-62.03227286805361
2,1,46,207/859,STABLE,NONZERO_FIXED_POINT,-1.1601477074385969,-6.6392508751077415,-61.64328196139118,-62.26130477976551
2,1,47,2491/10401,STABLE,NONZERO_FIXED_POINT,-1.1637989223236218,-6.667666747565832,-61.91008880964034,-62.53079017847995
2,1,48,39/164,STABLE,NONZERO_FIXED_POINT,-1.1678472853714745,-6.700134857050365,-62.21648752663623,-62.840266767657454
2,1,49,833/3531,STABLE,NONZERO_FIXED_POINT,-1.1722890875117642,-6.736615819427449,-62.56210775872597,-63.18936047488228
2,1,50,625/2673,STABLE,NONZERO_FIXED_POINT,-1.1771214855399368,-6.777078961699573,-62.94666493119098,-63.57778387260345
2,1,51,2499/10793,STABLE,NONZERO_FIXED_POINT,-1.182342493164267,-6.821502232372801,-63.36995936173457,-64.00533528266874
2,1,52,52/227,STABLE,NONZERO_FIXED_POINT,-1.1879509787218367,-6.869872178427258,-63.83187603411719,-64.47189854767552
2,1,53,2491/11001,STABLE,NONZERO_FIXED_POINT,-1.1939466695087226,-6.922183988348458,-64.33238502651801,-64.97744346366181
2,1,54,621/2777,STABLE,NONZERO_FIXED_POINT,-1.2003301627829117,-6.978441601810907,-64.871542600427,-65.52202688000068
2,1,55,825/3739,STABLE,NONZERO_FIXED_POINT,-1.2071029436135383,-7.038657887754987,-65.44949296725247,-66.10579448385676
2,1,56,77/354,STABLE,NONZERO_FIXED_POINT,-1.2142674098698727,-7.1028548937977405,-66.06647076170606,-66.72898329855937
2,1,57,2451/11441,STABLE,NONZERO_FIXED_POINT,-1.2218269047721542,-7.171064171203405,-66.72280426375107,-67.39192493810123
2,1,58,203/963,STABLE,NONZERO_FIXED_POINT,-1.2297857575673223,-7.243327181050013,-67.41891942486572,-68.09504967407702
2,1,59,2419/11673,STABLE,NONZERO_FIXED_POINT,-1.2381493330509201,-7.319695788809781,-68.15534477003087,-68.8388913871924
2,1,60,150/737,STABLE,NONZERO_FIXED_POINT,-1.2469240908370764,-7.40023285636758,-68.93271726473643,-69.62409349353976
2,1,61,793/3971,STABLE,NONZERO_FIXED_POINT,-1.2561176554880582,-7.485012942596661,-69.75178925704512,-70.45141595679144
2,1,62,589/3009,STABLE,NONZERO_FIXED_POINT,-1.2657388988612368,-7.574123126075229,-70.61343662915061,-71.32174352210359
2,1,63,2331/12161,STABLE,NONZERO_FIXED_POINT,-1.2757980363244954,-7.667663966458008,-71.51866832188051,-72.23609533683498
2,1,64,3/16,STABLE,NONZERO_FIXED_POINT,-1.286306738843275,-7.765750624538613,-72.4686374304657,-73.19563615840197
2,1,65,2275/12417,STABLE,NONZERO_FIXED_POINT,-1.2972782633693765,-7.868514165308177,-73.46465411216298,-74.20168939229029
2,1,66,561/3137,STABLE,NONZERO_FIXED_POINT,-1.3087276044837175,-7.9761030735350715,-74.50820059800014,-75.25575225544168
2,1,67,737/4227,STABLE,NONZERO_FIXED_POINT,-1.3206716708882098,-8.088685017821312,-75.60094866457058,-76.35951342454052
2,1,68,136/801,STABLE,NONZERO_FIXED_POINT,-1.3331294911402747,-8.206448907072811,-76.74478000083298,-77.51487360854702
2,1,69,2139/12953,STABLE,NONZERO_FIXED_POINT,-1.3461224540215184,-8.329607293302892,-77.94181000368917,-78.72396958464344
2,1,70,175/1091,STABLE,NONZERO_FIXED_POINT,-1.359674590189897,-8.458399187263495,-79.19441566061602,-79.98920236251809
2,1,71,2059/13233,STABLE,NONZERO_FIXED_POINT,-1.373812903361065,-8.593093369364333,-80.50526833568512,-81.31327030156513
2,1,72,63/418,STABLE,NONZERO_FIXED_POINT,-1.388567761307673,-8.733992298769287,-81.87737247755476,-82.69920820987619
2,1,73,657/4507,STABLE,NONZERO_FIXED_POINT,-1.4039733596011388,-8.88143674991786,-83.31411152897067,-84.15043371748192
2,1,74,481/3417,STABLE,NONZERO_FIXED_POINT,-1.4200682744511468,-9.03581134002524,-84.81930265693967,-85.67080255936457
2,1,75,1875/13817,STABLE,NONZERO_FIXED_POINT,-1.436896125504333,-9.197551156178164,-86.39726236886935,-87.26467485439667
2,1,76,38/291,STABLE,NONZERO_FIXED_POINT,-1.4545063754417207,-9.367149750422989,-88.05288567178809,-88.93699506415714
2,1,77,1771/14121,STABLE,NONZERO_FIXED_POINT,-1.4729553012284313,-9.54516885138316,-89.79174222514746,-90.69338911698361
2,1,78,429/3569,STABLE,NONZERO_FIXED_POINT,-1.4923071827351855,-9.732250249602224,-91.62019401343997,-92.54028326921093
2,1,79,553/4811,STABLE,NONZERO_FIXED_POINT,-1.512635769364561,-9.929130462943235,-93.54554054129659,-94.48505076689446
2,1,80,25/228,STABLE,NONZERO_FIXED_POINT,-1.5340261060561353,-10.136658995787094,-95.57619960710542,-96.53619444543386
2,1,81,1539/14753,STABLE,NONZERO_FIXED_POINT,-1.5565768293081277,-10.35582129840661,-97.72193460827339,-98.70357633085553
2,1,82,123/1243,STABLE,NONZERO_FIXED_POINT,-1.5804030857932272,-10.587767952294236,-99.9941434833261,-100.99870950052838
2,1,83,1411/15081,STABLE,NONZERO_FIXED_POINT,-1.6056402872970335,-10.833852218728353,-102.40623044995823,-103.43513357615166
2,1,84,84/953,STABLE,NONZERO_FIXED_POINT,-1.6324490065729869,-11.095678996517712,-104.9740906938313,-106.02890430840776
2,1,85,425/5139,STABLE,NONZERO_FIXED_POINT,-1.661021456589257,-11.375169613678949,-107.71675181318687,-108.79924150082178
2,1,86,301/3897,STABLE,NONZERO_FIXED_POINT,-1.691590209813274,-11.674649019505026,-110.65723702720504,-111.76940093740393
2,1,87,1131/15761,STABLE,NONZERO_FIXED_POINT,-1.7244401556770885,-11.996965358456379,-113.82374896427626,-114.96787012838655
2,1,88,11/166,STABLE,NONZERO_FIXED_POINT,-1.7599252552366722,-12.345657516006522,-117.25132837248997,-118.4300437753718
2,1,89,979/16113,STABLE,NONZERO_FIXED_POINT,-1.7984926047677767,-12.725195753868547,-120.98423641485897,-122.20063013015096
2,1,90,225/4073,STABLE,NONZERO_FIXED_POINT,-1.8407180023552812,-13.141337375172085,-125.0794757609147,-126.33720765288933
2,1,91,273/5491,STABLE,NONZERO_FIXED_POINT,-1.8873603191437205,-13.601670436267597,-129.61217333977487,-130.91566213644353
2,1,92,46/1041,STABLE,NONZERO_FIXED_POINT,-1.9394480309484532,-14.116479062152926,-134.68414696893058,-136.03883986675953
2,1,93,651/16841,STABLE,NONZERO_FIXED_POINT,-1.998423836917656,-14.700189632424078,-140.43822260108226,-141.8510094883706
2,1,94,47/1419,STABLE,NONZERO_FIXED_POINT,-2.0664015167975345,-15.373939353273975,-147.08366319271033,-148.56354773023205
2,1,95,475/17217,STABLE,NONZERO_FIXED_POINT,-2.1466590991274543,-16.170507938806196,-154.94499235472227,-156.50425622456407
2,1,96,3/136,STABLE,NONZERO_FIXED_POINT,-2.2446893604928846,-17.144822602942902,-164.56599377784232,-166.22241143149284
2,1,97,97/5867,STABLE,NONZERO_FIXED_POINT,-2.3707907730355497,-18.399867533920457,-176.96621503547814,-178.7478593894283
2,1,98,49/4449,STABLE,NONZERO_FIXED_POINT,-2.548085698831379,-20.166865837478554,-194.43476882651677,-196.39283515223636
2,1,99,99/17993,STABLE,NONZERO_FIXED_POINT,-2.8503589613340736,-23.183665250721305,-224.27635154763246,-226.53581993299105
2,1,100,0,STABLE,NONZERO_FIXED_POINT,,,,
2,2,1,99/16385,STABLE,NONZERO_FIXED_POINT,-2.714745654093157,-22.681437297777265,-220.15563864753247,-222.37444989865332
2,2,2,49/4097,STABLE,NONZERO_FIXED_POINT,-2.4192859673612297,-19.714577429648124,-190.79659709894005,-192.71886698286474
2,2,3,3/169,STABLE,NONZERO_FIXED_POINT,-2.2488605263872508,-17.99816521919532,-173.8162902597623,-175.5670557096563
2,2,4,24/1025,STABLE,NONZERO_FIXED_POINT,-2.1296840191429034,-16.794346679441592,-161.90997018697647,-163.5404828106566
2,2,5,475/16409,STABLE,NONZERO_FIXED_POINT,-2.038633558955109,-15.871892058068703,-152.78846903762815,-154.32685754301644
2,2,6,141/4105,STABLE,NONZERO_FIXED_POINT,-1.9654101127294057,-15.12781012035137,-145.4321804635585,-146.89627451235853
2,2,7,651/16433,STABLE,NONZERO_FIXED_POINT,-1.904520306258684,-14.507166202968861,-139.2972583376074,-140.69939420428875
2,2,8,23/514,STABLE,NONZERO_FIXED_POINT,-1.852685476419694,-13.977172736716028,-134.05911292172982,-135.4083482047075
2,2,9,819/16465,STABLE,NONZERO_FIXED_POINT,-1.8077911716469792,-13.516684252007934,-129.5084114145962,-130.8116892478837
2,2,10,225/4121,STABLE,NONZERO_FIXED_POINT,-1.7683939834850921,-13.11126569518445,-125.50225427596166,-126.7650743723749
2,2,11,979/16505,STABLE,NONZERO_FIXED_POINT,-1.7334646890913952,-12.750623854335643,-121.93874633516003,-123.16557917202317
2,2,12,66/1033,STABLE,NONZERO_FIXED_POINT,-1.702243632363019,-12.427161171381059,-118.74267952340142,-119.93723590937921
2,2,13,1131/16553,STABLE,NONZERO_FIXED_POINT,-1.674154192135834,-12.135110424879407,-115.85696622621015,-117.02238033633745
2,2,14,301/4145,STABLE,NONZERO_FIXED_POINT,-1.6487484107654815,-11.869991016667157,-113.23725651369682,-114.37621455298927
2,2,15,75/977,STABLE,NONZERO_FIXED_POINT,-1.6256714273912962,-11.628253305331768,-110.84841703444422,-111.96325033477132
2,2,16,21/260,STABLE,NONZERO_FIXED_POINT,-1.604637414215773,-11.407037969844055,-108.66214870793294,-109.75490276116986
2,2,17,1411/16673,STABLE,NONZERO_FIXED_POINT,-1.5854128217428993,-11.204008462781246,-106.6553280039031,-107.72781474032013
2,2,18,369/4177,STABLE,NONZERO_FIXED_POINT,-1.5678044212332285,-11.017231435716795,-104.80882314616815,-105.86266125527425
2,2,19,1539/16745,STABLE,NONZERO_FIXED_POINT,-1.5516505853628324,-10.845089546647195,-103.10663089861714,-104.14327743066156
2,2,20,100/1049,STABLE,NONZERO_FIXED_POINT,-1.5368148089435891,-10.68621666802757,-101.53523511727974,-102.55601060547332
2,2,21,1659/16825,STABLE,NONZERO_FIXED_POINT,-1.5231808130594526,-10.539448928961846,-100.08312206057468,-101.08923074744632
2,2,22,429/4217,STABLE,NONZERO_FIXED_POINT,-1.510648790143943,-10.403787166797109,-98.74040865272809,-99.73295496155822
2,2,23,1771/16913,STABLE,NONZERO_FIXED_POINT,-1.4991324854055215,-10.27836774218791,-97.49855354562561,-98.47855563330398
2,2,24,57/530,STABLE,NONZERO_FIXED_POINT,-1.4885569008731618,-10.162439580351844,-96.35012982005466,-97.31853083398295
2,2,25,1875/17009,STABLE,NONZERO_FIXED_POINT,-1.47885646948518,-10.055345912745537,-95.28864422121677,-96.24632173029948
2,2,26,481/4265,STABLE,NONZERO_FIXED_POINT,-1.4699735885845602,-9.956509612792189,-94.30839197547118,-95.25616593460092
2,2,27,1971/17113,STABLE,NONZERO_FIXED_POINT,-1.4618574314475694,-9.865421311927363,-93.40433913236012,-94.34297865843052
2,2,28,126/1073,STABLE,NONZERO_FIXED_POINT,-1.4544629762136916,-9.781629689641989,-92.57202642934934,-93.50225560619776
2,2,29,2059/17225,STABLE,NONZERO_FIXED_POINT,-1.4477502064984868,-9.704733480337865,-91.8074901531624,-92.72999303712402
2,2,30,525/4321,STABLE,NONZERO_FIXED_POINT,-1.44168344883699,-9.634374848470486,-91.10719654732065,-92.02262151022592
2,2,31,2139/17345,STABLE,NONZERO_FIXED_POINT,-1.4362308201194143,-9.570233863596286,-90.46798710890431,-91.37695062851083
2,2,32,1/8,STABLE,NONZERO_FIXED_POINT,-1.4313637641589874,-9.512023866721698,-89.88703270937575,-90.79012269636769
2,2,33,2211/17473,STABLE,NONZERO_FIXED_POINT,-1.4270566610382218,-9.459487564416051,-89.3617949204467,-90.25957365477944
2,2,34,561/4385,STABLE,NONZERO_FIXED_POINT,-1.423286496310542,-9.412393721457448,-88.88999326560793,-89.78300000205383
2,2,35,2275/17609,STABLE,NONZERO_FIXED_POINT,-1.420032579770222,-9.37053434914035,-88.46957737889988,-89.35833067136332
2,2,36,144/1105,STABLE,NONZERO_FIXED_POINT,-1.417276305546598,-9.333722306803757,-88.09870325476388,-88.98370304068973
2,2,37,2331/17753,STABLE,NONZERO_FIXED_POINT,-1.415000946875077,-9.301789250105735,-87.77571293087914,-88.65744241043171
2,2,38,589/4457,STABLE,NONZERO_FIXED_POINT,-1.413191480155307,-9.274583872146508,-87.49911707040121,-88.37804440970024
2,2,39,2379/17905,STABLE,NONZERO_FIXED_POINT,-1.4118344339049074,-9.251970393525035,-87.26758000884399,-88.14415989215462
2,2,40,75/562,STABLE,NONZERO_FIXED_POINT,-1.41091775901568,-9.233827265396997,-87.079906909881,-87.95458196205837
2,2,41,2419/18065,STABLE,NONZERO_FIXED_POINT,-1.4104307173621322,-9.220046056033674,-86.93503273800712,-87.80823483554929
2,2,42,609/4537,STABLE,NONZERO_FIXED_POINT,-1.410363786334365,-9.21053049660113,-86.83201280768759,-87.70416429432078
2,2,43,2451/18233,STABLE,NONZERO_FIXED_POINT,-1.4107085772942654,-9.205195666149748,-86.77001471089221,-87.64152953161124
2,2,44,154/1145,STABLE,NONZERO_FIXED_POINT,-1.411457766306195,-9.203967299326202,-86.74831145978465,-87.6195962256241
2,2,45,2475/18409,STABLE,NONZERO_FIXED_POINT,-1.4126050357865338,-9.206781203251126,-86.76627571035323,-87.63773070480664
2,2,46,621/4625,STABLE,NONZERO_FIXED_POINT,-1.4141450259627426,-9.213582772469977,-86.82337495716558,-87.69539509406405
2,2,47,2491/18593,STABLE,NONZERO_FIXED_POINT,-1.4160732952422812,-9.224326592980155,-86.91916761017512,-87.79214335193342
2,2,48,39/292,STABLE,NONZERO_FIXED_POINT,-1.418386288772195,-9.238976128143278,-87.05329988238466,-87.92761812680658
2,2,49,147/1105,STABLE,NONZERO_FIXED_POINT,-1.4210813146284078,-9.257503480872884,-87.2255034328278,-88.10154837610071
2,2,50,625/4721,STABLE,NONZERO_FIXED_POINT,-1.424156527214656,-9.27988922789769,-87.43559372328582,-88.31374770637302
2,2,51,2499/18985,STABLE,NONZERO_FIXED_POINT,-1.4276109175794591,-9.306122323184574,-87.68346905987079,-88.56411340522016
2,2,52,156/1193,STABLE,NONZERO_FIXED_POINT,-1.4314443104793932,-9.336200068804402,-87.96911030247117,-88.85262614778708
2,2,53,2491/19193,STABLE,NONZERO_FIXED_POINT,-1.4356573681316984,-9.370128152671441,-88.29258123642313,-89.1793503721899
2,2,54,621/4825,STABLE,NONZERO_FIXED_POINT,-1.4402516007124646,-9.407920753719559,-88.6540296119772,-89.5444353294804
2,2,55,2475/19409,STABLE,NONZERO_FIXED_POINT,-1.4452293837715189,-9.449600716226449,-89.05368886849641,-89.94811682525864
2,2,56,77/610,STABLE,NONZERO_FIXED_POINT,-1.4505939828548513,-9.495199796195443,-89.49188057218811,-90.3907196820264
2,2,57,2451/19633,STABLE,NONZERO_FIXED_POINT,-1.4563495857540047,-9.544758983988928,-89.96901760888312,-90.87266096421513
2,2,58,609/4937,STABLE,NONZERO_FIXED_POINT,-1.462501342942657,-9.598328908817066,-90.4856081873341,-91.39445402192075
2,2,59,2419/19865,STABLE,NONZERO_FIXED_POINT,-1.469055416918895,-9.655970332266591,-91.0422607241594,-91.95671342518892
2,2,60,150/1249,STABLE,NONZERO_FIXED_POINT,-1.4760190413521599,-9.717754739860602,-91.63968969943511,-92.56016087875355
2,2,61,2379/20105,STABLE,NONZERO_FIXED_POINT,-1.4834005911434431,-9.7837650417355,-92.27872259268321,-93.20563222808488
2,2,62,589/5057,STABLE,NONZERO_FIXED_POINT,-1.4912096647537005,-9.854096395985259,-92.96030803339977,-93.89408569224526
2,2,63,2331/20353,STABLE,NONZERO_FIXED_POINT,-1.4994571804485588,-9.928857171154668,-93.68552532928243,-94.626611488361
2,2,64,9/80,STABLE,NONZERO_FIXED_POINT,-1.5081554884596309,-10.008170067884674,-94.45559557018746,-95.40444304774007
2,2,65,2275/20609,STABLE,NONZERO_FIXED_POINT,-1.5173185014896777,-10.092173423983773,-95.27189454811838,-96.228970066366
2,2,66,33/305,STABLE,NONZERO_FIXED_POINT,-1.5269618465110293,-10.181022732418988,-96.13596778523168,-97.10175368470055
2,2,67,2211/20873,STABLE,NONZERO_FIXED_POINT,-1.5371030414496367,-10.274892408151615,-97.04954802551066,-98.02454415604205
2,2,68,136/1313,STABLE,NONZERO_FIXED_POINT,-1.5477617011455163,-10.373977847725634,-98.01457562479192,-98.99930144251118
2,2,69,2139/21145,STABLE,NONZERO_FIXED_POINT,-1.5589597779786075,-10.478497835499205,-99.033222372654,-100.02821927756537
2,2,70,525/5321,STABLE,NONZERO_FIXED_POINT,-1.5707218438066128,-10.588697362986345,-100.10791940418835,-101.11375335970706
2,2,71,2059/21425,STABLE,NONZERO_FIXED_POINT,-1.583075421458231,-10.704850943742144,-101.24139001773779,-102.258654501715
2,2,72,63/674,STABLE,NONZERO_FIXED_POINT,-1.5960513760679582,-10.827266526655286,-102.43668841694844,-103.46600776403017
2,2,73,1971/21713,STABLE,NONZERO_FIXED_POINT,-1.6096843791748423,-10.95629013687109,-103.69724565644088,-104.73927886452577
2,2,74,481/5465,STABLE,NONZERO_FIXED_POINT,-1.6240134619381053,-11.092311407875037,-105.0269244100433,-106.08236949995523
2,2,75,1875/22009,STABLE,NONZERO_FIXED_POINT,-1.6390826783290322,-11.235770213331662,-106.43008462667001,-107.49968366502202
2,2,76,114/1385,STABLE,NONZERO_FIXED_POINT,-1.654941905136619,-11.38716466705376,-107.91166273075444,-108.99620765281841
2,2,77,1771/22313,STABLE,NONZERO_FIXED_POINT,-1.6716478136386268,-11.54706083961888,-109.47726781755046,-110.57760722179688
2,2,78,429/5617,STABLE,NONZERO_FIXED_POINT,-1.6892650586556677,-11.716104648810038,-111.13329936934866,-112.2503465010401
2,2,79,1659/22625,STABLE,NONZERO_FIXED_POINT,-1.7078677456195734,-11.895036530193515,-112.88709249510146,-114.02183469695433
2,2,80,25/356,STABLE,NONZERO_FIXED_POINT,-1.727541257028557,-12.084709701559028,-114.74709874933461,-115.90060873863547
2,2,81,1539/22945,STABLE,NONZERO_FIXED_POINT,-1.7483845489251628,-12.286113127583121,-116.72311348331249,-117.89656292551172
2,2,82,369/5777,STABLE,NONZERO_FIXED_POINT,-1.770513069973335,-12.500400710478807,-118.82656483350854,-120.02124083489093
2,2,83,83/1369,STABLE,NONZERO_FIXED_POINT,-1.79406251686156,-12.728928843902182,-121.07088550635697,-122.28821086211491
2,2,84,84/1465,STABLE,NONZERO_FIXED_POINT,-1.8191937306247894,-12.973305376042646,-123.47199751395672,-124.71355585258496
2,2,85,1275/23609,STABLE,NONZERO_FIXED_POINT,-1.8460991763593206,-13.235454406639441,-126.04895366567769,-127.31652107308258
2,2,86,301/5945,STABLE,NONZERO_FIXED_POINT,-1.875011662975293,-13.517703484371353,-128.82480082348854,-130.12038618684943
2,2,87,1131/23953,STABLE,NONZERO_FIXED_POINT,-1.906216301128941,-13.822903186040719,-131.8277637370743,-133.1536610466365
2,2,88,33/754,STABLE,NONZERO_FIXED_POINT,-1.940067258346728,-14.154594667674225,-135.09290380095212,-136.451761206944
2,2,89,979/24305,STABLE,NONZERO_FIXED_POINT,-1.977011823083176,-14.517250304958111,-138.6645013960188,-140.05941432962618
2,2,90,225/6121,STABLE,NONZERO_FIXED_POINT,-2.017625971768471,-14.91662936356952,-142.59957702708596,-144.0342168884738
2,2,91,819/24665,STABLE,NONZERO_FIXED_POINT,-2.0626687405128408,-15.360321716073585,-146.97327412143255,-148.4520713394703
2,2,92,46/1553,STABLE,NONZERO_FIXED_POINT,-2.113168757166477,-15.85861316237468,-151.8874257025563,-153.4158393266033
2,2,93,651/25033,STABLE,NONZERO_FIXED_POINT,-2.170568860424593,-16.425931620618123,-157.48487168139366,-159.06980359218892
2,2,94,141/6305,STABLE,NONZERO_FIXED_POINT,-2.2369829575294995,-17.083415704060677,-163.9748877686418,-165.6253537468955
2,2,95,475/25409,STABLE,NONZERO_FIXED_POINT,-2.31568919289586,-17.863846407172446,-171.6820091684766,-173.41030313208682
2,2,96,3/200,STABLE,NONZERO_FIXED_POINT,-2.412180447786648,-18.822152102245198,-181.1500300462896,-182.97393878723386
2,2,97,291/25793,STABLE,NONZERO_FIXED_POINT,-2.53675528823878,-20.061318018497182,-193.3985073731423,-195.3461162422957
2,2,98,49/6497,STABLE,NONZERO_FIXED_POINT,-2.712536159848703,-21.81256818977721,-210.7165622093573,-212.83907899609417
2,2,99,99/26185,STABLE,NONZERO_FIXED_POINT,-3.0133079596154744,-24.813751172843922,-240.4088983167999,-242.83131570043986
2,2,100,0,STABLE,NONZERO_FIXED_POINT,,,,
2,3,1,1/331,STABLE,NONZERO_FIXED_POINT,-3.0157623967480323,-25.692907522778683,-249.95759896881768,-252.4774269625934
2,3,2,49/8193,STABLE,NONZERO_FIXED_POINT,-2.720262958267483,-22.726908098570412,-220.5958799585189,-222.81912683334983
2,3,3,291/32777,STABLE,NONZERO_FIXED_POINT,-2.5497712886311117,-21.01104717189439,-203.61023005216492,-205.66190626430284
2,3,4,8/683,STABLE,NONZERO_FIXED_POINT,-2.4305021121523254,-19.807471581138003,-191.6959053665114,-193.627236083201
2,3,5,475/32793,STABLE,NONZERO_FIXED_POINT,-2.339332592964091,-18.884952559376465,-182.56374356573542,-184.4028311051327
2,3,6,141/8201,STABLE,NONZERO_FIXED_POINT,-2.265963763170185,-18.140500016037862,-175.19414524847434,-176.95879294771518
2,3,7,217/10939,STABLE,NONZERO_FIXED_POINT,-2.2049023280615145,-17.519180589220625,-169.0432726643111,-170.7457905527952
2,3,8,23/1026,STABLE,NONZERO_FIXED_POINT,-2.1528697182002148,-16.988208166689546,-163.7865458701698,-165.435965394928
2,3,9,819/32849,STABLE,NONZERO_FIXED_POINT,-2.107751589761449,-16.526438889449736,-159.21464326422574,-160.81788151562773
2,3,10,25/913,STABLE,NONZERO_FIXED_POINT,-2.0681046559341283,-16.119439465910617,-155.1846778946519,-156.74720866351416
2,3,11,979/32889,STABLE,NONZERO_FIXED_POINT,-2.032899829253285,-15.756918595366834,-151.59476855059944,-153.12103652762448
2,3,12,6/187,STABLE,NONZERO_FIXED_POINT,-2.0013776025381205,-15.431280777536088,-148.36972247514024,-149.8634128312931
2,3,13,377/10979,STABLE,NONZERO_FIXED_POINT,-1.9729615168840517,-15.136760992637242,-145.4524686965584,-146.91669013143394
2,3,14,301/8241,STABLE,NONZERO_FIXED_POINT,-1.9472037900194117,-14.868880985114785,-142.79867523574268,-144.23608865428906
2,3,15,1275/32993,STABLE,NONZERO_FIXED_POINT,-1.9237497493282092,-14.624093594023506,-140.3732279755181,-141.78613959778204
2,3,16,7/172,STABLE,NONZERO_FIXED_POINT,-1.9023137678721662,-14.399542113405765,-138.1478483269088,-139.5382787338021
2,3,17,1411/33057,STABLE,NONZERO_FIXED_POINT,-1.8826625093561589,-14.192892742101833,-136.09943448079594,-137.46917090482623
2,3,18,369/8273,STABLE,NONZERO_FIXED_POINT,-1.8646029702954827,-14.002215005577916,-134.20887758255788,-135.55951424072623
2,3,19,19/409,STABLE,NONZERO_FIXED_POINT,-1.8479737603729394,-13.825894559651509,-132.46019848750313,-133.79316819455767
2,3,20,100/2073,STABLE,NONZERO_FIXED_POINT,-1.8326386228438913,-13.662568394694894,-130.8399062810485,-132.1565055831424
2,3,21,1659/33209,STABLE,NONZERO_FIXED_POINT,-1.818481538344761,-13.511075873872358,-129.33651355584198,-130.63792296799897
2,3,22,143/2771,STABLE,NONZERO_FIXED_POINT,-1.8054029696309764,-13.370421180670107,-127.9401646408983,-129.22746512921543
2,3,23,161/3027,STABLE,NONZERO_FIXED_POINT,-1.793316942651897,-13.23974412979463,-126.64234662809508,-127.91653317301981
2,3,24,57/1042,STABLE,NONZERO_FIXED_POINT,-1.7821487502358782,-13.118297204170545,-125.4356620370709,-126.69765490036195
2,3,25,625/11131,STABLE,NONZERO_FIXED_POINT,-1.7718331258093372,-13.005427292276941,-124.31364801349065,-125.56430217889755
2,3,26,481/8361,STABLE,NONZERO_FIXED_POINT,-1.7623127765139852,-12.900561019463225,-123.27063110772639,-124.51074425478555
2,3,27,1971/33497,STABLE,NONZERO_FIXED_POINT,-1.7535371943498639,-12.803192859521126,-122.30160957809233,-123.531928867065
2,3,28,14/233,STABLE,NONZERO_FIXED_POINT,-1.745461684713085,-12.71287542020147,-121.40215721615422,-122.62338510150201
2,3,29,2059/33609,STABLE,NONZERO_FIXED_POINT,-1.7380465666107696,-12.6292114455008,-120.56834416807953,-121.78114341215348
2,3,30,525/8417,STABLE,NONZERO_FIXED_POINT,-1.7312565097016588,-12.551847186202224,-119.79667130172737,-121.00166932549735
2,3,31,713/11243,STABLE,NONZERO_FIXED_POINT,-1.7250599813250282,-12.480466870297079,-119.08401546258006,-120.28180814339225
2,3,32,17/264,STABLE,NONZERO_FIXED_POINT,-1.7194287826586008,-12.414788064693944,-118.42758355344304,-119.61873855893458
2,3,33,2211/33857,STABLE,NONZERO_FIXED_POINT,-1.714337657652596,-12.354557764686284,-117.82487381897863,-119.00993354992573
2,3,34,17/257,STABLE,NONZERO_FIXED_POINT,-1.7097639618176625,-12.299549081956592,-117.27364305577603,-118.45312725772908
2,3,35,2275/33993,STABLE,NONZERO_FIXED_POINT,-1.7056873805804873,-12.249558428254254,-116.77187872961593,-117.9462868228897
2,3,36,144/2129,STABLE,NONZERO_FIXED_POINT,-1.7020896889637909,-12.20440311231473,-116.31777518384902,-117.48758835319208
2,3,37,259/3793,STABLE,NONZERO_FIXED_POINT,-1.6989545459440905,-12.163919283553405,-115.90971328087124,-117.07539635949274
2,3,38,589/8553,STABLE,NONZERO_FIXED_POINT,-1.6962673180982542,-12.12796016864447,-115.54624294318529,-116.7082461204273
2,3,39,2379/34289,STABLE,NONZERO_FIXED_POINT,-1.6940149281480252,-12.09639455707692,-115.22606815936376,-116.3848285369175
2,3,40,25/358,STABLE,NONZERO_FIXED_POINT,-1.6921857248101553,-12.069105499762948,-114.94803409925751,-116.10397711722933
2,3,41,2419/34449,STABLE,NONZERO_FIXED_POINT,-1.6907693710025988,-12.045989191204796,-114.71111604645978,-115.8646567976424
2,3,42,609/8633,STABLE,NONZERO_FIXED_POINT,-1.6897567479795068,-12.026954010946078,-114.51440990771437,-115.66595435599271
2,3,43,817/11539,STABLE,NONZERO_FIXED_POINT,-1.68913987339457,-12.01191970430358,-114.35712410122852,-115.50707021804789
2,3,44,154/2169,STABLE,NONZERO_FIXED_POINT,-1.6889118316444813,-12.00081668589744,-114.23857266071667,-115.38731149189442
2,3,45,225/3163,STABLE,NONZERO_FIXED_POINT,-1.6890667151374226,-11.99358545242822,-114.15816942101756,-115.30608609482195
2,3,46,23/323,STABLE,NONZERO_FIXED_POINT,-1.689599575377784,-11.9901760936135,-114.11542317551721,-115.26289786183068
2,3,47,2491/34977,STABLE,NONZERO_FIXED_POINT,-1.6905063829679001,-11.990547892291431,-114.10993371635385,-115.25734254583773
2,3,48,39/548,STABLE,NONZERO_FIXED_POINT,-1.6917839958081458,-11.994669006504694,-114.14138868625636,-115.28910463771427
2,3,49,833/11723,STABLE,NONZERO_FIXED_POINT,-1.69343013493474,-12.0025162279588,-114.20956118651628,-115.35795495009552
2,3,50,625/8817,STABLE,NONZERO_FIXED_POINT,-1.695443367575674,-12.014074812658336,-114.31430809954935,-115.46374892299758
2,3,51,2499/35369,STABLE,NONZERO_FIXED_POINT,-1.6978230971335115,-12.02933838080876,-114.45556909721415,-115.60642562211757
2,3,52,52/739,STABLE,NONZERO_FIXED_POINT,-1.7005695599235402,-12.048308884269233,-114.6333663179127,-115.78600741267275
2,3,53,2491/35577,STABLE,NONZERO_FIXED_POINT,-1.7036838286107532,-12.070996640990046,-114.84780470686633,-116.00260030311216
2,3,54,621/8921,STABLE,NONZERO_FIXED_POINT,-1.7071678224020346,-12.097420436999755,-115.09907302516001,-116.25639496435281
2,3,55,275/3977,STABLE,NONZERO_FIXED_POINT,-1.7110243241649608,-12.127607697654966,-115.38744554451478,-116.54766844167051
2,3,56,7/102,STABLE,NONZERO_FIXED_POINT,-1.7152570047642275,-12.161594731063978,-115.71328445660667,-116.87678658835434
2,3,57,2451/36017,STABLE,NONZERO_FIXED_POINT,-1.7198704550352808,-12.199427047879183,-116.07704303846339,-117.2442072630767
2,3,58,203/3011,STABLE,NONZERO_FIXED_POINT,-1.7248702259555468,-12.241159763062846,-116.47926962942321,-117.65048434702271
2,3,59,2419/36249,STABLE,NONZERO_FIXED_POINT,-1.7302628777318425,-12.28685808681162,-116.92061249079023,-118.0962726526327
2,3,60,150/2273,STABLE,NONZERO_FIXED_POINT,-1.7360560387029942,-12.336597913630804,-117.40182563719816,-118.58233381386742
2,3,61,793/12163,STABLE,NONZERO_FIXED_POINT,-1.74225847516637,-12.390466520644502,-117.9237757494335,-119.10954326885815
2,3,62,589/9153,STABLE,NONZERO_FIXED_POINT,-1.7488801734832258,-12.448563388691667,-118.48745030286426,-119.67889847043926
2,3,63,2331/36737,STABLE,NONZERO_FIXED_POINT,-1.7559324361110225,-12.51100116268892,-119.09396707463281,-120.29152848937377
2,3,64,1/16,STABLE,NONZERO_FIXED_POINT,-1.7634279935629373,-12.577906771262818,-119.74458522764047,-120.9487052102964
2,3,65,2275/36993,STABLE,NONZERO_FIXED_POINT,-1.771381134721814,-12.649422729924062,-120.44071821162026,-121.65185636310002
2,3,66,561/9281,STABLE,NONZERO_FIXED_POINT,-1.7798078584578612,-12.725708657276506,-121.1839487732766,-122.40258068469228
2,3,67,67/1129,STABLE,NONZERO_FIXED_POINT,-1.788726050142384,-12.806943040184294,-121.97604643113311,-123.2026655703572
2,3,68,136/2337,STABLE,NONZERO_FIXED_POINT,-1.7981556874482632,-12.89332529180372,-122.81898784976272,-124.05410765378474
2,3,69,2139/37529,STABLE,NONZERO_FIXED_POINT,-1.808119080825957,-12.985078156368388,-123.71498064689649,-124.95913685465524
2,3,70,175/3139,STABLE,NONZERO_FIXED_POINT,-1.8186411553015969,-13.082450527192862,-124.66649129141655,-125.92024455843028
2,3,71,2059/37809,STABLE,NONZERO_FIXED_POINT,-1.829749781840313,-13.185720760326141,-125.67627790830267,-126.94021675266191
2,3,72,63/1186,STABLE,NONZERO_FIXED_POINT,-1.841476168560881,-13.295200586716568,-126.74742900886159,-128.0221731484362
2,3,73,73/1411,STABLE,NONZERO_FIXED_POINT,-1.8538553247238347,-13.411239752109083,-127.88340942552554,-129.1696135791594
2,3,74,481/9561,STABLE,NONZERO_FIXED_POINT,-1.8669266138457807,-13.53423154820235,-129.08811507014354,-130.38647331196307
2,3,75,1875/38393,STABLE,NONZERO_FIXED_POINT,-1.8807344167991253,-13.664619443658232,-130.36593858082767,-131.6771893576498
2,3,76,38/803,STABLE,NONZERO_FIXED_POINT,-1.895328931734495,-13.802905083335922,-131.72184851424248,-133.04678046290428
2,3,77,1771/38697,STABLE,NONZERO_FIXED_POINT,-1.9107671456772124,-13.949658004265132,-133.16148553362734,-134.50094426991234
2,3,78,39/883,STABLE,NONZERO_FIXED_POINT,-1.92711402351532,-14.10552752553248,-134.69128011857765,-136.04617621512872
2,3,79,553/13003,STABLE,NONZERO_FIXED_POINT,-1.9444439750100742,-14.271257418391258,-136.31859779905204,-137.68991623029535
2,3,80,25/612,STABLE,NONZERO_FIXED_POINT,-1.9628426812012423,-14.447704170317067,-138.0519199694607,-139.4407313829342
2,3,81,1539/39329,STABLE,NONZERO_FIXED_POINT,-1.9824093908429248,-14.635859949367301,-139.9010712357769,-141.30854551989387
2,3,82,41/1097,STABLE,NONZERO_FIXED_POINT,-2.003259839445956,-14.836881794604693,-141.87750840069754,-143.3049311715525
2,3,83,1411/39657,STABLE,NONZERO_FIXED_POINT,-2.025530004653648,-15.052129169852783,-143.9946922458032,-145.4434850893532
2,3,84,84/2489,STABLE,NONZERO_FIXED_POINT,-2.049381002543255,-15.283212926707023,-146.26857226536438,-147.74031787591107
2,3,85,425/13331,STABLE,NONZERO_FIXED_POINT,-2.0750055673271426,-15.532060101541475,-148.71822815671578,-150.21470195508857
2,3,86,301/10041,STABLE,NONZERO_FIXED_POINT,-2.102636771098023,-15.801001112954857,-151.36673307499495,-152.88994354647855
2,3,87,1131/40337,STABLE,NONZERO_FIXED_POINT,-2.132559981760137,-16.092889341074553,-154.2423374682847,-155.79457845847804
2,3,88,11/422,STABLE,NONZERO_FIXED_POINT,-2.1651296181582897,-16.411268678837875,-157.3801278353448,-158.96404760114825
2,3,89,89/3699,STABLE,NONZERO_FIXED_POINT,-2.200793214146234,-16.760614172665782,-160.8244090683386,-162.44310339300907
2,3,90,225/10217,STABLE,NONZERO_FIXED_POINT,-2.2401269856502957,-17.146687693087586,-164.6322255920865,-166.28936646735616
2,3,91,91/4561,STABLE,NONZERO_FIXED_POINT,-2.283890202394943,-17.577081651983903,-168.87874416485008,-170.57876284476993
2,3,92,46/2577,STABLE,NONZERO_FIXED_POINT,-2.333111719988821,-18.062084323433297,-173.66582055480376,-175.41417714167306
2,3,93,651/41417,STABLE,NONZERO_FIXED_POINT,-2.389234599060634,-18.616126035056396,-179.13631683443958,-180.9399144838709
2,3,94,47/3467,STABLE,NONZERO_FIXED_POINT,-2.454372962996458,-19.260347745373153,-185.49953029651363,-187.36738628023429
2,3,95,475/41793,STABLE,NONZERO_FIXED_POINT,-2.5318051666044727,-20.027532730433315,-193.0800171518041,-195.02442708912287
2,3,96,3/328,STABLE,NONZERO_FIXED_POINT,-2.627024295834346,-20.972611580992663,-202.42159200128214,-204.46034459027413
2,3,97,97/14059,STABLE,NONZERO_FIXED_POINT,-2.750329115750038,-22.1985716822225,-214.54383168536972,-216.70501438203434
2,3,98,49/10593,STABLE,NONZERO_FIXED_POINT,-2.9248422653660953,-23.936639162053055,-231.73587657268095,-234.0706994649352
2,3,99,99/42569,STABLE,NONZERO_FIXED_POINT,-3.2243488295447023,-26.92466461012404,-261.3024491777812,-263.9359074313504
2,3,100,0,STABLE,NONZERO_FIXED_POINT,,,,
2,4,1,99/65537,STABLE,NONZERO_FIXED_POINT,-3.316785765755794,-28.703794117863822,-279.75956540559366,-282.5804167683772
2,4,2,49/16385,STABLE,NONZERO_FIXED_POINT,-3.0212664491264825,-25.73822936493567,-250.39651191133507,-252.92076227702498
2,4,3,291/65545,STABLE,NONZERO_FIXED_POINT,-2.8507416553071785,-24.022651349005557,-233.4081968634461,-235.76084344226007
2,4,4,24/4097,STABLE,NONZERO_FIXED_POINT,-2.731426117704272,-22.81920715541897,-221.48987743491568,-223.7221321571572
2,4,5,475/65561,STABLE,NONZERO_FIXED_POINT,-2.640197013171843,-21.896668304343002,-212.3523927091918,-214.49234466879687
2,4,6,141/16393,STABLE,NONZERO_FIXED_POINT,-2.5667553901538644,-21.152045032210744,-204.9761450661947,-207.0415843924192
2,4,7,651/65585,STABLE,NONZERO_FIXED_POINT,-2.5056079738889263,-20.530404343791005,-198.81729889752108,-200.82052243183273
2,4,8,23/2050,STABLE,NONZERO_FIXED_POINT,-2.453476218480173,-19.998960532910125,-193.5512767613065,-195.50130278634467
2,4,9,819/65617,STABLE,NONZERO_FIXED_POINT,-2.4082458072204176,-19.536570185725253,-188.96875991434928,-190.87249238321021
2,4,10,225/16409,STABLE,NONZERO_FIXED_POINT,-2.3684734839736787,-19.128800494562007,-184.92686461882334,-186.78976421572514
2,4,11,979/65657,STABLE,NONZERO_FIXED_POINT,-2.3331301954859,-18.765360681043603,-181.32371323097885,-183.1502115742365
2,4,12,66/4105,STABLE,NONZERO_FIXED_POINT,-2.301456472298857,-18.438655805251855,-178.08411691156147,-179.87788613747503
2,4,13,1131/65705,STABLE,NONZERO_FIXED_POINT,-2.2728758967156946,-18.142921445404227,-175.15100895434165,-176.91514476904882
2,4,14,301/16433,STABLE,NONZERO_FIXED_POINT,-2.2469407311287117,-17.873679981153224,-172.48006199050877,-174.21721235016446
2,4,15,1275/65761,STABLE,NONZERO_FIXED_POINT,-2.2232963510108537,-17.627384923522676,-170.03616685477255,-171.74862507871921
2,4,16,21/1028,STABLE,NONZERO_FIXED_POINT,-2.2016571809042116,-17.40118027481391,-167.79105024816897,-169.48082406809434
2,4,17,1411/65825,STABLE,NONZERO_FIXED_POINT,-2.1817899393496454,-17.192732977922837,-165.7216159860373,-167.39047984006106
2,4,18,369/16465,STABLE,NONZERO_FIXED_POINT,-2.163501681016033,-17.00011333765317,-163.80876116876226,-165.4582965376511
2,4,19,1539/65897,STABLE,NONZERO_FIXED_POINT,-2.1466310770171866,-16.821707823906195,-162.03651293309582,-163.66813995679456
2,4,20,100/4121,STABLE,NONZERO_FIXED_POINT,-2.13104193527462,-16.656154275328447,-160.39138696801677,-162.00638958254137
2,4,21,1659/65977,STABLE,NONZERO_FIXED_POINT,-2.116618304281726,-16.502292936973646,-158.86190278733324,-160.46144896542717
2,4,22,429/16505,STABLE,NONZERO_FIXED_POINT,-2.1032607177954112,-16.35912890723855,-157.43821195410146,-159.02337019058308
2,4,23,1771/66065,STABLE,NONZERO_FIXED_POINT,-2.0908832758627582,-16.22580294814918,-156.11180910221617,-157.68356198035178
2,4,24,57/2066,STABLE,NONZERO_FIXED_POINT,-2.0794113484559738,-16.101568521729313,-154.87530459621817,-156.43456005772924
2,4,25,1875/66161,STABLE,NONZERO_FIXED_POINT,-2.0687797491395408,-15.98577352669082,-153.72224372429253,-155.26984451302957
2,4,26,481/16553,STABLE,NONZERO_FIXED_POINT,-2.058931268133776,-15.877845629087851,-152.64696147151216,-154.1836931101911
2,4,27,1971/66265,STABLE,NONZERO_FIXED_POINT,-2.0498154834025364,-15.777280373212065,-151.64446481747103,-153.1710623954964
2,4,28,126/4145,STABLE,NONZERO_FIXED_POINT,-2.041387789134032,-15.683631466418568,-150.71033655583548,-152.2274905456042
2,4,29,2059/66377,STABLE,NONZERO_FIXED_POINT,-2.0336085958972827,-15.596502780708214,-149.84065610978632,-151.34901738314676
2,4,30,525/16609,STABLE,NONZERO_FIXED_POINT,-2.026442667622808,-15.515541722551596,-149.03193389305864,-150.5321180747497
2,4,31,2139/66497,STABLE,NONZERO_FIXED_POINT,-2.019858568570232,-15.440433702582055,-148.28105655968773,-149.7736478277451
2,4,32,17/520,STABLE,NONZERO_FIXED_POINT,-2.0138281994235694,-15.370897496565128,-147.58524107739586,-149.07079549965238
2,4,33,2211/66625,STABLE,NONZERO_FIXED_POINT,-2.0083264061614123,-15.306681334116448,-146.94199600569289,-148.4210444851488
2,4,34,561/16673,STABLE,NONZERO_FIXED_POINT,-2.0033306487798406,-15.247559585946846,-146.3490886993995,-147.82213958831466
2,4,35,2275/66761,STABLE,NONZERO_FIXED_POINT,-1.9988207195819196,-15.193329946772828,-145.80451741926134,-147.27205885153649
2,4,36,144/4177,STABLE,NONZERO_FIXED_POINT,-1.9947785027905889,-15.143811031460416,-145.30648753357897,-146.76898951674886
2,4,37,2331/66905,STABLE,NONZERO_FIXED_POINT,-1.991187768838369,-15.098840317937196,-144.8533911528449,-146.3113074543607
2,4,38,589/16745,STABLE,NONZERO_FIXED_POINT,-1.988033997945017,-15.05827238298307,-144.44378966388484,-145.89755952097363
2,4,39,2379/67057,STABLE,NONZERO_FIXED_POINT,-1.9853042285923834,-15.021977386993036,-144.0763987288267,-145.52644840682478
2,4,40,75/2098,STABLE,NONZERO_FIXED_POINT,-1.9829869273041574,-14.989839771788041,-143.7500753932477,-145.19681961371353
2,4,41,2419/67217,STABLE,NONZERO_FIXED_POINT,-1.9810718767810744,-14.961757141980542,-143.46380701151872,-144.90765026847987
2,4,42,609/16825,STABLE,NONZERO_FIXED_POINT,-1.9795500799643637,-14.937639305621794,-143.2167017490412,-144.65803952930435
2,4,43,2451/67385,STABLE,NONZERO_FIXED_POINT,-1.978413678027076,-14.917407454127641,-143.00798046334444,-144.4472003847963
2,4,44,154/4217,STABLE,NONZERO_FIXED_POINT,-1.9776558806451527,-14.90099346500135,-142.836969800879,-144.27445268105737
2,4,45,2475/67561,STABLE,NONZERO_FIXED_POINT,-1.9772709071931711,-14.888339313802803,-142.70309637535252,-144.13921724121258
2,4,46,621/16913,STABLE,NONZERO_FIXED_POINT,-1.9772539377561156,-14.879396584277572,-142.60588191785155,-144.0410109665434
2,4,47,2491/67745,STABLE,NONZERO_FIXED_POINT,-1.9776010730579667,-14.87412606765389,-142.54493930973086,-143.9794428293048
2,4,48,39/1060,STABLE,NONZERO_FIXED_POINT,-1.978309302588547,-14.872497443921674,-142.5199694271278,-143.9542106853661
2,4,49,2499/67937,STABLE,NONZERO_FIXED_POINT,-1.979376480368078,-14.874489039488274,-142.53075874161163,-143.96509885062426
2,4,50,625/17009,STABLE,NONZERO_FIXED_POINT,-1.980801307929875,-14.880087657015437,-142.57717763542905,-144.01197639923146
2,4,51,2499/68137,STABLE,NONZERO_FIXED_POINT,-1.9825833242300188,-14.889288474525308,-142.6591794025187,-144.09479615451863
2,4,52,156/4265,STABLE,NONZERO_FIXED_POINT,-1.984722902312595,-14.90209501206214,-142.7767999183303,-144.21359435547936
2,4,53,2491/68345,STABLE,NONZERO_FIXED_POINT,-1.9872212526739492,-14.91851916534344,-142.93015797284318,-144.3684909931522
2,4,54,621/17113,STABLE,NONZERO_FIXED_POINT,-1.9900804333825128,-14.938581306966611,-143.11945627238828,-144.55969082256155
2,4,55,2475/68561,STABLE,NONZERO_FIXED_POINT,-1.9933033671255487,-14.962310456884524,-143.3449831272357,-144.78748506735195
2,4,56,77/2146,STABLE,NONZERO_FIXED_POINT,-1.996893865474016,-14.989744525061624,-143.6071148537747,-145.05225384623216
2,4,57,2451/68785,STABLE,NONZERO_FIXED_POINT,-2.0008566607850824,-15.020930630506427,-143.90631893282222,-145.35446936318533
2,4,58,609/17225,STABLE,NONZERO_FIXED_POINT,-2.0051974463027893,-15.055925502285156,-144.24315797954932,-145.6946999174961
2,4,59,2419/69017,STABLE,NONZERO_FIXED_POINT,-2.009922925175509,-15.094795969702616,-144.61829459616672,-146.07361480545285
2,4,60,150/4321,STABLE,NONZERO_FIXED_POINT,-2.0150408692892547,-15.137619550641766,-145.03249719638563,-146.49199020364114
2,4,61,2379/69257,STABLE,NONZERO_FIXED_POINT,-2.020560189025611,-15.184485149148635,-145.48664691140965,-146.9507161446935
2,4,62,589/17345,STABLE,NONZERO_FIXED_POINT,-2.0264910152992357,-15.235493875812978,-145.98174571160996,-147.4508047210009
2,4,63,2331/69505,STABLE,NONZERO_FIXED_POINT,-2.032844795523115,-15.290760007425995,-146.51892590704563,-147.9933996811987
2,4,64,9/272,STABLE,NONZERO_FIXED_POINT,-2.0396344055018862,-15.350412105918227,-147.09946122486198,-148.57978761945688
2,4,65,2275/69761,STABLE,NONZERO_FIXED_POINT,-2.046874279680477,-15.414594320850547,-147.7247797038674,-149.21141100030582
2,4,66,561/17473,STABLE,NONZERO_FIXED_POINT,-2.05458056269741,-15.483467904951304,-148.39647869827093,-149.8898833139262
2,4,67,2211/70025,STABLE,NONZERO_FIXED_POINT,-2.062771285835135,-15.55721297862354,-149.11634234622693,-150.6170067211438
2,4,68,136/4385,STABLE,NONZERO_FIXED_POINT,-2.071466572758096,-15.636030587328925,-149.88636193786283,-151.3947926271947
2,4,69,2139/70297,STABLE,NONZERO_FIXED_POINT,-2.0806888799273704,-15.720145105737572,-150.7087597162914,-152.22548572315156
2,4,70,525/17609,STABLE,NONZERO_FIXED_POINT,-2.0904632783384773,-15.809807055108934,-151.5860167696149,-153.11159215966552
2,4,71,2059/70577,STABLE,NONZERO_FIXED_POINT,-2.1008177848255123,-15.905296416335538,-152.52090582999472,-154.05591267733922
2,4,72,63/2210,STABLE,NONZERO_FIXED_POINT,-2.111783753217747,-16.00692654151139,-153.51652999811748,-155.061581722349
2,4,73,1971/70865,STABLE,NONZERO_FIXED_POINT,-2.123396338270851,-16.115048793246046,-154.57636867234675,-156.13211383952762
2,4,74,481/17753,STABLE,NONZERO_FIXED_POINT,-2.135695048725484,-16.230058075252316,-155.70433230148728,-157.27145897818656
2,4,75,1875/71161,STABLE,NONZERO_FIXED_POINT,-2.148724410352557,-16.352399462799966,-156.90482802622466,-158.48406879660018
2,4,76,114/4457,STABLE,NONZERO_FIXED_POINT,-2.162534765822329,-16.4825762014081,-158.18283886613173,-159.77497664888145
2,4,77,1771/71465,STABLE,NONZERO_FIXED_POINT,-2.1771832462489016,-16.621159422290646,-159.54401990253302,-161.1498947393897
2,4,78,429/17905,STABLE,NONZERO_FIXED_POINT,-2.1927349601274457,-16.768800031729235,-160.99481598325377,-162.61533301641703
2,4,79,1659/71777,STABLE,NONZERO_FIXED_POINT,-2.2092644602952376,-16.926243380683744,-162.5426069517241,-164.17874586825263
2,4,80,25/1124,STABLE,NONZERO_FIXED_POINT,-2.2268575702887237,-17.094347528363095,-164.19588845629255,-165.84871475885353
2,4,81,1539/72097,STABLE,NONZERO_FIXED_POINT,-2.2456136807324683,-17.274106206114283,-165.96449929269318,-167.63517786669968
2,4,82,369/18065,STABLE,NONZERO_FIXED_POINT,-2.265648668335963,-17.466678007389994,-167.85991038469325,-169.54972198443824
2,4,83,1411/72425,STABLE,NONZERO_FIXED_POINT,-2.2870986512250937,-17.673423941062588,-169.8955965618718,-171.60595805199324
2,4,84,84/4537,STABLE,NONZERO_FIXED_POINT,-2.310124885200679,-17.895956394008252,-172.0875212891763,-173.82001078238042
2,4,85,1275/72761,STABLE,NONZERO_FIXED_POINT,-2.3349202433979883,-18.13620392770118,-174.45477815318094,-176.2111666276245
2,4,86,301/18233,STABLE,NONZERO_FIXED_POINT,-2.3617179359917237,-18.396498475261716,-177.02045411284115,-178.8027457492185
2,4,87,1131/73105,STABLE,NONZERO_FIXED_POINT,-2.3908034680882153,-18.67969492037669,-179.81281333078567,-181.62329780730715
2,4,88,33/2290,STABLE,NONZERO_FIXED_POINT,-2.4225313948168434,-18.98933864821163,-182.86695592732968,-184.70827746979165
2,4,89,979/73457,STABLE,NONZERO_FIXED_POINT,-2.457349385362118,-19.329906185729442,-186.22720031961603,-188.10245081550238
2,4,90,225/18409,STABLE,NONZERO_FIXED_POINT,-2.495833789992341,-19.70716087197463,-189.9506043574156,-191.8634520370273
2,4,91,819/73817,STABLE,NONZERO_FIXED_POINT,-2.538744011751497,-20.128696574989732,-194.11234812058927,-196.06722060986567
2,4,92,46/4625,STABLE,NONZERO_FIXED_POINT,-2.5871090385129687,-20.604803012349485,-198.81430059236897,-200.81665449776244
2,4,93,651/74185,STABLE,NONZERO_FIXED_POINT,-2.642372062084366,-21.149911942206415,-204.19933695070176,-206.2560720631568
2,4,94,141/18593,STABLE,NONZERO_FIXED_POINT,-2.706647335915119,-21.785165740363432,-210.47676748126474,-212.59689783790404
2,4,95,475/74561,STABLE,NONZERO_FIXED_POINT,-2.7832133437327453,-22.543349086633164,-217.97116127242015,-220.16697938686718
2,4,96,3/584,STABLE,NONZERO_FIXED_POINT,-2.8775632992350655,-23.479393961756642,-227.22634568471022,-229.51563727710294
2,4,97,291/74945,STABLE,NONZERO_FIXED_POINT,-2.99999609403711,-24.69628912686862,-239.26191019756521,-241.67275987251685
2,4,98,49/18785,STABLE,NONZERO_FIXED_POINT,-3.173634492482737,-26.42526207160995,-256.3670076956191,-258.9506228149901
2,4,99,99/75337,STABLE,NONZERO_FIXED_POINT,-3.472263703518294,-29.404164732860053,-285.846373084167,-288.7277462117098
2,4,100,0,STABLE,NONZERO_FIXED_POINT,,,,
3,-4,1,11/57,STABLE,NONZERO_FIXED_POINT,-1.2098747212866536,-7.563684788438916,-71.15259799527679,-71.86708016579105
3,-4,2,49/129,STABLE,NONZERO_FIXED_POINT,-0.9163280332430475,-4.560424539543185,-41.97548469601753,-42.395878326288255
3,-4,3,291/521,STABLE,NONZERO_FIXED_POINT,-0.6476776068784638,-2.73108946296486,-25.244448563749245,-25.497393298062832
3,-4,4,8/11,STABLE,NONZERO_FIXED_POINT,-0.212907885676497,-1.2036389766968902,-13.530779949830787,-13.669082647997044
3,-4,5,475/537,STABLE,NONZERO_FIXED_POINT,0.31598167988305015,0.25790550271861434,-4.632700138105633,-4.6859765176481005
3,-4,6,141/137,UNSTABLE,SINGULAR_BOUNDARY_LIMIT,1.196990827996677,2.1172679733564124,1.470257272578948,1.5206001133916516
3,-4,7,217/187,UNSTABLE,SINGULAR_BOUNDARY_LIMIT,0.4572477383919953,0.844529138258217,0.7309527400784646,0.7309530701776339
3,-4,8,23/18,UNSTABLE,SINGULAR_BOUNDARY_LIMIT,0.29460748079557675,0.5900620197755799,0.549984875267512,0.5499848752903915
3,-4,9,819/593,UNSTABLE,SINGULAR_BOUNDARY_LIMIT,0.22242605959996098,0.4818637315874028,0.4638353891756424,0.4638353891756992
3,-4,10,25/17,UNSTABLE,SINGULAR_BOUNDARY_LIMIT,0.1845780465051874,0.4248511753051645,0.4152823601177431,0.4152823601177431
3,-4,11,979/633,UNSTABLE,SINGULAR_BOUNDARY_LIMIT,0.16323100632116905,0.3915228853111259,0.3857442192063445,0.3857442192063445
3,-4,12,66/41,UNSTABLE,SINGULAR_BOUNDARY_LIMIT,0.1507972750055533,0.37098286385847246,0.3671031593981411,0.3671031593981411
3,-4,13,377/227,UNSTABLE,SINGULAR_BOUNDARY_LIMIT,0.14352965944868146,0.3580731220911346,0.35522580646613733,0.35522580646613733
3,-4,14,301/177,UNSTABLE,SINGULAR_BOUNDARY_LIMIT,0.13940883982677832,0.35005907032100936,0.3478046587423478,0.34780465874229094
3,-4,15,1275/737,UNSTABLE,SINGULAR_BOUNDARY_LIMIT,0.1372889996044364,0.345379828865056,0.3434744129663727,0.3434744129663727
3,-4,16,7/4,UNSTABLE,SINGULAR_BOUNDARY_LIMIT,0.13650338733395717,0.3431023552681651,0.34139820423983736,0.34139820423983736
3,-4,17,1411/801,UNSTABLE,SINGULAR_BOUNDARY_LIMIT,0.1366644290286665,0.3426556597210748,0.34105460744746097,0.34105460744746097
3,-4,18,369/209,UNSTABLE,SINGULAR_BOUNDARY_LIMIT,0.13755527675238355,0.3436903738912065,0.34212006569322284,0.34212006569322284
3,-4,19,171/97,UNSTABLE,SINGULAR_BOUNDARY_LIMIT,0.1390679386791973,0.3459998805896731,0.3444005370842831,0.3444005370843115
3,-4,20,100/57,UNSTABLE,SINGULAR_BOUNDARY_LIMIT,0.14116673014763137,0.3494740661016209,0.34779024794863744,0.34779024794863744
3,-4,21,1659/953,UNSTABLE,SINGULAR_BOUNDARY_LIMIT,0.1438662711895553,0.3540715305846547,0.35224622789570503,0.35224622789570503
3,-4,22,143/83,UNSTABLE,SINGULAR_BOUNDARY_LIMIT,0.14721827980653934,0.35980290195054465,0.3577725120370019,0.35777251203697347
3,-4,23,1771/1041,UNSTABLE,SINGULAR_BOUNDARY_LIMIT,0.15130397667110174,0.3667212768218562,0.36441058004913884,0.36441058004913884
3,-4,24,57/34,UNSTABLE,SINGULAR_BOUNDARY_LIMIT,0.15623030924033543,0.3749176102362526,0.37223407059411784,0.37223407059411784
3,-4,25,625/379,UNSTABLE,SINGULAR_BOUNDARY_LIMIT,0.16212901031977012,0.3845199121616574,0.38134666734265465,0.3813466673427115
3,-4,26,481/297,UNSTABLE,SINGULAR_BOUNDARY_LIMIT,0.16915801774843686,0.3956957749241923,0.3918825986927459,0.39188259869268904
3,-4,27,27/17,UNSTABLE,SINGULAR_BOUNDARY_LIMIT,0.1775051540239332,0.40865825849383697,0.4040095889117481,0.4040095889117481
3,-4,28,14/9,UNSTABLE,SINGULAR_BOUNDARY_LIMIT,0.18739429480619663,0.4236756302864464,0.4179344449384814,0.41793444493850984
3,-4,29,2059/1353,UNSTABLE,SINGULAR_BOUNDARY_LIMIT,0.19909462251368382,0.4410860013123923,0.4339118419495094,0.43391184194945254
3,-4,30,525/353,UNSTABLE,SINGULAR_BOUNDARY_LIMIT,0.21293405609446125,0.4613186487195975,0.452257373978739,0.452257373978739
3,-4,31,713/491,UNSTABLE,SINGULAR_BOUNDARY_LIMIT,0.2293187071800986,0.4849249606171142,0.47336670104220957,0.4733667010422664
3,-4,32,17/12,UNSTABLE,SINGULAR_BOUNDARY_LIMIT,0.24876147951622762,0.5126238265817946,0.49774389533567387,0.4977438953357023
3,-4,33,2211/1601,UNSTABLE,SINGULAR_BOUNDARY_LIMIT,0.2719251788603998,0.5453695898389128,0.5260443426628285,0.5260443426628285
3,-4,34,187/139,UNSTABLE,SINGULAR_BOUNDARY_LIMIT,0.2996897342168712,0.5844567424089746,0.5591417913940404,0.5591417913941825
3,-4,35,2275/1737,UNSTABLE,SINGULAR_BOUNDARY_LIMIT,0.3332615996384334,0.6316873971321613,0.5982376114841372,0.5982376114862973
3,-4,36,144/113,UNSTABLE,SINGULAR_BOUNDARY_LIMIT,0.37436159629850785,0.6896523824915874,0.645048517963545,0.6450485179958036
3,-4,37,259/209,UNSTABLE,SINGULAR_BOUNDARY_LIMIT,0.42557008928581297,0.7622332978718873,0.7021516489926967,0.7021516495118476
3,-4,38,589/489,UNSTABLE,SINGULAR_BOUNDARY_LIMIT,0.4910200573175807,0.85557598790529,0.773677550220043,0.7736775590041702
3,-4,39,2379/2033,UNSTABLE,SINGULAR_BOUNDARY_LIMIT,0.5779677590911731,0.9802041157774255,0.8668807107108591,0.8668808663975369
3,-4,40,25/22,UNSTABLE,SINGULAR_BOUNDARY_LIMIT,0.701043012958884,1.1564409582596369,0.9963886279316512,0.9963915106545471
3,-4,41,2419/2193,UNSTABLE,SINGULAR_BOUNDARY_LIMIT,0.897677310705788,1.4327887963033632,1.1996075689568784,1.1996632060057095
3,-4,42,609/569,UNSTABLE,SINGULAR_BOUNDARY_LIMIT,1.3359921498426672,2.0032987082976987,1.6441650758649757,1.645282212728091
3,-4,43,817/787,UNSTABLE,SINGULAR_BOUNDARY_LIMIT,1.366407701843503,2.3078582435775346,1.6704170482634595,1.6937148121576229
3,-4,44,154/153,UNSTABLE,SINGULAR_BOUNDARY_LIMIT,0.848641293444544,2.565893991695809,0.9721426717137263,1.5470313994256912
3,-4,45,2475/2537,STABLE,NONZERO_FIXED_POINT,0.6006155370445896,1.3044414418634176,-0.2112264588873245,-0.1552339041817845
3,-4,46,69/73,STABLE,NONZERO_FIXED_POINT,0.4301242503796363,0.7885842153419631,-1.7025778688029618,-1.7241824313276481
3,-4,47,2491/2721,STABLE,NONZERO_FIXED_POINT,0.29705502896911185,0.41441870003148296,-3.201023043465341,-3.2392585639706795
3,-4,48,39/44,STABLE,NONZERO_FIXED_POINT,0.18603902257579819,0.10492096143925522,-4.693629147412992,-4.7460124258899725
3,-4,49,833/971,STABLE,NONZERO_FIXED_POINT,0.08952908103564994,-0.16802832975061222,-6.186715691592269,-6.253289734249847
3,-4,50,625/753,STABLE,NONZERO_FIXED_POINT,0.0032508493620628798,-0.4181055099145894,-7.684663626289648,-7.765578578186023
3,-4,51,2499/3113,STABLE,NONZERO_FIXED_POINT,-0.07545570458614392,-0.6530344488220194,-9.190384405046586,-9.285797269351065
3,-4,52,52/67,STABLE,NONZERO_FIXED_POINT,-0.14836170499154022,-0.8776038276641742,-10.705992163156708,-10.816063622213989
3,-4,53,2491/3321,STABLE,NONZERO_FIXED_POINT,-0.2167084182719421,-1.0949796237530975,-12.233158966893996,-12.358054114955564
3,-4,54,621/857,STABLE,NONZERO_FIXED_POINT,-0.2814017597223497,-1.3073570951107811,-13.773308452880485,-13.9131976746271
3,-4,55,275/393,STABLE,NONZERO_FIXED_POINT,-0.3431252140323089,-1.5163170902265648,-15.327728883054135,-15.482788739599243
3,-4,56,77/114,STABLE,NONZERO_FIXED_POINT,-0.40240909608600717,-1.723035365968144,-16.897643464034275,-17.068057590198265
3,-4,57,2451/3761,STABLE,NONZERO_FIXED_POINT,-0.4596749839421932,-1.9284126869830445,-18.484256774585333,-18.67021679675571
3,-4,58,203/323,STABLE,NONZERO_FIXED_POINT,-0.5152653151013773,-2.1331593885596263,-20.088787323883736,-20.29049380830162
3,-4,59,2419/3993,STABLE,NONZERO_FIXED_POINT,-0.569463743501565,-2.3378523552923554,-21.712491888020907,-21.930155329853392
3,-4,60,150/257,STABLE,NONZERO_FIXED_POINT,-0.6225095398327909,-2.5429745628377134,-23.35668497748739,-23.59052684176305
3,-4,61,793/1411,STABLE,NONZERO_FIXED_POINT,-0.6746080368575917,-2.748943215514707,-25.02275553018211,-25.273009356618843
3,-4,62,589/1089,STABLE,NONZERO_FIXED_POINT,-0.7259383824223526,-2.956130227549842,-26.712182211549305,-26.979094796517984
3,-4,63,2331/4481,STABLE,NONZERO_FIXED_POINT,-0.7766594208906348,-3.1648774673803146,-28.426548291894676,-28.710380962287104
3,-4,64,1/2,STABLE,NONZERO_FIXED_POINT,-0.8269142510840428,-3.375508380265722,-30.167556834281754,-30.468586829945735
3,-4,65,2275/4737,STABLE,NONZERO_FIXED_POINT,-0.8472981258877894,-3.558801390109302,-31.907511086627494,-32.22603307036235
3,-4,66,561/1217,STABLE,NONZERO_FIXED_POINT,-0.8656056436794017,-3.742741553030946,-33.676076308920074,-34.01240402589406
3,-4,67,737/1667,STABLE,NONZERO_FIXED_POINT,-0.8842472441333129,-3.9299408571537597,-35.477713392904036,-35.83218150487295
3,-4,68,136/321,STABLE,NONZERO_FIXED_POINT,-0.9032458838992978,-4.120638332638791,-37.314695573640535,-37.68766169767514
3,-4,69,2139/5273,STABLE,NONZERO_FIXED_POINT,-0.9226267978967542,-4.315093104782697,-39.189521661199024,-39.58136864795898
3,-4,70,175/451,STABLE,NONZERO_FIXED_POINT,-0.9424177804984346,-4.513588012813322,-41.10494387320077,-41.51608236639245
3,-4,71,2059/5553,STABLE,NONZERO_FIXED_POINT,-0.9626495165503481,-4.716433491199467,-43.06400060167846,-43.49487192853303
3,-4,72,63/178,STABLE,NONZERO_FIXED_POINT,-0.9833559724760299,-4.923971883124132,-45.07005512876222,-45.5211345816175
3,-4,73,219/649,STABLE,NONZERO_FIXED_POINT,-1.0045748603539728,-5.136582363433618,-47.12684156712865,-47.59864214908893
3,-4,74,481/1497,STABLE,NONZERO_FIXED_POINT,-1.026348191291774,-5.354686669142495,-49.23851964120166,-49.7315963651709
3,-4,75,1875/6137,STABLE,NONZERO_FIXED_POINT,-1.0487229389306574,-5.578755870838222,-51.40974037159225,-51.92469522281243
3,-4,76,38/131,STABLE,NONZERO_FIXED_POINT,-1.0717518398951853,-5.809318471023502,-53.64572531741331,-54.18321301645227
3,-4,77,1771/6441,STABLE,NONZERO_FIXED_POINT,-1.0954943660200271,-6.046970190465316,-55.95236282478692,-56.51309756275276
3,-4,78,429/1649,STABLE,NONZERO_FIXED_POINT,-1.1200179140540456,-6.292385908603386,-58.336325805842364,-58.921089169302206
3,-4,79,553/2251,STABLE,NONZERO_FIXED_POINT,-1.145399273457743,-6.546334370571884,-60.805217049168675,-61.41486741286457
3,-4,80,25/108,STABLE,NONZERO_FIXED_POINT,-1.171726453653231,-6.809696478920046,-63.36775011625588,-64.00323386307079
3,-4,81,1539/7073,STABLE,NONZERO_FIXED_POINT,-1.1991009813511653,-7.0834882794160805,-66.03397677572218,-66.6963418139731
3,-4,82,41/201,STABLE,NONZERO_FIXED_POINT,-1.2276408205207243,-7.368890168776474,-68.81557607935216,-69.50598828005292
3,-4,83,1411/7401,STABLE,NONZERO_FIXED_POINT,-1.257484128720769,-7.6672844630062045,-71.72622623802829,-72.44598962848329
3,-4,84,84/473,STABLE,NONZERO_FIXED_POINT,-1.2887941543771548,-7.980304373227746,-74.78208945144519,-75.53267130612113
3,-4,85,425/2579,STABLE,NONZERO_FIXED_POINT,-1.3217657174736033,-8.309898814371735,-78.00245349587851,-78.7855159079661
3,-4,86,301/1977,STABLE,NONZERO_FIXED_POINT,-1.3566339302950308,-8.65841961358511,-81.41059507723611,-82.22803525095594
3,-4,87,1131/8081,STABLE,NONZERO_FIXED_POINT,-1.3936861563602765,-9.028741100037621,-85.03496376494763,-85.88896626678803
3,-4,88,11/86,STABLE,NONZERO_FIXED_POINT,-1.4332787665520934,-9.424427666407336,-88.91084084845566,-89.803946614541
3,-4,89,979/8433,STABLE,NONZERO_FIXED_POINT,-1.4758612041823298,-9.84997441955521,-93.08272177835988,-94.01792118688388
3,-4,90,225/2153,STABLE,NONZERO_FIXED_POINT,-1.5220115530451883,-10.311162860998856,-97.60783740343797,-98.5886989151501
3,-4,91,91/977,STABLE,NONZERO_FIXED_POINT,-1.5724909101227027,-10.815604613877184,-102.56153686828964,-103.59239003968727
3,-4,92,46/561,STABLE,NONZERO_FIXED_POINT,-1.62832991863886,-11.37360675339891,-108.04585438554247,-109.13205941511708
3,-4,93,651/9161,STABLE,NONZERO_FIXED_POINT,-1.6909733881498923,-11.99961800766701,-114.20382662468268,-115.35218851925583
3,-4,94,47/779,STABLE,NONZERO_FIXED_POINT,-1.762537153220916,-12.71479734438767,-121.24492172096731,-122.46436132070414
3,-4,95,475/9537,STABLE,NONZERO_FIXED_POINT,-1.846301243013631,-13.551945666714794,-129.49386306456643,-130.79658123757605
3,-4,96,3/76,STABLE,NONZERO_FIXED_POINT,-1.9477603819114047,-14.566010819492968,-139.49462886243344,-140.8983211999946
3,-4,97,97/3307,STABLE,NONZERO_FIXED_POINT,-2.0772149383797007,-15.85999707787748,-152.26695607550124,-153.7996185361487
3,-4,98,49/2529,STABLE,NONZERO_FIXED_POINT,-2.2577891206713456,-17.665147104423923,-170.10014179353823,-171.8128945428541
3,-4,99,99/10313,STABLE,NONZERO_FIXED_POINT,-2.563269549573514,-20.71932767661429,-200.29906193715436,-202.31681176030648
3,-4,100,0,STABLE,NONZERO_FIXED_POINT,,,,
3,-3,1,99/1025,STABLE,NONZERO_FIXED_POINT,-1.5104812215666117,-10.6062891773404,-100.94918087805692,-101.96426954885112
3,-3,2,49/257,STABLE,NONZERO_FIXED_POINT,-1.2156714462750955,-7.617722948129398,-71.67431982956361,-72.39405687286643
3,-3,3,291/1033,STABLE,NONZERO_FIXED_POINT,-1.0466829125005432,-5.891216711055158,-54.85967066683867,-55.409877999372384
3,-3,4,24/65,STABLE,NONZERO_FIXED_POINT,-0.9297181983678513,-4.688337321699965,-43.19884586527138,-43.63154798020264
3,-3,5,475/1049,STABLE,NONZERO_FIXED_POINT,-0.8416377936247095,-3.7772289623165562,-34.40067215252071,-34.74475403108937
3,-3,6,141/265,STABLE,NONZERO_FIXED_POINT,-0.7167400737032459,-2.998636017487506,-27.387799301380966,-27.661826062662442
3,-3,7,651/1073,STABLE,NONZERO_FIXED_POINT,-0.5293730339164142,-2.2759797260271952,-21.593550920971268,-21.810569654368976
3,-3,8,23/34,STABLE,NONZERO_FIXED_POINT,-0.3531649474614085,-1.6507706872266255,-16.767274037965592,-16.93702511899025
3,-3,9,63/85,STABLE,NONZERO_FIXED_POINT,-0.18163025955626289,-1.093208957249118,-12.692034624444602,-12.82211300070523
3,-3,10,225/281,STABLE,NONZERO_FIXED_POINT,-0.00840446795830907,-0.5773090781189083,-9.216564910509021,-9.313088712090064
3,-3,11,979/1145,STABLE,NONZERO_FIXED_POINT,0.17438125766844337,-0.07559941687421912,-6.2285112636815825,-6.296533913697772
3,-3,12,66/73,STABLE,NONZERO_FIXED_POINT,0.37916417844302686,0.4493854061668259,-3.637262335641225,-3.6810040097756485
3,-3,13,1131/1193,STABLE,NONZERO_FIXED_POINT,0.6318842649644658,1.0713070903933186,-1.358613358765922,-1.3776302994286311
3,-3,14,301/305,STABLE,NONZERO_FIXED_POINT,1.015286933234611,2.0695216824731304,0.6433779014136007,0.8682153820983558
3,-3,15,1275/1249,UNSTABLE,SINGULAR_BOUNDARY_LIMIT,2.2158454622332755,3.3291658115133274,2.4654974829277307,2.5820947528275155
3,-3,16,21/20,UNSTABLE,SINGULAR_BOUNDARY_LIMIT,1.0790074935020373,1.8207657270942619,1.3745772536439063,1.3816239017011753
3,-3,17,1411/1313,UNSTABLE,SINGULAR_BOUNDARY_LIMIT,0.8493610755774483,1.452466112668759,1.1438090077150491,1.144512438970935
3,-3,18,369/337,UNSTABLE,SINGULAR_BOUNDARY_LIMIT,0.7335349300552529,1.2635797078779945,1.0249193667544887,1.0250288413631097
3,-3,19,1539/1385,UNSTABLE,SINGULAR_BOUNDARY_LIMIT,0.6652048027439825,1.1519777830612128,0.9541241021854603,0.9541494928532757
3,-3,20,100/89,UNSTABLE,SINGULAR_BOUNDARY_LIMIT,0.6232367119289055,1.0832932901706087,0.9104179161164154,0.9104263557184993
3,-3,21,1659/1465,UNSTABLE,SINGULAR_BOUNDARY_LIMIT,0.5984057306669293,1.0422172916973125,0.8845214766390654,0.8845253620374365
3,-3,22,33/29,UNSTABLE,SINGULAR_BOUNDARY_LIMIT,0.5860725523081083,1.020986895549143,0.8717308527519663,0.8717332570861629
3,-3,23,1771/1553,UNSTABLE,SINGULAR_BOUNDARY_LIMIT,0.5837985155804581,1.0154916384698254,0.8695497800630392,0.8695517276545957
3,-3,24,57/50,UNSTABLE,SINGULAR_BOUNDARY_LIMIT,0.5904042205397992,1.0236982151952958,0.8767492927074159,0.8767513098478616
3,-3,25,1875/1649,UNSTABLE,SINGULAR_BOUNDARY_LIMIT,0.6055781788303207,1.0449751926687583,0.8929753762587893,0.8929779921150498
3,-3,26,481/425,UNSTABLE,SINGULAR_BOUNDARY_LIMIT,0.629757471170592,1.0798576199690189,0.9186284396200222,0.9186326083255949
3,-3,27,1971/1753,UNSTABLE,SINGULAR_BOUNDARY_LIMIT,0.6642072081867703,1.1301131090185166,0.9549415297635733,0.9549495578689857
3,-3,28,126/113,UNSTABLE,SINGULAR_BOUNDARY_LIMIT,0.7113444036687184,1.1991431109656077,1.004302406953883,1.0043208107800297
3,-3,29,2059/1865,UNSTABLE,SINGULAR_BOUNDARY_LIMIT,0.7755227797670656,1.2929663696377958,1.071033978649325,1.0710835240963092
3,-3,30,525/481,UNSTABLE,SINGULAR_BOUNDARY_LIMIT,0.8649651045989639,1.422569363980621,1.163311140079884,1.163465880309161
3,-3,31,2139/1985,UNSTABLE,SINGULAR_BOUNDARY_LIMIT,0.9973733243119085,1.610419919563789,1.2987046981122603,1.2992592371402907
3,-3,32,17/16,UNSTABLE,SINGULAR_BOUNDARY_LIMIT,1.2226586769520225,1.9153857993599033,1.5265954087067826,1.5288531754394228
3,-3,33,2211/2113,UNSTABLE,SINGULAR_BOUNDARY_LIMIT,1.8520037816084205,2.668279510808766,2.155594229074154,2.1659443156115685
3,-3,34,561/545,UNSTABLE,SINGULAR_BOUNDARY_LIMIT,1.4296906272259342,2.4714778541383424,1.7164655010735714,1.7695040810000933
3,-3,35,175/173,UNSTABLE,SINGULAR_BOUNDARY_LIMIT,1.0260187396744076,2.8641000356019646,1.2132471040963537,1.526713816618468
3,-3,36,144/145,STABLE,NONZERO_FIXED_POINT,0.803116746456622,1.9000497998281887,0.624811552800935,1.054000409085944
3,-3,37,2331/2393,STABLE,NONZERO_FIXED_POINT,0.6436946892101076,1.347996563290863,-0.22511802306473783,-0.17806146588299043
3,-3,38,589/617,STABLE,NONZERO_FIXED_POINT,0.5170379724242196,0.9798797249280753,-1.1909362501706937,-1.2032827834005957
3,-3,39,2379/2545,STABLE,NONZERO_FIXED_POINT,0.41042210611801977,0.686994219647481,-2.192667152507738,-2.22099397255505
3,-3,40,75/82,STABLE,NONZERO_FIXED_POINT,0.31732497300287044,0.43548744754684776,-3.2169156272376256,-3.255557641188574
3,-3,41,2419/2705,STABLE,NONZERO_FIXED_POINT,0.23394850225216146,0.2098358708280088,-4.263225975655985,-4.311745617522433
3,-3,42,609/697,STABLE,NONZERO_FIXED_POINT,0.15788198978013668,0.001489280443237817,-5.332252997006833,-5.390867316166464
3,-3,43,2451/2873,STABLE,NONZERO_FIXED_POINT,0.08749669601093402,-0.19480880007786538,-6.424346881706867,-6.493339088250821
3,-3,44,154/185,STABLE,NONZERO_FIXED_POINT,0.021638543381737207,-0.38253698191453367,-7.539581796964086,-7.619232795119103
3,-3,45,2475/3049,STABLE,NONZERO_FIXED_POINT,-0.04054160628878378,-0.5641217524065922,-8.677882613236648,-8.768464833563144
3,-3,46,621/785,STABLE,NONZERO_FIXED_POINT,-0.09968801424438567,-0.7413233977904454,-9.839112014645252,-9.94089007115474
3,-3,47,47/61,STABLE,NONZERO_FIXED_POINT,-0.1563022179472302,-0.915458056091623,-11.023124149731302,-11.13635612680207
3,-3,48,3/4,STABLE,NONZERO_FIXED_POINT,-0.2107833234661971,-1.0875337101585032,-12.229797875149828,-12.35473661175783
3,-3,49,2499/3425,STABLE,NONZERO_FIXED_POINT,-0.2634550768769124,-1.2583378663814813,-13.459057853777267,-13.595952173479304
3,-3,50,625/881,STABLE,NONZERO_FIXED_POINT,-0.31458461476974087,-1.4284965935881928,-14.710888319753451,-14.859984210821438
3,-3,51,2499/3625,STABLE,NONZERO_FIXED_POINT,-0.3643957976288732,-1.5985157844018687,-15.985342366446616,-16.14688412122723
3,-3,52,156/233,STABLE,NONZERO_FIXED_POINT,-0.41307891259767615,-1.7688109275175634,-17.282548510397618,-17.45677983306919
3,-3,53,2491/3833,STABLE,NONZERO_FIXED_POINT,-0.4607978810651119,-1.9397291822411447,-18.602715644954287,-18.789880736672103
3,-3,54,621/985,STABLE,NONZERO_FIXED_POINT,-0.5076957135574887,-2.111566125652672,-19.946137115911597,-20.14648174623261
3,-3,55,2475/4049,STABLE,NONZERO_FIXED_POINT,-0.5538987098824357,-2.284578705749155,-21.313194418762066,-21.526966992260895
3,-3,56,77/130,STABLE,NONZERO_FIXED_POINT,-0.599519746133339,-2.458995426050606,-22.704360873229092,-22.93181350036346
3,-3,57,2451/4273,STABLE,NONZERO_FIXED_POINT,-0.6446608877993505,-2.635024470614738,-24.1202055417005,-24.36159512326566
3,-3,58,609/1097,STABLE,NONZERO_FIXED_POINT,-0.6894154997754534,-2.812860275974259,-25.56139760430301,-25.816986939244828
3,-3,59,2419/4505,STABLE,NONZERO_FIXED_POINT,-0.7338699774360578,-2.9926889236562317,-27.02871137299087,-27.298770299944124
3,-3,60,150/289,STABLE,NONZERO_FIXED_POINT,-0.7781051906560936,-3.1746926374270856,-28.52303211321373,-28.807838696914587
3,-3,61,183/365,STABLE,NONZERO_FIXED_POINT,-0.8221977100176687,-3.359053607523279,-30.045362840371155,-30.345204615097202
3,-3,62,589/1217,STABLE,NONZERO_FIXED_POINT,-0.8424425839558278,-3.522179035936098,-31.573053982666067,-31.888229266109022
3,-3,63,2331/4993,STABLE,NONZERO_FIXED_POINT,-0.8585901229378923,-3.6839399641791033,-33.127048518739684,-33.457867811274184
3,-3,64,9/20,STABLE,NONZERO_FIXED_POINT,-0.8750612633917001,-3.8488885471112617,-34.71310735028766,-35.05989483651231
3,-3,65,2275/5249,STABLE,NONZERO_FIXED_POINT,-0.8918713139279735,-4.0171836559663205,-36.33274494217591,-36.695840113950965
3,-3,66,561/1345,STABLE,NONZERO_FIXED_POINT,-0.9090373497877628,-4.189000150394165,-37.987650777724866,-38.36741020080717
3,-3,67,2211/5513,STABLE,NONZERO_FIXED_POINT,-0.926578382064914,-4.3645310163853,-39.679706101046065,-40.07650535094666
3,-3,68,136/353,STABLE,NONZERO_FIXED_POINT,-0.944515556882247,-4.54398969511,-41.411003625709185,-41.825239422726725
3,-3,69,2139/5785,STABLE,NONZERO_FIXED_POINT,-0.9628723898530573,-4.727612680581693,-43.18387073749574,-43.615963316212
3,-3,70,525/1481,STABLE,NONZERO_FIXED_POINT,-0.9816750424220189,-4.9156624715365,-45.00089684397318,-45.45129259908845
3,-3,71,2059/6065,STABLE,NONZERO_FIXED_POINT,-1.0009526482803732,-5.108430974764133,-46.86496568212078,-47.3341401407053
3,-3,72,63/194,STABLE,NONZERO_FIXED_POINT,-1.02073770009736,-5.306243474239544,-48.77929359790093,-49.267754778377565
3,-3,73,1971/6353,STABLE,NONZERO_FIXED_POINT,-1.0410665094495393,-5.5094633041187535,-50.74747507299935,-51.255767304055155
3,-3,74,37/125,STABLE,NONZERO_FIXED_POINT,-1.0619797562636144,-5.718497395873506,-52.773537113936214,-53.302245402877276
3,-3,75,1875/6649,STABLE,NONZERO_FIXED_POINT,-1.0835231485981165,-5.933802913258489,-54.862004565204586,-55.41175962609219
3,-3,76,114/425,STABLE,NONZERO_FIXED_POINT,-1.1057482195700707,-6.1558952473019914,-57.01797900020918,-57.589463078923046
3,-3,77,1771/6953,STABLE,NONZERO_FIXED_POINT,-1.1287132962497317,-6.385357722661205,-59.247234637446695,-59.84118830564222
3,-3,78,429/1777,STABLE,NONZERO_FIXED_POINT,-1.1524846862148301,-6.62285347458311,-61.55633580534743,-62.17356594096805
3,-3,79,1659/7265,STABLE,NONZERO_FIXED_POINT,-1.1771381423716,-6.869140104269725,-63.95278195586917,-64.59417118847881
3,-3,80,25/116,STABLE,NONZERO_FIXED_POINT,-1.2027606873931997,-7.125087927423586,-66.44518828051952,-67.1117062610744
3,-3,81,1539/7585,STABLE,NONZERO_FIXED_POINT,-1.229452908391469,-7.391702923059988,-69.04351287976579,-69.7362298450571
3,-3,82,369/1937,STABLE,NONZERO_FIXED_POINT,-1.2573318743800197,-7.670155908834467,-71.75934558904294,-72.479448843603
3,-3,83,1411/7913,STABLE,NONZERO_FIXED_POINT,-1.2865348902388796,-7.961820080466829,-74.60627961865453,-75.35509377062766
3,-3,84,84/505,STABLE,NONZERO_FIXED_POINT,-1.3172243917580042,-8.268319961372598,-77.60039616069923,-78.37940825275598
3,-3,85,1275/8249,STABLE,NONZERO_FIXED_POINT,-1.3495944242198785,-8.591596187339327,-80.76090576656696,-81.57179688540083
3,-3,86,301/2105,STABLE,NONZERO_FIXED_POINT,-1.3838793611530456,-8.933992692727337,-84.11101150153769,-84.95569710611557
3,-3,87,87/661,STABLE,NONZERO_FIXED_POINT,-1.4203658613868981,-9.2983762796066,-87.6790926913749,-88.55977489824187
3,-3,88,33/274,STABLE,NONZERO_FIXED_POINT,-1.4594096234092513,-9.688304159915276,-91.50036360204612,-92.41960022498861
3,-3,89,979/8945,STABLE,NONZERO_FIXED_POINT,-1.5014594487586184,-10.108264588003607,-95.61925571402156,-96.58005336712182
3,-3,90,225/2281,STABLE,NONZERO_FIXED_POINT,-1.5470928084983493,-10.564032524061126,-100.09293880180533,-101.0988815689706
3,-3,91,819/9305,STABLE,NONZERO_FIXED_POINT,-1.5970702144313922,-11.063213345028927,-104.9967036829064,-106.05213615861277
3,-3,92,46/593,STABLE,NONZERO_FIXED_POINT,-1.6524217507469618,-11.61610815991606,-110.43252884967839,-111.54282571136108
3,-3,93,651/9673,STABLE,NONZERO_FIXED_POINT,-1.7145916927818519,-12.237159996348524,-116.54339772560792,-117.71537792481303
3,-3,94,141/2465,STABLE,NONZERO_FIXED_POINT,-1.7856953644419358,-12.947522373804219,-123.53872754905473,-124.78132536001257
3,-3,95,475/10049,STABLE,NONZERO_FIXED_POINT,-1.8690123066043576,-13.779990986734575,-131.74319304416088,-133.0686222807612
3,-3,96,3/80,STABLE,NONZERO_FIXED_POINT,-1.970036776622557,-14.789508698790423,-141.70072587102345,-143.12669460329573
3,-3,97,291/10433,STABLE,NONZERO_FIXED_POINT,-2.099068696128402,-16.079075020088496,-154.4310184573468,-155.985534675743
3,-3,98,49/2657,STABLE,NONZERO_FIXED_POINT,-2.2792318457372183,-17.879928053571938,-172.22332527354894,-173.9575207479307
3,-3,99,99/10825,STABLE,NONZERO_FIXED_POINT,-2.584312436849231,-20.929930212395078,-202.382481440474,-204.42127415090184
3,-3,100,0,STABLE,NONZERO_FIXED_POINT,,,,
3,-2,1,33/683,STABLE,NONZERO_FIXED_POINT,-1.8112993145760337,-13.633994065998621,-130.74969604452306,-132.0656028083267
3,-2,2,49/513,STABLE,NONZERO_FIXED_POINT,-1.5158556880556162,-10.655631738181711,-101.42862611062304,-102.44854739570633
3,-2,3,291/2057,STABLE,NONZERO_FIXED_POINT,-1.3458168826756474,-8.932654279044584,-84.5240302215177,-85.37337152422651
3,-2,4,8/43,STABLE,NONZERO_FIXED_POINT,-1.2273945520242435,-7.727100826361813,-72.73078455211224,-73.46116302069989
3,-2,5,475/2073,STABLE,NONZERO_FIXED_POINT,-1.1374616075250117,-6.807630198265848,-63.75923699995701,-64.39914269242604
3,-2,6,141/521,STABLE,NONZERO_FIXED_POINT,-1.0657136871373858,-6.071134077219064,-56.58919133128117,-57.1568099419253
3,-2,7,217/699,STABLE,NONZERO_FIXED_POINT,-1.0066510113073726,-5.462554024917239,-50.67610992369811,-51.18412736559526
3,-2,8,23/66,STABLE,NONZERO_FIXED_POINT,-0.9569874949870121,-4.948970887135303,-45.69461506389112,-46.1524311634154
3,-2,9,819/2129,STABLE,NONZERO_FIXED_POINT,-0.9146003159783263,-4.509098621507761,-41.43449558354166,-41.849387343219576
3,-2,10,75/179,STABLE,NONZERO_FIXED_POINT,-0.8780368211549927,-4.1283515941362054,-37.7518900744881,-38.12968184207628
3,-2,11,979/2169,STABLE,NONZERO_FIXED_POINT,-0.8462577491103627,-3.7962755203242438,-34.54386553357915,-34.88934239379017
3,-2,12,66/137,STABLE,NONZERO_FIXED_POINT,-0.8184926955438643,-3.50510174445418,-31.734108121509223,-32.05128475312375
3,-2,13,377/739,STABLE,NONZERO_FIXED_POINT,-0.7766929637757656,-3.231422945646628,-29.246904175830878,-29.53920726401998
3,-2,14,301/561,STABLE,NONZERO_FIXED_POINT,-0.7102155878564336,-2.9603907818243584,-27.026504306331958,-27.296900671994308
3,-2,15,1275/2273,STABLE,NONZERO_FIXED_POINT,-0.6496531129203973,-2.719229617241936,-25.067476163995707,-25.31856541495074
3,-2,16,7/12,STABLE,NONZERO_FIXED_POINT,-0.594566302921014,-2.50475727677615,-23.340087366160432,-23.574170572193808
3,-2,17,1411/2337,STABLE,NONZERO_FIXED_POINT,-0.5446216936320809,-2.314376320645863,-21.819809366547247,-22.0389410651851
3,-2,18,369/593,STABLE,NONZERO_FIXED_POINT,-0.49956417865451996,-2.1459427258292862,-20.486126209130305,-20.692154536335522
3,-2,19,513/803,STABLE,NONZERO_FIXED_POINT,-0.45919553056584306,-1.9976682752343748,-19.3216662010949,-19.516264381261806
3,-2,20,100/153,STABLE,NONZERO_FIXED_POINT,-0.4233570315029276,-1.868045506724613,-18.311556792211945,-18.49624822302954
3,-2,21,1659/2489,STABLE,NONZERO_FIXED_POINT,-0.39191514449487386,-1.7557881847492425,-17.44293718625005,-17.619115696834285
3,-2,22,143/211,STABLE,NONZERO_FIXED_POINT,-0.3647496449461123,-1.6597829453482973,-16.704584700833152,-16.873531118665824
3,-2,23,1771/2577,STABLE,NONZERO_FIXED_POINT,-0.34174393915772683,-1.5790495323106768,-16.086624725223487,-16.249520582584296
3,-2,24,57/82,STABLE,NONZERO_FIXED_POINT,-0.32277747091439224,-1.512708168926089,-15.580303216600782,-15.738242213311992
3,-2,25,625/891,STABLE,NONZERO_FIXED_POINT,-0.30772018725945927,-1.4599532682486682,-15.177806749174238,-15.33180443586707
3,-2,26,481/681,STABLE,NONZERO_FIXED_POINT,-0.2964290249367849,-1.4200329973170867,-14.872119240511608,-15.023121276050574
3,-2,27,1971/2777,STABLE,NONZERO_FIXED_POINT,-0.28874631500902126,-1.3922342791096796,-14.656907291491848,-14.805796546962654
3,-2,28,42/59,STABLE,NONZERO_FIXED_POINT,-0.2844999123431897,-1.3758727332319722,-14.526428024885462,-14.674030746129716
3,-2,29,2059/2889,STABLE,NONZERO_FIXED_POINT,-0.2835047659212435,-1.3702869073147639,-14.475454683793942,-14.622545879020095
3,-2,30,525/737,STABLE,NONZERO_FIXED_POINT,-0.28556557754089695,-1.3748360067838163,-14.499216251820258,-14.646524436273353
3,-2,31,713/1003,STABLE,NONZERO_FIXED_POINT,-0.2904801643693915,-1.3889002410697415,-14.593348113123284,-14.74155951629183
3,-2,32,17/24,STABLE,NONZERO_FIXED_POINT,-0.29804314907404006,-1.4118828944569586,-14.753851366568853,-14.90361368690219
3,-2,33,2211/3137,STABLE,NONZERO_FIXED_POINT,-0.3080496450182686,-1.4432133005812062,-14.97705889461497,-15.128984670734042
3,-2,34,187/267,STABLE,NONZERO_FIXED_POINT,-0.3202986723979926,-1.4823500337948445,-15.259606692396943,-15.414276347225012
3,-2,35,2275/3273,STABLE,NONZERO_FIXED_POINT,-0.33459612099193237,-1.5287838012248827,-15.598409300173671,-15.756373904488498
3,-2,36,144/209,STABLE,NONZERO_FIXED_POINT,-0.3507571541758878,-1.582039698106783,-15.990638460520273,-16.152422254536077
3,-2,37,777/1139,STABLE,NONZERO_FIXED_POINT,-0.36860801789215003,-1.6416786526854423,-16.4337043457665,-16.599807051044706
3,-2,38,589/873,STABLE,NONZERO_FIXED_POINT,-0.3879872721761011,-1.707298020658662,-16.925238876619574,-17.09613782553805
3,-2,39,2379/3569,STABLE,NONZERO_FIXED_POINT,-0.40874650005586943,-1.778531386352448,-17.46308078600157,-17.63923289191996
3,-2,40,25/38,STABLE,NONZERO_FIXED_POINT,-0.4307505702951646,-1.8550476890608536,-18.04526217990764,-18.227105767852407
3,-2,41,2419/3729,STABLE,NONZERO_FIXED_POINT,-0.453877539277066,-1.9365498232746958,-18.669996416756305,-18.857952931755676
3,-2,42,609/953,STABLE,NONZERO_FIXED_POINT,-0.47801827667651864,-2.0227728680431696,-19.33566717499059,-19.530142782995995
3,-2,43,817/1299,STABLE,NONZERO_FIXED_POINT,-0.5030758927003696,-2.1134820909540153,-20.040818611469263,-20.242205706009827
3,-2,44,154/249,STABLE,NONZERO_FIXED_POINT,-0.5289650343489285,-2.208470852839575,-20.78414653523174,-20.992825161491055
3,-2,45,2475/4073,STABLE,NONZERO_FIXED_POINT,-0.555611106476654,-2.307558515581043,-21.564490536213327,-21.780829743029756
3,-2,46,207/347,STABLE,NONZERO_FIXED_POINT,-0.5829494618496529,-2.410588431055473,-22.380827019096614,-22.605186148430533
3,-2,47,2491/4257,STABLE,NONZERO_FIXED_POINT,-0.6109245938031513,-2.5174260667610966,-23.23226310059465,-23.46499302323525
3,-2,48,39/68,STABLE,NONZERO_FIXED_POINT,-0.6394893559490704,-2.62795730429697,-24.118031335298866,-24.359475640978587
3,-2,49,833/1483,STABLE,NONZERO_FIXED_POINT,-0.6686042258255256,-2.7420869312033886,-25.037485241589536,-25.287981391211133
3,-2,50,625/1137,STABLE,NONZERO_FIXED_POINT,-0.6982366233772019,-2.859737334704576,-25.990095605483816,-26.249976052827492
3,-2,51,2499/4649,STABLE,NONZERO_FIXED_POINT,-0.7283602905583706,-2.980847397330386,-26.975447546980092,-27.245040837036697
3,-2,52,52/99,STABLE,NONZERO_FIXED_POINT,-0.758954734959751,-3.1053715887656637,-27.99323834063486,-28.272870191597633
3,-2,53,2491/4857,STABLE,NONZERO_FIXED_POINT,-0.7900047379667896,-3.2332792450629526,-29.04327598991813,-29.333270365854617
3,-2,54,621/1241,STABLE,NONZERO_FIXED_POINT,-0.8214999263612768,-3.3645540250507224,-30.125478563452134,-30.426158744774284
3,-2,55,825/1691,STABLE,NONZERO_FIXED_POINT,-0.8354158084641394,-3.4811749370766094,-31.221855713854552,-31.53354537290238
3,-2,56,77/162,STABLE,NONZERO_FIXED_POINT,-0.8472580887354519,-3.5986607437611724,-32.3480542237416,-32.67107851311175
3,-2,57,2451/5297,STABLE,NONZERO_FIXED_POINT,-0.8594275182948685,-3.7194349981108346,-33.50672487894991,-33.84141154063343
3,-2,58,203/451,STABLE,NONZERO_FIXED_POINT,-0.8719278265016026,-3.843534254418529,-34.69823326998085,-35.04491377394561
3,-2,59,2419/5529,STABLE,NONZERO_FIXED_POINT,-0.8847639200962512,-3.9710066413396774,-35.92306177905914,-36.28207250063599
3,-2,60,150/353,STABLE,NONZERO_FIXED_POINT,-0.8979419322638584,-4.101912383139705,-37.18181442335313,-37.55349786968529
3,-2,61,793/1923,STABLE,NONZERO_FIXED_POINT,-0.9114692830626794,-4.236324437103036,-38.47522282418686,-38.85992892110772
3,-2,62,589/1473,STABLE,NONZERO_FIXED_POINT,-0.9253547525683938,-4.374329258107238,-39.80415343584315,-40.202240887898654
3,-2,63,2331/6017,STABLE,NONZERO_FIXED_POINT,-0.9396085683744388,-4.5160277050414805,-41.169616196342645,-41.581453934313686
3,-2,64,3/8,STABLE,NONZERO_FIXED_POINT,-0.9542425094393248,-4.661536107872246,-42.5727747972563,-42.99874352952858
3,-2,65,2275/6273,STABLE,NONZERO_FIXED_POINT,-0.9692700286971672,-4.810987518899772,-44.01495881173332,-44.455452698277554
3,-2,66,561/1601,STABLE,NONZERO_FIXED_POINT,-0.9847063973686367,-4.96453317732221,-45.49767797148405,-45.9531064421472
3,-2,67,737/2179,STABLE,NONZERO_FIXED_POINT,-1.0005688745515648,-5.122344222909945,-47.02263894703697,-47.49342868942415
3,-2,68,136/417,STABLE,NONZERO_FIXED_POINT,-1.016876906468183,-5.284613702747997,-48.59176506455296,-49.0783622111565
3,-2,69,2139/6809,STABLE,NONZERO_FIXED_POINT,-1.0336523607436323,-5.451558925095149,-50.20721949126232,-50.71009204086914
3,-2,70,175/579,STABLE,NONZERO_FIXED_POINT,-1.0509198023479094,-5.623424227043529,-51.87143254607295,-52.3910730611141
3,-2,71,2059/7089,STABLE,NONZERO_FIXED_POINT,-1.0687068194298135,-5.800484238651272,-53.58713394995368,-54.12406257968769
3,-2,72,63/226,STABLE,NONZERO_FIXED_POINT,-1.0870444093145366,-5.983047746647628,-55.35739103295927,-55.91215892265308
3,-2,73,657/2459,STABLE,NONZERO_FIXED_POINT,-1.105967437572657,-6.1714622871496445,-57.18565417573518,-57.75884733491415
3,-2,74,481/1881,STABLE,NONZERO_FIXED_POINT,-1.1255151864991007,-6.366119631106223,-59.0758111030014,-59.66805482217802
3,-2,75,1875/7673,STABLE,NONZERO_FIXED_POINT,-1.1457320138474572,-6.567462371214916,-61.03225209268106,-61.64421601881804
3,-2,76,38/163,STABLE,NONZERO_FIXED_POINT,-1.166668148643378,-6.775991878801108,-63.05994875620331,-63.69235276399047
3,-2,77,1771/7977,STABLE,NONZERO_FIXED_POINT,-1.1883806589153458,-6.992277979255839,-65.16454983895119,-65.81817086981232
3,-2,78,429/2033,STABLE,NONZERO_FIXED_POINT,-1.2109346370475667,-7.216970803256167,-67.35249856560176,-68.02817865205509
3,-2,79,553/2763,STABLE,NONZERO_FIXED_POINT,-1.2344046633737342,-7.450815420099715,-69.63117753159946,-70.3298332852113
3,-2,80,25/132,STABLE,NONZERO_FIXED_POINT,-1.2588766293721312,-7.6946700668726535,-72.00908919543025,-72.73172311796404
3,-2,81,1539/8609,STABLE,NONZERO_FIXED_POINT,-1.2844500310865765,-7.949529079786146,-74.49608292350626,-75.24379701149263
3,-2,82,123/731,STABLE,NONZERO_FIXED_POINT,-1.3112408853384334,-8.216552053401713,-77.10364369160058,-77.87765595711909
3,-2,83,1411/8937,STABLE,NONZERO_FIXED_POINT,-1.339385482446076,-8.497101364961516,-79.84526360074477,-80.64692834492513
3,-2,84,84/569,STABLE,NONZERO_FIXED_POINT,-1.3690452800344142,-8.792791109685943,-82.73692636124548,-83.56775934157866
3,-2,85,425/3091,STABLE,NONZERO_FIXED_POINT,-1.4004133803989696,-9.105551871710396,-85.79774854880253,-86.65945862381545
3,-2,86,301/2361,STABLE,NONZERO_FIXED_POINT,-1.4337232480600868,-9.437717897032861,-89.05084263962681,-89.9453721311117
3,-2,87,1131/9617,STABLE,NONZERO_FIXED_POINT,-1.4692606656405243,-9.792146649816473,-92.52450063975004,-93.45407765087066
3,-2,88,11/102,STABLE,NONZERO_FIXED_POINT,-1.507380487070444,-10.172386342091013,-96.25385264990202,-97.2210601365057
3,-2,89,979/9969,STABLE,NONZERO_FIXED_POINT,-1.5485306998536004,-10.582916554193552,-100.28324902760181,-101.29111793179703
3,-2,90,225/2537,STABLE,NONZERO_FIXED_POINT,-1.5932879904434314,-11.029503886433602,-104.66978135726802,-105.7219193063784
3,-2,91,273/3443,STABLE,NONZERO_FIXED_POINT,-1.642412114388943,-11.519745658578195,-109.4886650926706,-110.58943946833455
3,-2,92,46/657,STABLE,NONZERO_FIXED_POINT,-1.69693242694248,-12.063935214073581,-114.84180608523505,-115.99661362311329
3,-2,93,651/10697,STABLE,NONZERO_FIXED_POINT,-1.758292500812681,-12.67650809583104,-120.87211773983387,-122.08779874706983
3,-2,94,47/907,STABLE,NONZERO_FIXED_POINT,-1.828606982608446,-13.378610609029572,-127.78894980109922,-129.07445923022362
3,-2,95,475/11073,STABLE,NONZERO_FIXED_POINT,-1.9111547602945151,-14.203031494135288,-135.9169119299856,-137.2844836202761
3,-2,96,3/88,STABLE,NONZERO_FIXED_POINT,-2.011429461780782,-15.204706911353322,-145.79987306266838,-147.26723448009886
3,-2,97,97/3819,STABLE,NONZERO_FIXED_POINT,-2.1397304018393157,-16.486629908446098,-158.4574651539756,-160.0526430780827
3,-2,98,49/2913,STABLE,NONZERO_FIXED_POINT,-2.3191807759546066,-18.280032357967606,-176.17888436729226,-177.95302877189147
3,-2,99,99/11849,STABLE,NONZERO_FIXED_POINT,-2.623566231300112,-21.32277066583945,-206.26890960004675,-208.34695610492545
3,-2,100,0,STABLE,NONZERO_FIXED_POINT,,,,
3,-1,1,99/4097,STABLE,NONZERO_FIXED_POINT,-2.1122233201279803,-16.65334383006246,-160.5512823027102,-162.16811307206578
3,-1,2,49/1025,STABLE,NONZERO_FIXED_POINT,-1.8164621883355725,-13.68098361159899,-131.2079565089291,-132.52848429429235
3,-1,3,291/4105,STABLE,NONZERO_FIXED_POINT,-1.6458957524363829,-11.961047786205853,-114.2594431359974,-115.40886330846695
3,-1,4,24/257,STABLE,NONZERO_FIXED_POINT,-1.5267379650562898,-10.755663430722851,-102.40091089489692,-103.43063277651657
3,-1,5,475/4121,STABLE,NONZERO_FIXED_POINT,-1.4358649199557405,-9.833579367691087,-93.34308080394482,-94.28138980884455
3,-1,6,141/1033,STABLE,NONZERO_FIXED_POINT,-1.3629762853574796,-9.091780449882613,-86.06620803976674,-86.93108924863094
3,-1,7,651/4145,STABLE,NONZERO_FIXED_POINT,-1.3025771157283224,-8.475305637026622,-80.0262812632638,-80.83022480958192
3,-1,8,23/130,STABLE,NONZERO_FIXED_POINT,-1.2513869117519807,-7.95133856097096,-74.89851952361244,-75.65073503990166
3,-1,9,819/4177,STABLE,NONZERO_FIXED_POINT,-1.2072891298051243,-7.4987025914523,-70.47337366936017,-71.18095424286486
3,-1,10,225/1049,STABLE,NONZERO_FIXED_POINT,-1.1688380236489948,-7.102929228914043,-66.60770365439745,-67.27629662447967
3,-1,11,979/4217,STABLE,NONZERO_FIXED_POINT,-1.1350017981110323,-6.753689621735504,-63.19935073579245,-63.833571645004156
3,-1,12,66/265,STABLE,NONZERO_FIXED_POINT,-1.1050180023242655,-6.443348483456141,-60.172821392080294,-60.776523330475186
3,-1,13,1131/4265,STABLE,NONZERO_FIXED_POINT,-1.0783070108603052,-6.166098893461779,-57.470721946694255,-58.0471783772723
3,-1,14,301/1073,STABLE,NONZERO_FIXED_POINT,-1.05441766594946,-5.917418713243535,-55.048377142183824,-55.60041036855591
3,-1,15,1275/4321,STABLE,NONZERO_FIXED_POINT,-1.032991724969385,-5.69371506013065,-52.87031043871326,-53.40038452025453
3,-1,16,21/68,STABLE,NONZERO_FIXED_POINT,-1.0137398114143288,-5.492083820475777,-50.907863159406645,-51.41815277737899
3,-1,17,1411/4385,STABLE,NONZERO_FIXED_POINT,-0.9964246751682779,-5.310142260059472,-49.13753725865928,-49.62997984260693
3,-1,18,369/1105,STABLE,NONZERO_FIXED_POINT,-0.980849250221544,-5.145909612294226,-47.53981303888003,-48.01614895074209
3,-1,19,1539/4457,STABLE,NONZERO_FIXED_POINT,-0.966847950703265,-4.997720051831536,-46.09828746172002,-46.56009147597473
3,-1,20,100/281,STABLE,NONZERO_FIXED_POINT,-0.9542802069769465,-4.8641580697258675,-44.799034226465864,-45.24774054637098
3,-1,21,1659/4537,STABLE,NONZERO_FIXED_POINT,-0.943025585049245,-4.744009681291914,-43.630120597119856,-44.06704299036147
3,-1,22,429/1145,STABLE,NONZERO_FIXED_POINT,-0.9329800467193827,-4.6362250396731,-42.58123716324167,-43.007585357732864
3,-1,23,1771/4625,STABLE,NONZERO_FIXED_POINT,-0.9240530457853957,-4.539889407285301,-41.64341037066907,-42.06030354655405
3,-1,24,57/146,STABLE,NONZERO_FIXED_POINT,-0.9161652464972114,-4.45420034639654,-40.80877665474347,-41.217254654855395
3,-1,25,1875/4721,STABLE,NONZERO_FIXED_POINT,-0.9092467116055936,-4.37844960210851,-40.07040306345516,-40.471435791822614
3,-1,26,481/1193,STABLE,NONZERO_FIXED_POINT,-0.9032354493050434,-4.3120085709034655,-39.42214341088777,-39.81663877818431
3,-1,27,1971/4825,STABLE,NONZERO_FIXED_POINT,-0.8980762376410656,-4.254316540995966,-38.85852189932871,-39.247332592729094
3,-1,28,126/305,STABLE,NONZERO_FIXED_POINT,-0.8937196657022533,-4.204871098486798,-38.374638202685645,-38.75856749691485
3,-1,29,2059/4937,STABLE,NONZERO_FIXED_POINT,-0.8901213458399226,-4.163220242680424,-37.96608948116989,-38.34589626177137
3,-1,30,525/1249,STABLE,NONZERO_FIXED_POINT,-0.8872412620324024,-4.128955862692081,-37.628905873788256,-38.005309008756456
3,-1,31,2139/5057,STABLE,NONZERO_FIXED_POINT,-0.8850432275332789,-4.101708307606202,-37.359496809396774,-37.73317897845777
3,-1,32,17/40,STABLE,NONZERO_FIXED_POINT,-0.8834944309285628,-4.081141842132794,-37.15460606966215,-37.526217139611845
3,-1,33,2211/5185,STABLE,NONZERO_FIXED_POINT,-0.8825650542412848,-4.066950824618914,-37.01127398412859,-37.38143400227494
3,-1,34,561/1313,STABLE,NONZERO_FIXED_POINT,-0.8822279501592085,-4.0588564783980985,-36.926805477882965,-37.296107342716255
3,-1,35,2275/5321,STABLE,NONZERO_FIXED_POINT,-0.8824583681033431,-4.056604153640876,-36.89874295386852,-37.26775481180016
3,-1,36,144/337,STABLE,NONZERO_FIXED_POINT,-0.8832337209032568,-4.059960997147009,-36.92484319469588,-37.29411060347195
3,-1,37,2331/5465,STABLE,NONZERO_FIXED_POINT,-0.8845333854465558,-4.068713963375494,-37.0030576273399,-37.373105520105014
3,-1,38,589/1385,STABLE,NONZERO_FIXED_POINT,-0.8863385319317949,-4.082668112524338,-37.13151541903733,-37.50284989765066
3,-1,39,2379/5617,STABLE,NONZERO_FIXED_POINT,-0.8886319773557254,-4.101645151445631,-37.30850897187844,-37.681618953717305
3,-1,40,75/178,STABLE,NONZERO_FIXED_POINT,-0.8913980596672264,-4.125482181201512,-37.53248146291617,-37.90784020183335
3,-1,41,2419/5777,STABLE,NONZERO_FIXED_POINT,-0.8946225296655967,-4.154030621571849,-37.80201614052629,-38.1800826397058
3,-1,42,609/1465,STABLE,NONZERO_FIXED_POINT,-0.8982924582450522,-4.187155288144247,-38.11582713962184,-38.49704747167908
3,-1,43,2451/5945,STABLE,NONZERO_FIXED_POINT,-0.9023961570155272,-4.2247336020003345,-38.47275162074442,-38.85756016844704
3,-1,44,154/377,STABLE,NONZERO_FIXED_POINT,-0.9069231106831355,-4.266654915649127,-38.87174307301896,-39.26056370238828
3,-1,45,2475/6121,STABLE,NONZERO_FIXED_POINT,-0.9118639198674412,-4.312819941896969,-39.311865650037134,-39.70511282626677
3,-1,46,621/1553,STABLE,NONZERO_FIXED_POINT,-0.9172102532791522,-4.363140274900857,-39.79228943215014,-40.19036928770208
3,-1,47,2491/6305,STABLE,NONZERO_FIXED_POINT,-0.9229548083914523,-4.417537994821011,-40.31228652938648,-40.715597892759035
3,-1,48,39/100,STABLE,NONZERO_FIXED_POINT,-0.9290912799183646,-4.475945349347143,-40.87122795705375,-41.280163350027266
3,-1,49,2499/6497,STABLE,NONZERO_FIXED_POINT,-0.9356143355710227,-4.538304506985455,-41.46858123167095,-41.883527842309945
3,-1,50,625/1649,STABLE,NONZERO_FIXED_POINT,-0.9425195987028872,-4.604567378414323,-42.10390864875711,-42.525249287057534
3,-1,51,2499/6697,STABLE,NONZERO_FIXED_POINT,-0.9498036375824697,-4.674695503495265,-42.776866216613826,-43.204980259423564
3,-1,52,156/425,STABLE,NONZERO_FIXED_POINT,-0.957463961150701,-4.748660002704767,-43.48720323199262,-43.92246756368843
3,-1,53,2491/6905,STABLE,NONZERO_FIXED_POINT,-0.9654990212338177,-4.826441592870687,-44.23476249477892,-44.677552450157066
3,-1,54,621/1753,STABLE,NONZERO_FIXED_POINT,-0.9739082212943693,-4.908030668192417,-45.01948116990047,-45.47017148581767
3,-1,55,2475/7121,STABLE,NONZERO_FIXED_POINT,-0.9826919319165341,-4.993427448631564,-45.841392315896144,-46.30035809839637
3,-1,56,77/226,STABLE,NONZERO_FIXED_POINT,-0.9918515133402224,-5.082642198917114,-46.70062711130322,-47.16824482527812
3,-1,57,2451/7345,STABLE,NONZERO_FIXED_POINT,-1.0013893454855456,-5.175695522652099,-47.59741782259118,-48.074066311465344
3,-1,58,609/1865,STABLE,NONZERO_FIXED_POINT,-1.0113088660486866,-5.272618737381173,-48.53210157118349,-49.01816311469531
3,-1,59,2419/7577,STABLE,NONZERO_FIXED_POINT,-1.021614617406943,-5.373454338023947,-49.50512497261917,-50.00098639150673
3,-1,60,150/481,STABLE,NONZERO_FIXED_POINT,-1.0323123032498671,-5.478256557854905,-50.51704973864227,-51.023103555960375
3,-1,61,2379/7817,STABLE,NONZERO_FIXED_POINT,-1.0434088560616566,-5.587092038278541,-51.56855935361756,-52.08520502353741
3,-1,62,589/1985,STABLE,NONZERO_FIXED_POINT,-1.0549125168248956,-5.700040621090352,-52.66046696092923,-53.18811217724124
3,-1,63,2331/8065,STABLE,NONZERO_FIXED_POINT,-1.066832928607763,-5.817196279825708,-53.793724623910464,-54.33278672211486
3,-1,64,9/32,STABLE,NONZERO_FIXED_POINT,-1.079181246047625,-5.938668210305156,-54.96943416059767,-55.52034162947825
3,-1,65,2275/8321,STABLE,NONZERO_FIXED_POINT,-1.0919702631698556,-6.064582104741575,-56.188859793757956,-56.752053914774876
3,-1,66,561/2113,STABLE,NONZERO_FIXED_POINT,-1.1052145625016507,-6.195081638983822,-57.45344290921054,-58.02937954500669
3,-1,67,2211/8585,STABLE,NONZERO_FIXED_POINT,-1.1189306890825819,-6.330330208893898,-58.764819279022845,-59.353970835941084
3,-1,68,136/545,STABLE,NONZERO_FIXED_POINT,-1.133137353771068,-6.470512959829442,-60.1248391850971,-60.72769677900351
3,-1,69,2139/8857,STABLE,NONZERO_FIXED_POINT,-1.1478556712430876,-6.615839163179793,-61.53559097739458,-62.15266683750082
3,-1,70,525/2249,STABLE,NONZERO_FIXED_POINT,-1.163109439336445,-6.766545006473848,-62.99942872546785,-63.63125887749749
3,-1,71,2059/9137,STABLE,NONZERO_FIXED_POINT,-1.1789254679895507,-6.92289687953965,-64.51900477995747,-65.16615205825121
3,-1,72,63/290,STABLE,NONZERO_FIXED_POINT,-1.195333968066091,-7.085195259620235,-66.09730826289379,-66.76036571133909
3,-1,73,1971/9425,STABLE,NONZERO_FIXED_POINT,-1.2123690129921076,-7.253779324705626,-67.73771076653463,-68.41730550113306
3,-1,74,481/2393,STABLE,NONZERO_FIXED_POINT,-1.2300690895621589,-7.429032458642652,-69.4440208800458,-70.14081850228547
3,-1,75,1875/9721,STABLE,NONZERO_FIXED_POINT,-1.2484777587770317,-7.611388856644979,-71.22054960940818,-71.93525928047472
3,-1,76,114/617,STABLE,NONZERO_FIXED_POINT,-1.2676444535530003,-7.801341499601328,-73.07218934771302,-73.80556966040982
3,-1,77,1771/10025,STABLE,NONZERO_FIXED_POINT,-1.2876254481563354,-7.999451845718198,-75.00450984635779,-75.75737566645995
3,-1,78,429/2545,STABLE,NONZERO_FIXED_POINT,-1.3084850450823051,-8.20636169668888,-77.02387571334702,-77.79710620783504
3,-1,79,1659/10337,STABLE,NONZERO_FIXED_POINT,-1.3302970400110965,-8.422807844713248,-79.13759144130734,-79.93213957155649
3,-1,80,25/164,STABLE,NONZERO_FIXED_POINT,-1.3531465462139796,-8.649640314101255,-81.35408202117364,-82.17098586054931
3,-1,81,1539/10657,STABLE,NONZERO_FIXED_POINT,-1.377132289046262,-8.88784530382577,-83.68312009456093,-84.52351644050702
3,-1,82,369/2705,STABLE,NONZERO_FIXED_POINT,-1.4023695231034967,-9.138574356788958,-86.13611474989096,-87.0012556531745
3,-1,83,1411/10985,STABLE,NONZERO_FIXED_POINT,-1.4289937857679007,-9.403181893071796,-88.72648312124124,-89.61775616874343
3,-1,84,84/697,STABLE,NONZERO_FIXED_POINT,-1.4571657917373502,-9.68327415308925,-91.47013494455581,-92.38908843659192
3,-1,85,1275/11321,STABLE,NONZERO_FIXED_POINT,-1.4870779110106955,-9.980773975387812,-94.38611387611519,-95.33448848173992
3,-1,86,301/2873,STABLE,NONZERO_FIXED_POINT,-1.5189628869733056,-10.298007975523646,-97.49746058101675,-98.47722971141485
3,-1,87,1131/11665,STABLE,NONZERO_FIXED_POINT,-1.5531057927241925,-10.637826107432765,-100.83239640764543,-101.84581854584968
3,-1,88,33/370,STABLE,NONZERO_FIXED_POINT,-1.5898607846558583,-11.00376919740382,-104.42598199024675,-105.47566977443583
3,-1,89,979/12017,STABLE,NONZERO_FIXED_POINT,-1.629675165027587,-11.400309568058283,-108.32249944192404,-109.41151281129328
3,-1,90,225/3049,STABLE,NONZERO_FIXED_POINT,-1.6731249475870813,-11.833206692885554,-112.57897334949504,-113.71094825574906
3,-1,91,819/12377,STABLE,NONZERO_FIXED_POINT,-1.72096922790616,-12.310050897987672,-117.27055343510943,-118.44988492429053
3,-1,92,46/785,STABLE,NONZERO_FIXED_POINT,-1.7742367141279516,-12.841128668006135,-122.49908109867371,-123.73119292373738
3,-1,93,651/12745,STABLE,NONZERO_FIXED_POINT,-1.8343703448137916,-13.440868823110783,-128.40740658321226,-129.6991654344493
3,-1,94,141/3233,STABLE,NONZERO_FIXED_POINT,-1.9034841454402445,-14.130411082552278,-135.20481776665196,-136.56520435860816
3,-1,95,475/13121,STABLE,NONZERO_FIXED_POINT,-1.9848563958709633,-14.942537738023496,-143.21586374017767,-144.65713706604453
3,-1,96,3/104,STABLE,NONZERO_FIXED_POINT,-2.0839801289293938,-15.93217863808758,-152.98435416562904,-154.5242662502082
3,-1,97,291/13505,STABLE,NONZERO_FIXED_POINT,-2.2111540772698035,-17.20232065564513,-165.52986301448817,-167.19646461402573
3,-1,98,49/3425,STABLE,NONZERO_FIXED_POINT,-2.389500867155384,-18.984189624525946,-183.14152975071977,-184.98599424651974
3,-1,99,99/13897,STABLE,NONZERO_FIXED_POINT,-2.692805589339443,-22.01563604716347,-213.12407784687127,-215.2713637097893
3,-1,100,0,STABLE,NONZERO_FIXED_POINT,,,,
3,0,1,33/2731,STABLE,NONZERO_FIXED_POINT,-2.4132003110342337,-19.66826036632863,-190.35315102963293,-192.27095878989476
3,0,2,49/2049,STABLE,NONZERO_FIXED_POINT,-2.1172802813449945,-16.69915556013038,-160.99893873529902,-162.62028461367169
3,0,3,291/8201,STABLE,NONZERO_FIXED_POINT,-1.9464494028771622,-14.981128204303744,-144.0287984433233,-145.47877226623365
3,0,4,8/171,STABLE,NONZERO_FIXED_POINT,-1.8269222068368123,-13.776321469021731,-132.13796645164047,-133.4678725750407
3,0,5,475/8217,STABLE,NONZERO_FIXED_POINT,-1.7355755924047749,-12.853502163141151,-123.03725344718072,-124.27527312452946
3,0,6,141/2057,STABLE,NONZERO_FIXED_POINT,-1.6621102555325837,-12.109675021924424,-115.70702595642703,-116.87104113546638
3,0,7,217/2747,STABLE,NONZERO_FIXED_POINT,-1.6010324949822543,-11.489900767547127,-109.60340514346211,-110.70580406903412
3,0,8,23/258,STABLE,NONZERO_FIXED_POINT,-1.5490632654083747,-10.961386640354178,-104.40176306552954,-105.45165493547515
3,0,9,819/8273,STABLE,NONZERO_FIXED_POINT,-1.5040876788673785,-10.502981414691767,-99.89272332318967,-100.89710244575662
3,0,10,75/691,STABLE,NONZERO_FIXED_POINT,-1.464661837549297,-10.100243727246578,-95.93333750178613,-96.89775428576863
3,0,11,979/8313,STABLE,NONZERO_FIXED_POINT,-1.429755977598063,-9.742873516531255,-92.42165641094005,-93.35063149963884
3,0,12,66/521,STABLE,NONZERO_FIXED_POINT,-1.3986098516869818,-9.423265850160796,-89.28241296104667,-90.17970674880434
3,0,13,377/2787,STABLE,NONZERO_FIXED_POINT,-1.3706461987897303,-9.13564562430227,-86.45845567234556,-87.3272512908531
3,0,14,301/2097,STABLE,NONZERO_FIXED_POINT,-1.3454163744488525,-8.875523868297101,-83.90536607344137,-84.74839800831285
3,0,15,1275/8417,STABLE,NONZERO_FIXED_POINT,-1.3225647858340537,-8.639342097358025,-81.58793777418953,-82.40758491659545
3,0,16,7/44,STABLE,NONZERO_FIXED_POINT,-1.3018048299139426,-8.42423169655752,-79.4777943469678,-80.27614898343971
3,0,17,1411/8481,STABLE,NONZERO_FIXED_POINT,-1.2829021406754002,-8.227846395428976,-77.55173080379501,-78.33065085324978
3,0,18,369/2129,STABLE,NONZERO_FIXED_POINT,-1.2656626336387369,-8.048242715643113,-75.79053000584827,-76.55167930112754
3,0,19,513/2851,STABLE,NONZERO_FIXED_POINT,-1.2499237886462122,-7.883792801515405,-74.1780996621365,-74.92297951433414
3,0,20,100/537,STABLE,NONZERO_FIXED_POINT,-1.2355481727714235,-7.733119651800294,-72.70083110021264,-73.43080538591218
3,0,21,1659/8633,STABLE,NONZERO_FIXED_POINT,-1.2224185466943869,-7.595048186201822,-71.34711480005006,-72.0634301549369
3,0,22,143/723,STABLE,NONZERO_FIXED_POINT,-1.2104341120576692,-7.468567721735049,-70.10696888507783,-70.8107711449073
3,0,23,1771/8721,STABLE,NONZERO_FIXED_POINT,-1.1995075952004335,-7.352802812889642,-68.97175041465664,-69.66409813995665
3,0,24,57/274,STABLE,NONZERO_FIXED_POINT,-1.1895629535331622,-7.246990318205533,-67.93392831798437,-68.61580402513226
3,0,25,625/2939,STABLE,NONZERO_FIXED_POINT,-1.1805335519666116,-7.15046116738052,-66.98690286336745,-67.65922243209599
3,0,26,481/2217,STABLE,NONZERO_FIXED_POINT,-1.1723606987491877,-7.062625722436152,-66.12486070890009,-66.78848132564082
3,0,27,1971/8921,STABLE,NONZERO_FIXED_POINT,-1.1649924593306338,-6.982961919107744,-65.34265747771764,-65.99838439280762
3,0,28,42/187,STABLE,NONZERO_FIXED_POINT,-1.1583826876116277,-6.911005582041682,-64.63572185440697,-65.28431417054557
3,0,29,2059/9033,STABLE,NONZERO_FIXED_POINT,-1.1524902288528125,-6.846342456524809,-63.999976675645144,-64.64215233925955
3,0,30,525/2273,STABLE,NONZERO_FIXED_POINT,-1.1472782593832385,-6.788601608136034,-63.43177356391254,-64.06821369623157
3,0,31,713/3051,STABLE,NONZERO_FIXED_POINT,-1.1427137362628024,-6.737449921858499,-62.92783844657845,-63.55919112436891
3,0,32,17/72,STABLE,NONZERO_FIXED_POINT,-1.1387669360318693,-6.692587491976944,-62.485225894531425,-63.112109469584425
3,0,33,2211/9281,STABLE,NONZERO_FIXED_POINT,-1.135411066188114,-6.653743739155942,-62.10128066071917,-62.724286690812335
3,0,34,187/779,STABLE,NONZERO_FIXED_POINT,-1.1326219364619554,-6.620674125407817,-61.77360513864991,-62.39330098978593
3,0,35,2275/9417,STABLE,NONZERO_FIXED_POINT,-1.1303776795983254,-6.593157364024613,-61.50003172192311,-62.116962891349715
3,0,36,144/593,STABLE,NONZERO_FIXED_POINT,-1.1286585133961795,-6.5709930419850835,-61.27859924817068,-61.893291449439744
3,0,37,777/3187,STABLE,NONZERO_FIXED_POINT,-1.1274465373542277,-6.553999588319996,-61.107532868908265,-61.72049391358104
3,0,38,589/2409,STABLE,NONZERO_FIXED_POINT,-1.126725558529671,-6.542012534501488,-60.98522681136143,-61.59694831657271
3,0,39,2379/9713,STABLE,NONZERO_FIXED_POINT,-1.1264809422153768,-6.534883022910236,-60.9102295972105,-61.521188543909034
3,0,40,25/102,STABLE,NONZERO_FIXED_POINT,-1.1266994838399125,-6.532476527423071,-60.8812313622781,-61.491891525367976
3,0,41,2419/9873,STABLE,NONZERO_FIXED_POINT,-1.1273692991382198,-6.534671756599735,-60.897052984906736,-61.507866253558916
3,0,42,609/2489,STABLE,NONZERO_FIXED_POINT,-1.1284797301635177,-6.541359715173108,-60.95663678249787,-61.56804438647356
3,0,43,817/3347,STABLE,NONZERO_FIXED_POINT,-1.1300212651382555,-6.552442903822374,-61.05903857800831,-61.6714722338337
3,0,44,154/633,STABLE,NONZERO_FIXED_POINT,-1.1319854704946986,-6.567834640735093,-61.20342097311075,-61.81730396229162
3,0,45,2475/10217,STABLE,NONZERO_FIXED_POINT,-1.1343649337492678,-6.587458491400248,-61.38904769378502,-62.00479588389646
3,0,46,207/859,STABLE,NONZERO_FIXED_POINT,-1.137153216101499,-6.611247795542283,-61.61527889854116,-62.233301716915435
3,0,47,2491/10401,STABLE,NONZERO_FIXED_POINT,-1.140344813858409,-6.639145282205796,-61.881567360255644,-62.50226872909519
3,0,48,39/164,STABLE,NONZERO_FIXED_POINT,-1.1439351279660626,-6.67110276581036,-62.18745545051573,-62.81123469153695
3,0,49,833/3531,STABLE,NONZERO_FIXED_POINT,-1.147920441088413,-6.707080917579262,-62.532572871049865,-63.15982558720617
3,0,50,625/2673,STABLE,NONZERO_FIXED_POINT,-1.1522979018149044,-6.747049108159345,-62.916635090808256,-63.547754032220666
3,0,51,2499/10793,STABLE,NONZERO_FIXED_POINT,-1.1570655157069147,-6.790985318535938,-63.33944245999777,-63.97481838093199
3,0,52,52/227,STABLE,NONZERO_FIXED_POINT,-1.1622221430131745,-6.838876117548125,-63.800879984260945,-64.44090249781928
3,0,53,2491/11001,STABLE,NONZERO_FIXED_POINT,-1.1677675029994319,-6.89071670545983,-64.30091775357681,-64.94597619072056
3,0,54,621/2777,STABLE,NONZERO_FIXED_POINT,-1.173702184950832,-6.946511024176537,-64.8396120316853,-65.49009631125898
3,0,55,825/3739,STABLE,NONZERO_FIXED_POINT,-1.1800276660206173,-7.006271935846755,-65.41710702321927,-66.07340853982356
3,0,56,77/354,STABLE,NONZERO_FIXED_POINT,-1.186746336218608,-7.070021472787772,-66.03363734760416,-66.69614988445747
3,0,57,2451/11441,STABLE,NONZERO_FIXED_POINT,-1.193861530961522,-7.137791162960028,-66.68953126151007,-67.35865193586022
3,0,58,203/963,STABLE,NONZERO_FIXED_POINT,-1.2013775717481767,-7.209622436625558,-67.38521468560668,-68.06134493481801
3,0,59,2419/11673,STABLE,NONZERO_FIXED_POINT,-1.209299815680918,-7.285567121407276,-68.12121610703048,-68.80476272419202
3,0,60,150/737,STABLE,NONZERO_FIXED_POINT,-1.2176347147350874,-7.365688034772575,-68.89817244685614,-69.58954867565953
3,0,61,793/3971,STABLE,NONZERO_FIXED_POINT,-1.226389885888084,-7.45005968505987,-69.71683600261184,-70.4164627023581
3,0,62,589/3009,STABLE,NONZERO_FIXED_POINT,-1.235574193465844,-7.538769094631213,-70.57808260027298,-71.28638949322595
3,0,63,2331/12161,STABLE,NONZERO_FIXED_POINT,-1.2451978453577688,-7.631916761664613,-71.48292111918738,-72.20034813414179
3,0,64,3/16,STABLE,NONZERO_FIXED_POINT,-1.255272505103306,-7.729617780621789,-72.4325045882493,-73.15950331618556
3,0,65,2275/12417,STABLE,NONZERO_FIXED_POINT,-1.2658114222802546,-7.832003145696426,-73.42814309391287,-74.16517837404018
3,0,66,561/3137,STABLE,NONZERO_FIXED_POINT,-1.2768295841470803,-7.93922126676793,-74.47131879231108,-75.21887044975273
3,0,67,737/4227,STABLE,NONZERO_FIXED_POINT,-1.2883438921343267,-8.051439733815947,-75.56370338140891,-76.32226814137886
3,0,68,136/801,STABLE,NONZERO_FIXED_POINT,-1.300373367578664,-8.168847373733222,-76.70717846814566,-77.47727207585967
3,0,69,2139/12953,STABLE,NONZERO_FIXED_POINT,-1.3129393920911205,-8.291656653455966,-77.90385936434024,-78.6860189452945
3,0,70,175/1091,STABLE,NONZERO_FIXED_POINT,-1.326065989208816,-8.420106495906673,-79.15612296963437,-79.95090967153644
3,0,71,2059/13233,STABLE,NONZERO_FIXED_POINT,-1.339780155575852,-8.554465591209627,-80.46664055780917,-81.27464252368924
3,0,72,63/418,STABLE,NONZERO_FIXED_POINT,-1.3541122519421709,-8.695036306068758,-81.83841648505839,-82.66025221737982
3,0,73,657/4507,STABLE,NONZERO_FIXED_POINT,-1.3690964669049173,-8.842159320555943,-83.2748340997561,-84.11115628826724
3,0,74,481/3417,STABLE,NONZERO_FIXED_POINT,-1.384771369747483,-8.996219155863713,-84.77971047288264,-85.63121037530766
3,0,75,1875/13817,STABLE,NONZERO_FIXED_POINT,-1.4011805732377987,-9.157650801639761,-86.35736201440392,-87.22477449993124
3,0,76,38/291,STABLE,NONZERO_FIXED_POINT,-1.4183735332253278,-9.326947711300221,-88.01268363271527,-88.8967930250844
3,0,77,1771/14121,STABLE,NONZERO_FIXED_POINT,-1.436406519890376,-9.504671513859236,-89.75124488765715,-90.6528917794933
3,0,78,429/3569,STABLE,NONZERO_FIXED_POINT,-1.455343806365189,-9.69146389947128,-91.57940766333115,-92.49949691910211
3,0,79,553/4811,STABLE,NONZERO_FIXED_POINT,-1.4752591353597886,-9.888061285017798,-93.50447136338539,-94.44398158898326
3,0,80,25/228,STABLE,NONZERO_FIXED_POINT,-1.4962375451667356,-10.095313073480781,-95.53485368480804,-96.49484852313645
3,0,81,1539/14753,STABLE,NONZERO_FIXED_POINT,-1.5183776656823618,-10.314204613480847,-97.68031792335307,-98.66195964593527
3,0,82,123/1243,STABLE,NONZERO_FIXED_POINT,-1.5417946370222158,-10.545886384757978,-99.95226191579306,-100.95682793299534
3,0,83,1411/15081,STABLE,NONZERO_FIXED_POINT,-1.5666238644591086,-10.791711546880407,-102.36408977811215,-103.39299290430552
3,0,84,84/953,STABLE,NONZERO_FIXED_POINT,-1.5930259142776686,-11.053284897121614,-104.93169659443623,-105.98651020901269
3,0,85,425/5139,STABLE,NONZERO_FIXED_POINT,-1.6211929930208377,-11.332527662260794,-107.6741098617693,-108.75659954940414
3,0,86,301/3897,STABLE,NONZERO_FIXED_POINT,-1.6513576667740502,-11.631764690765195,-110.6143526984655,-111.72651660866433
3,0,87,1131/15761,STABLE,NONZERO_FIXED_POINT,-1.6838048186301986,-11.953844026786342,-113.78062763260641,-114.9247487967167
3,0,88,11/166,STABLE,NONZERO_FIXED_POINT,-1.718888403348581,-12.302304456102572,-117.20797531258607,-118.3866907154679
3,0,89,979/16113,STABLE,NONZERO_FIXED_POINT,-1.757055510950389,-12.681616141434446,-120.94065680242488,-122.15705051771693
3,0,90,225/4073,STABLE,NONZERO_FIXED_POINT,-1.7988819333076984,-13.09753628770327,-125.03567467344593,-126.29340656542055
3,0,91,273/5491,STABLE,NONZERO_FIXED_POINT,-1.8451265353936463,-13.557652853909829,-129.56815575741712,-130.87164455408572
3,0,92,46/1041,STABLE,NONZERO_FIXED_POINT,-1.8968177868932354,-14.07224986862866,-134.6399177754063,-135.99461067323526
3,0,93,651/16841,STABLE,NONZERO_FIXED_POINT,-1.9553983808649917,-14.655753616020249,-140.39378658467848,-141.80657347196671
3,0,94,47/1419,STABLE,NONZERO_FIXED_POINT,-2.022982091005825,-15.329301207885216,-147.03902504732153,-148.5189095848433
3,0,95,475/17217,STABLE,NONZERO_FIXED_POINT,-2.102846939845815,-16.125672265027866,-154.900156680944,-156.45942055078575
3,0,96,3/136,STABLE,NONZERO_FIXED_POINT,-2.200485698000831,-17.099793909208607,-164.520965084108,-166.1773827377586
3,0,97,97/5867,STABLE,NONZERO_FIXED_POINT,-2.326196831682328,-18.354650237679074,-176.92099773923678,-178.70264209318688
3,0,98,49/4449,STABLE,NONZERO_FIXED_POINT,-2.5031026970749863,-20.121464266406072,-194.3893672554443,-196.34743358116384
3,0,99,99/17993,STABLE,NONZERO_FIXED_POINT,-2.804988111779931,-23.13808364396307,-224.23076994087427,-226.4902383262328
3,0,100,0,STABLE,NONZERO_FIXED_POINT,,,,
3,1,1,99/16385,STABLE,NONZERO_FIXED_POINT,-2.714203801893233,-22.680892177809064,-220.15509352756428,-222.37390477868507
3,1,2,49/4097,STABLE,NONZERO_FIXED_POINT,-2.418204286896941,-19.713482861211467,-190.79550253050343,-192.71777241442805
3,1,3,3/169,STABLE,NONZERO_FIXED_POINT,-2.2472410298608416,-17.996517137785688,-173.8146421783527,-175.5654076282467
3,1,4,24/1025,STABLE,NONZERO_FIXED_POINT,-2.1275287071167686,-16.792141285765656,-161.90776479330054,-163.5382774169807
3,1,5,475/16409,STABLE,NONZERO_FIXED_POINT,-2.035944420444327,-15.86912581886721,-152.78570279842666,-154.32409130381495
3,1,6,141/4105,STABLE,NONZERO_FIXED_POINT,-1.962189125293321,-15.124479768833012,-145.42885011204012,-146.89294416084016
3,1,7,651/16433,STABLE,NONZERO_FIXED_POINT,-1.9007694360915544,-14.50326873885993,-139.29336087349844,-140.6954967401798
3,1,8,23/514,STABLE,NONZERO_FIXED_POINT,-1.8484066784404192,-13.972705425931771,-134.05464561094556,-135.40388089392323
3,1,9,819/16465,STABLE,NONZERO_FIXED_POINT,-1.8029863895879288,-13.511644625952357,-129.50337178854062,-130.80664962182811
3,1,10,225/4121,STABLE,NONZERO_FIXED_POINT,-1.7630651499800258,-13.105651549686456,-125.49664013046365,-126.75946022687688
3,1,11,979/16505,STABLE,NONZERO_FIXED_POINT,-1.7276137257624988,-12.744433248230209,-121.93255572905457,-123.15938856591777
3,1,12,66/1033,STABLE,NONZERO_FIXED_POINT,-1.6958724499070774,-12.420392424745025,-118.7359107767654,-119.93046716274318
3,1,13,1131/16553,STABLE,NONZERO_FIXED_POINT,-1.6672646904095192,-12.12776211693231,-115.84961791826305,-117.01503202839035
3,1,14,301/4145,STABLE,NONZERO_FIXED_POINT,-1.6413424788698023,-11.86206198334812,-113.22932748037778,-114.36828551967022
3,1,15,75/977,STABLE,NONZERO_FIXED_POINT,-1.6177509437551993,-11.619742636564375,-110.83990636567688,-111.95473966600397
3,1,16,21/260,STABLE,NONZERO_FIXED_POINT,-1.5962042466789104,-11.397945006501466,-108.65305574459046,-109.7458097978274
3,1,17,1411/16673,STABLE,NONZERO_FIXED_POINT,-1.5764688276375765,-11.194332793364644,-106.64565233448667,-107.71813907090365
3,1,18,369/4177,STABLE,NONZERO_FIXED_POINT,-1.558351447465535,-11.006972892760452,-104.79856460321213,-105.85240271231822
3,1,19,1539/16745,STABLE,NONZERO_FIXED_POINT,-1.541690468492975,-10.834248202864046,-103.09578955483448,-104.1324360868789
3,1,20,100/1049,STABLE,NONZERO_FIXED_POINT,-1.5263493752654256,-10.674792832209555,-101.5238112814624,-102.54458676965598
3,1,21,1659/16825,STABLE,NONZERO_FIXED_POINT,-1.5122118786792438,-10.527443141649321,-100.07111627326316,-101.07722496013486
3,1,22,429/4217,STABLE,NONZERO_FIXED_POINT,-1.4991781610583388,-10.391200195732168,-98.72782168166458,-99.72036799049471
3,1,23,1771/16913,STABLE,NONZERO_FIXED_POINT,-1.487161957578767,-10.265200577566333,-97.48538638100604,-98.46538846868441
3,1,24,57/530,STABLE,NONZERO_FIXED_POINT,-1.4760882603135634,-10.148693429888723,-96.33638366959426,-97.30478468352254
3,1,25,1875/17009,STABLE,NONZERO_FIXED_POINT,-1.4658914923208126,-10.041022196569457,-95.27432050504433,-96.23199801412699
3,1,26,481/4265,STABLE,NONZERO_FIXED_POINT,-1.4565140411382416,-9.941609958182958,-94.29349232086668,-95.24126627999641
3,1,27,1971/17113,STABLE,NONZERO_FIXED_POINT,-1.447905070311112,-9.849947547912173,-93.38886536835099,-94.3275048944214
3,1,28,126/1073,STABLE,NONZERO_FIXED_POINT,-1.440019548321418,-9.76558384146476,-92.55598058117965,-93.48620975802808
3,1,29,2059/17225,STABLE,NONZERO_FIXED_POINT,-1.432817449200055,-9.688117763816358,-91.7908744366502,-92.71337732061181
3,1,30,525/4321,STABLE,NONZERO_FIXED_POINT,-1.4262630899694972,-9.617191664255543,-91.09001336311701,-92.00543832602233
3,1,31,2139/17345,STABLE,NONZERO_FIXED_POINT,-1.4203245780788123,-9.552485791347316,-90.4502390366689,-91.35920255627542
3,1,32,1/8,STABLE,NONZERO_FIXED_POINT,-1.4149733479708182,-9.493713659212169,-89.8687225018822,-90.77181248887415
3,1,33,2211/17473,STABLE,NONZERO_FIXED_POINT,-1.410183770427663,-9.440618141582519,-89.34292549763171,-90.24070423196446
3,1,34,561/4385,STABLE,NONZERO_FIXED_POINT,-1.4059328217717884,-9.392968164405204,-88.87056770857697,-89.76357444502287
3,1,35,2275/17609,STABLE,NONZERO_FIXED_POINT,-1.4021998026352058,-9.35055589411833,-88.44959892390193,-89.33835221636542
3,1,36,144/1105,STABLE,NONZERO_FIXED_POINT,-1.3989660980530454,-9.313194339161065,-88.07817528714816,-88.96317507307401
3,1,37,2331/17753,STABLE,NONZERO_FIXED_POINT,-1.3962149722339348,-9.280715298241589,-87.75463897904478,-88.6363684585973
3,1,38,589/4457,STABLE,NONZERO_FIXED_POINT,-1.3939313926175032,-9.252967601464952,-87.47750079975214,-88.35642813905116
3,1,39,2379/17905,STABLE,NONZERO_FIXED_POINT,-1.3921018788275052,-9.229815600405281,-87.24542521575938,-88.12200509907001
3,1,40,75/562,STABLE,NONZERO_FIXED_POINT,-1.390714372927393,-9.211137871189877,-87.05721751571136,-87.93189256788872
3,1,41,2419/18065,STABLE,NONZERO_FIXED_POINT,-1.389758128028225,-9.196826101093905,-86.911812783107,-87.78501488064916
3,1,42,609/4537,STABLE,NONZERO_FIXED_POINT,-1.38922361282094,-9.186784134364927,-86.80826644549285,-87.68041793212598
3,1,43,2451/18233,STABLE,NONZERO_FIXED_POINT,-1.389102430031956,-9.180927157266503,-86.7457462020518,-87.61726102277083
3,1,44,154/1145,STABLE,NONZERO_FIXED_POINT,-1.3893872471532491,-9.17918100585257,-86.7235251663549,-87.59480993219435
3,1,45,2475/18409,STABLE,NONZERO_FIXED_POINT,-1.3900717380913132,-9.181481582915303,-86.74097609006196,-87.61243108451544
3,1,46,621/4625,STABLE,NONZERO_FIXED_POINT,-1.3911505346256456,-9.187774373013475,-86.79756655775395,-87.66958669465242
3,1,47,2491/18593,STABLE,NONZERO_FIXED_POINT,-1.3926191867770719,-9.198014046583708,-86.89285506382333,-87.76583080558152
3,1,48,39/292,STABLE,NONZERO_FIXED_POINT,-1.394474131366783,-9.212164145943191,-87.02648790022855,-87.90080614465046
3,1,49,147/1105,STABLE,NONZERO_FIXED_POINT,-1.3967126682050548,-9.230196847573552,-87.1981967995714,-88.07424174284438
3,1,50,625/4721,STABLE,NONZERO_FIXED_POINT,-1.3993329434896218,-9.2520927964854,-87.40779729191513,-88.28595127500228
3,1,51,2499/18985,STABLE,NONZERO_FIXED_POINT,-1.402333940122105,-9.277841009747476,-87.65518774647359,-88.53583209182295
3,1,52,156/1193,STABLE,NONZERO_FIXED_POINT,-1.4057154747707301,-9.30743884746277,-87.94034908116743,-88.82386492648334
3,1,53,2491/19193,STABLE,NONZERO_FIXED_POINT,-1.4094782016224094,-9.340892050622088,-88.26334513440946,-89.15011427017623
3,1,54,621/4825,STABLE,NONZERO_FIXED_POINT,-1.4136236228803867,-9.378214846397753,-88.62432370468866,-89.51472942219186
3,1,55,2475/19409,STABLE,NONZERO_FIXED_POINT,-1.4181541061785978,-9.419430122588182,-89.02351827488889,-89.91794623165111
3,1,56,77/610,STABLE,NONZERO_FIXED_POINT,-1.4230729092035883,-9.464569674122622,-89.46125045014344,-90.36008955998173
3,1,57,2451/19633,STABLE,NONZERO_FIXED_POINT,-1.4283842119433707,-9.513674525819553,-89.9379331507393,-90.8415765060713
3,1,58,609/4937,STABLE,NONZERO_FIXED_POINT,-1.4340931571235114,-9.566795337002041,-90.45407461554197,-91.36292045012868
3,1,59,2419/19865,STABLE,NONZERO_FIXED_POINT,-1.4402058995488964,-9.6239928951546,-91.01028328706786,-91.92473598809738
3,1,60,150/1249,STABLE,NONZERO_FIXED_POINT,-1.4467296652501709,-9.68533870761199,-91.60727366720445,-92.52774484652295
3,1,61,2379/20105,STABLE,NONZERO_FIXED_POINT,-1.453672821543467,-9.75091570236578,-92.2458732533292,-93.17278288873086
3,1,62,589/5057,STABLE,NONZERO_FIXED_POINT,-1.4610449593583077,-9.820819051538678,-92.92703068896674,-93.86080834781217
3,1,63,2331/20353,STABLE,NONZERO_FIXED_POINT,-1.4688569894818357,-9.89515713400774,-93.65182529214712,-94.59291145122558
3,1,64,9/80,STABLE,NONZERO_FIXED_POINT,-1.4771212547196626,-9.974052657179588,-94.42147815949215,-95.37032563704477
3,1,65,2275/20609,STABLE,NONZERO_FIXED_POINT,-1.4858516604005558,-10.057643962191051,-95.2373650863338,-96.19444060458142
3,1,66,33/305,STABLE,NONZERO_FIXED_POINT,-1.4950638261743956,-10.14608654202874,-96.1010315948482,-97.06681749431706
3,1,67,2211/20873,STABLE,NONZERO_FIXED_POINT,-1.5047752626957518,-10.239554808492343,-97.0142104258569,-97.98920655638835
3,1,68,136/1313,STABLE,NONZERO_FIXED_POINT,-1.5150055775839055,-10.338244151909429,-97.97884192898019,-98.96356774669943
3,1,69,2139/21145,STABLE,NONZERO_FIXED_POINT,-1.5257767160482096,-10.442373347491987,-98.99709788465032,-99.99209478956169
3,1,70,525/5321,STABLE,NONZERO_FIXED_POINT,-1.5371132428255336,-10.552187374801491,-100.07140941600625,-101.07724337152501
3,1,71,2059/21425,STABLE,NONZERO_FIXED_POINT,-1.5490426736730178,-10.667960732755922,-101.20449980675369,-102.2217642907309
3,1,72,63/674,STABLE,NONZERO_FIXED_POINT,-1.5615958667024543,-10.790001353042058,-102.39942324333688,-103.42874259041861
3,1,73,1971/21713,STABLE,NONZERO_FIXED_POINT,-1.574807486478619,-10.918655241156394,-103.65961076072745,-104.70164396881233
3,1,74,481/5465,STABLE,NONZERO_FIXED_POINT,-1.5887165572344415,-11.05431200860432,-104.98892501077353,-106.04437010068546
3,1,75,1875/22009,STABLE,NONZERO_FIXED_POINT,-1.6033671260624978,-11.197411504852546,-106.39172591819153,-107.46132495654354
3,1,76,114/1385,STABLE,NONZERO_FIXED_POINT,-1.6188090629202243,-11.348451817409334,-107.87294988111049,-108.95749480317446
3,1,77,1771/22313,STABLE,NONZERO_FIXED_POINT,-1.6350990323005732,-11.507998988549744,-109.43820596648169,-110.53854537072812
3,1,78,429/5617,STABLE,NONZERO_FIXED_POINT,-1.652301682285671,-11.676698905862558,-111.09389362640144,-112.21094075809287
3,1,79,1659/22625,STABLE,NONZERO_FIXED_POINT,-1.6704911116148011,-11.855291972931667,-112.84734793783974,-113.98209013969262
3,1,80,25/356,STABLE,NONZERO_FIXED_POINT,-1.6897526961391565,-12.044631373877309,-114.707020421653,-115.86053041095386
3,1,81,1539/22945,STABLE,NONZERO_FIXED_POINT,-1.710185385299397,-12.245706038117852,-116.68270639384735,-117.85615583604653
3,1,82,369/5777,STABLE,NONZERO_FIXED_POINT,-1.7319046212023217,-12.459669831115121,-118.78583395414489,-119.98050995552728
3,1,83,83/1369,STABLE,NONZERO_FIXED_POINT,-1.7550460940236352,-12.68787910837402,-121.02983577082881,-122.24716112658675
3,1,84,84/1465,STABLE,NONZERO_FIXED_POINT,-1.7797706383294711,-12.931941678623033,-123.43063381653712,-124.67219215516536
3,1,85,1275/23609,STABLE,NONZERO_FIXED_POINT,-1.8062707127909015,-13.193781600918314,-126.00728085995655,-127.2748482673615
3,1,86,301/5945,STABLE,NONZERO_FIXED_POINT,-1.8347791199360692,-13.475726382118182,-128.7828237212354,-130.07840908459622
3,1,87,1131/23953,STABLE,NONZERO_FIXED_POINT,-1.865580964082051,-13.780626556149244,-131.78548710718286,-133.111384416745
3,1,88,33/754,STABLE,NONZERO_FIXED_POINT,-1.8990304064586372,-14.112023235186541,-135.05033236846444,-136.40918977445634
3,1,89,979/24305,STABLE,NONZERO_FIXED_POINT,-1.935574729265788,-14.474388750165502,-138.62163984122617,-140.0165527748336
3,1,90,225/6121,STABLE,NONZERO_FIXED_POINT,-1.975789902720888,-14.873482321187204,-142.5564299847036,-143.99106984609145
3,1,91,819/24665,STABLE,NONZERO_FIXED_POINT,-2.0204349567627666,-15.316893774486893,-146.92984617984592,-148.40864339788362
3,1,92,46/1553,STABLE,NONZERO_FIXED_POINT,-2.0705385131112575,-15.81490886295397,-151.84372140313562,-153.37213502718257
3,1,93,651/25033,STABLE,NONZERO_FIXED_POINT,-2.1275434043719272,-16.381955457099806,-157.44089551787533,-159.02582742867054
3,1,94,141/6305,STABLE,NONZERO_FIXED_POINT,-2.193563531737788,-17.03917212199191,-163.93064418657303,-165.58111016482675
3,1,95,475/25409,STABLE,NONZERO_FIXED_POINT,-2.2718770336142207,-17.81933980341691,-171.6375025647211,-173.36579652833132
3,1,96,3/200,STABLE,NONZERO_FIXED_POINT,-2.3679767852945943,-18.77738682454755,-181.1052647685919,-182.9291735095362
3,1,97,291/25793,STABLE,NONZERO_FIXED_POINT,-2.492161346885558,-20.016298365103722,-193.3534877197489,-195.30109658890223
3,1,98,49/6497,STABLE,NONZERO_FIXED_POINT,-2.667553158092309,-21.767298409110495,-210.6712924286906,-212.79380921542747
3,1,99,99/26185,STABLE,NONZERO_FIXED_POINT,-2.9679371100613317,-24.768235463228862,-240.36338260718486,-242.7857999908248
3,1,100,0,STABLE,NONZERO_FIXED_POINT,,,,
3,2,1,1/331,STABLE,NONZERO_FIXED_POINT,-3.0152205445481073,-25.692364036635524,-249.9570554826745,-252.4768834764502
3,2,2,49/8193,STABLE,NONZERO_FIXED_POINT,-2.7191812778031945,-22.725819973189516,-220.594791833138,-222.81803870796892
3,2,3,291/32777,STABLE,NONZERO_FIXED_POINT,-2.5481517921047026,-21.009413378292805,-203.6085962585634,-205.66027247070127
3,2,4,8/683,STABLE,NONZERO_FIXED_POINT,-2.4283468001261905,-19.80529121388564,-191.69372499925908,-193.62505571594863
3,2,5,475/32793,STABLE,NONZERO_FIXED_POINT,-2.3366434544533092,-18.88222483595488,-182.56101584231385,-184.40010338171118
3,2,6,141/8201,STABLE,NONZERO_FIXED_POINT,-2.2627427757341003,-18.137224276118523,-175.19086950855504,-176.95551720779588
3,2,7,217/10939,STABLE,NONZERO_FIXED_POINT,-2.201151457894383,-17.5153562938643,-169.03944836895477,-170.74196625743895
3,2,8,23/1026,STABLE,NONZERO_FIXED_POINT,-2.14859092022094,-16.983834897468775,-163.78217260094897,-165.43159212570723
3,2,9,819/32849,STABLE,NONZERO_FIXED_POINT,-2.1029468077023985,-16.521516347496373,-159.20972072227238,-160.8129589736743
3,2,10,25/913,STABLE,NONZERO_FIXED_POINT,-2.06277582242906,-16.113967470890465,-155.1792058996317,-156.741736668494
3,2,11,979/32889,STABLE,NONZERO_FIXED_POINT,-2.0270488659243924,-15.750897084383624,-151.58874703961618,-153.11501501664128
3,2,12,6/187,STABLE,NONZERO_FIXED_POINT,-1.9950064200821807,-15.424709803966863,-148.363151501571,-149.85684185772385
3,2,13,377/10979,STABLE,NONZERO_FIXED_POINT,-1.9660720151577369,-15.129640724901463,-145.44534842882263,-146.9095698636982
3,2,14,301/8241,STABLE,NONZERO_FIXED_POINT,-1.9397978581237325,-14.861211705379532,-142.79100595600744,-144.22841937455382
3,2,15,1275/32993,STABLE,NONZERO_FIXED_POINT,-1.9158292656921123,-14.615875696847077,-140.36501007834164,-141.77792170060565
3,2,16,7/172,STABLE,NONZERO_FIXED_POINT,-1.8938806003353035,-14.390776104322129,-138.1390823178251,-139.52951272471842
3,2,17,1411/33057,STABLE,NONZERO_FIXED_POINT,-1.873718515250836,-14.18357923614834,-136.09012097484248,-137.4598573988727
3,2,18,369/8273,STABLE,NONZERO_FIXED_POINT,-1.8551499965277891,-13.992354725768863,-134.19901730274887,-135.54965396091723
3,2,19,19/409,STABLE,NONZERO_FIXED_POINT,-1.838013643503082,-13.815488335399877,-132.4497922632515,-133.78276197030604
3,2,20,100/2073,STABLE,NONZERO_FIXED_POINT,-1.8221731891657278,-13.651617160185069,-130.8289550465387,-132.1455543486326
3,2,21,1659/33209,STABLE,NONZERO_FIXED_POINT,-1.8075126039645522,-13.499580666386095,-129.32501834835574,-130.62642776051274
3,2,22,143/2771,STABLE,NONZERO_FIXED_POINT,-1.7939323405453695,-13.358383138868575,-127.92812659909674,-129.21542708741393
3,2,23,161/3027,STABLE,NONZERO_FIXED_POINT,-1.781346414825144,-13.22716449195888,-126.6297669902593,-127.90395353518403
3,2,24,57/1042,STABLE,NONZERO_FIXED_POINT,-1.7696801096762798,-13.105177306403142,-125.42254213930354,-126.68453500259454
3,2,25,625/11131,STABLE,NONZERO_FIXED_POINT,-1.7588681486449698,-12.991768566667247,-124.29998928788098,-125.55064345328788
3,2,26,481/8361,STABLE,NONZERO_FIXED_POINT,-1.7488532290676666,-12.886364992218915,-123.25643508048205,-124.49654822754127
3,2,27,1971/33497,STABLE,NONZERO_FIXED_POINT,-1.7395848332134047,-12.78846114906851,-122.2868778676397,-123.51719715661244
3,2,28,14/233,STABLE,NONZERO_FIXED_POINT,-1.7310182568208106,-12.69760973525711,-121.38689153120987,-122.60811941655766
3,2,29,2059/33609,STABLE,NONZERO_FIXED_POINT,-1.7231138093123377,-12.613413583116973,-120.55254630569567,-121.76534554976962
3,2,30,525/8417,STABLE,NONZERO_FIXED_POINT,-1.7158361508341642,-12.535519029788716,-119.78034314531385,-120.98534116908388
3,2,31,713/11243,STABLE,NONZERO_FIXED_POINT,-1.7091537392844263,-12.463610387621728,-119.06715897990478,-120.26495166071692
3,2,32,17/264,STABLE,NONZERO_FIXED_POINT,-1.7030383664704312,-12.397405305864432,-118.41020079461353,-119.60135580010507
3,2,33,2211/33857,STABLE,NONZERO_FIXED_POINT,-1.697464767042037,-12.33665086011547,-117.80696691440784,-118.99202664535494
3,2,34,17/257,STABLE,NONZERO_FIXED_POINT,-1.6924102872789089,-12.281120240313811,-117.25521421413333,-118.43469841608632
3,2,35,2275/33993,STABLE,NONZERO_FIXED_POINT,-1.6878546034454693,-12.23060993440491,-116.7529302357666,-117.92733832904037
3,2,36,144/2129,STABLE,NONZERO_FIXED_POINT,-1.68377948147024,-12.184937325250324,-116.29830939678465,-117.4681225661277
3,2,37,259/3793,STABLE,NONZERO_FIXED_POINT,-1.6801685713029482,-12.143938634314345,-115.88973263163217,-117.05541571025378
3,2,38,589/8553,STABLE,NONZERO_FIXED_POINT,-1.6770072305604486,-12.107467158237746,-115.52574993277858,-116.6877531100206
3,2,39,2379/34289,STABLE,NONZERO_FIXED_POINT,-1.674282373070623,-12.075391754390786,-115.20506535667766,-116.36382573423145
3,2,40,25/358,STABLE,NONZERO_FIXED_POINT,-1.6719823387218682,-12.047595539480668,-114.92652413897528,-116.0824671569471
3,2,41,2419/34449,STABLE,NONZERO_FIXED_POINT,-1.6700967816686898,-12.023974771719438,-114.68910162697449,-115.84264237815711
3,2,42,609/8633,STABLE,NONZERO_FIXED_POINT,-1.668616574466082,-12.004437892278276,-114.49189378904669,-115.64343823732492
3,2,43,817/11539,STABLE,NONZERO_FIXED_POINT,-1.6675337261322607,-11.988904706024243,-114.33410910294924,-115.4840552197686
3,2,44,154/2169,STABLE,NONZERO_FIXED_POINT,-1.6668413124915356,-11.977305685057075,-114.2150616598764,-115.36380049105409
3,2,45,225/3163,STABLE,NONZERO_FIXED_POINT,-1.6665334174422028,-11.969581381494748,-114.13416535008417,-115.28208202388856
3,2,46,23/323,STABLE,NONZERO_FIXED_POINT,-1.6666050840406825,-11.965681938420204,-114.09092902032396,-115.23840370663748
3,2,47,2491/34977,STABLE,NONZERO_FIXED_POINT,-1.6670522745026908,-11.96556668999672,-114.08495251405924,-115.23236134354306
3,2,48,39/548,STABLE,NONZERO_FIXED_POINT,-1.6678718384027338,-11.969203843565126,-114.11592352331692,-115.26363947477478
3,2,49,833/11723,STABLE,NONZERO_FIXED_POINT,-1.669061488511387,-11.976570238117013,-114.18361519667451,-115.3320089602538
3,2,50,625/8817,STABLE,NONZERO_FIXED_POINT,-1.6706197838506434,-11.987651174947253,-114.2878844618383,-115.43732528528653
3,2,51,2499/35369,STABLE,NONZERO_FIXED_POINT,-1.6725461196761575,-12.002440317573381,-114.42867103397884,-115.57952755888232
3,2,52,52/739,STABLE,NONZERO_FIXED_POINT,-1.6748407242148762,-12.020939659207478,-114.60599709285103,-115.75863818761107
3,2,53,2491/35577,STABLE,NONZERO_FIXED_POINT,-1.6775046621014624,-12.043159557213656,-114.81996762309001,-115.97476321933584
3,2,54,621/8921,STABLE,NONZERO_FIXED_POINT,-1.6805398445699549,-12.069118835116683,-115.07077142327705,-116.22809336246985
3,2,55,275/3977,STABLE,NONZERO_FIXED_POINT,-1.6839490465720388,-12.098844953874156,-115.35868280073407,-116.51890569788975
3,2,56,7/102,STABLE,NONZERO_FIXED_POINT,-1.6877359311129645,-12.132374255323697,-115.68406398086644,-116.8475661126141
3,2,57,2451/36017,STABLE,NONZERO_FIXED_POINT,-1.6919050812246468,-12.169752281999862,-116.04736827258421,-117.21453249719747
3,2,58,203/3011,STABLE,NONZERO_FIXED_POINT,-1.6964620401364012,-12.211034178925338,-116.44914404528578,-117.6203587628853
3,2,59,2419/36249,STABLE,NONZERO_FIXED_POINT,-1.701413360361844,-12.256285184561719,-116.89003958854039,-118.06569975038286
3,2,60,150/2273,STABLE,NONZERO_FIXED_POINT,-1.706766662601007,-12.305581219910891,-117.3708089434783,-118.55131712014756
3,2,61,793/12163,STABLE,NONZERO_FIXED_POINT,-1.7125307055663939,-12.359009586852956,-117.89231881564206,-119.07808633506664
3,2,62,589/9153,STABLE,NONZERO_FIXED_POINT,-1.718715468087833,-12.41666978927082,-118.45555670344345,-119.6470048710184
3,2,63,2331/36737,STABLE,NONZERO_FIXED_POINT,-1.7253322451442976,-12.478674493442135,-119.06164040538607,-120.25920182012703
3,2,64,1/16,STABLE,NONZERO_FIXED_POINT,-1.7323937598229686,-12.545150647701178,-119.71182910407884,-120.91594908673477
3,2,65,2275/36993,STABLE,NONZERO_FIXED_POINT,-1.739914293632694,-12.61624078564342,-120.4075362673396,-121.61867441881935
3,2,66,561/9281,STABLE,NONZERO_FIXED_POINT,-1.7479098381212257,-12.692104542365023,-121.1503446583651,-122.36897656978084
3,2,67,67/1129,STABLE,NONZERO_FIXED_POINT,-1.7563982713885018,-12.77292041966119,-121.94202381060995,-123.16864294983412
3,2,68,136/2337,STABLE,NONZERO_FIXED_POINT,-1.7653995638866524,-12.858887844089331,-122.78455040204832,-124.01967020607032
3,2,69,2139/37529,STABLE,NONZERO_FIXED_POINT,-1.7749360188955592,-12.95022957178606,-123.68013206231421,-124.92428827007296
3,2,70,175/3139,STABLE,NONZERO_FIXED_POINT,-1.7850325543205159,-13.047194506502734,-124.63123527072642,-125.88498853774016
3,2,71,2059/37809,STABLE,NONZERO_FIXED_POINT,-1.795717034055098,-13.150061013291271,-125.64061816126775,-126.90455700562705
3,2,72,63/1186,STABLE,NONZERO_FIXED_POINT,-1.8070206591953788,-13.259140830701313,-126.71136925284631,-127.98611339242098
3,2,73,73/1411,STABLE,NONZERO_FIXED_POINT,-1.8189784320276132,-13.374783710710027,-127.84695338412646,-129.13315753776038
3,2,74,481/9561,STABLE,NONZERO_FIXED_POINT,-1.831629709142117,-13.497382949911831,-129.051266471853,-130.3496247136726
3,2,75,1875/38393,STABLE,NONZERO_FIXED_POINT,-1.845018864532591,-13.627382020560518,-130.32870115773,-131.63995193455207
3,2,76,38/803,STABLE,NONZERO_FIXED_POINT,-1.8591960895181003,-13.765282569835989,-131.6842260007425,-133.0091579494044
3,2,77,1771/38697,STABLE,NONZERO_FIXED_POINT,-1.8742183643391588,-13.9116541358501,-133.12348166521235,-134.46294040149735
3,2,78,39/883,STABLE,NONZERO_FIXED_POINT,-1.8901506471453233,-14.067146037565564,-134.65289863061074,-136.0077947271618
3,2,79,553/13003,STABLE,NONZERO_FIXED_POINT,-1.9070673410053018,-14.232502044938222,-136.27984242559899,-137.65116085684235
3,2,80,25/612,STABLE,NONZERO_FIXED_POINT,-1.9250541203118425,-14.408578643004951,-138.01279444214856,-139.4016058556221
3,2,81,1539/39329,STABLE,NONZERO_FIXED_POINT,-1.9442102272171589,-14.596367996275347,-139.861579282685,-141.26905356680197
3,2,82,41/1097,STABLE,NONZERO_FIXED_POINT,-1.9646513906749465,-14.797027139187243,-141.8376537452801,-143.26507651613503
3,2,83,1411/39657,STABLE,NONZERO_FIXED_POINT,-1.9865135818157231,-15.011915529893962,-143.95447860584437,-145.40327144939437
3,2,84,84/2489,STABLE,NONZERO_FIXED_POINT,-2.009957910247935,-15.242644013306894,-146.22800335196422,-147.6997489625109
3,2,85,425/13331,STABLE,NONZERO_FIXED_POINT,-2.0351771037587234,-15.491139618133516,-148.67730767330784,-150.17378147168057
3,2,86,301/10041,STABLE,NONZERO_FIXED_POINT,-2.0624042280587993,-15.759732754354381,-151.32546471639444,-152.84867518787803
3,2,87,1131/40337,STABLE,NONZERO_FIXED_POINT,-2.0919246447132487,-16.051276792557772,-154.20072491976794,-155.7529659099613
3,2,88,11/422,STABLE,NONZERO_FIXED_POINT,-2.1240927662701985,-16.36931561525134,-157.33817477175825,-158.92209453756175
3,2,89,89/3699,STABLE,NONZERO_FIXED_POINT,-2.1593561203288463,-16.718324257565776,-160.78211915323863,-162.40081347790908
3,2,90,225/10217,STABLE,NONZERO_FIXED_POINT,-2.1982909166027147,-17.104064577909142,-164.58960247690808,-166.24674335217773
3,2,91,91/4561,STABLE,NONZERO_FIXED_POINT,-2.241656418644869,-17.534128975239064,-168.83579148810526,-170.53581016802505
3,2,92,46/2577,STABLE,NONZERO_FIXED_POINT,-2.2904814759336034,-18.01880570993822,-173.62254194130864,-175.370898528178
3,2,93,651/41417,STABLE,NONZERO_FIXED_POINT,-2.346209143007968,-18.57252509518689,-179.09271589457012,-180.89631354400137
3,2,94,47/3467,STABLE,NONZERO_FIXED_POINT,-2.4109535372047484,-19.2164280743482,-185.45561062548867,-187.32346660920933
3,2,95,475/41793,STABLE,NONZERO_FIXED_POINT,-2.487993007322835,-19.983297907626216,-193.03578232899702,-194.98019226631578
3,2,96,3/328,STABLE,NONZERO_FIXED_POINT,-2.5828206333422923,-20.92806516926921,-202.3770455895587,-204.4157981785507
3,2,97,97/14059,STABLE,NONZERO_FIXED_POINT,-2.7057351743968177,-22.153717227305982,-214.4989772304532,-216.6601599271178
3,2,98,49/10593,STABLE,NONZERO_FIXED_POINT,-2.879859263609699,-23.89148019191532,-231.6907176025432,-234.02554049479744
3,2,99,99/42569,STABLE,NONZERO_FIXED_POINT,-3.1789779799905595,-26.8792046344024,-261.2569892020596,-263.89044745562876
3,2,100,0,STABLE,NONZERO_FIXED_POINT,,,,
3,3,1,99/65537,STABLE,NONZERO_FIXED_POINT,-3.31624391355587,-28.703251448677506,-279.75902273640736,-282.5798740991909
3,3,2,49/16385,STABLE,NONZERO_FIXED_POINT,-3.020184768662194,-25.737144461780417,-250.3954270081798,-252.91967737386972
3,3,3,291/65545,STABLE,NONZERO_FIXED_POINT,-2.8491221587807694,-24.02102470278261,-233.4065702172232,-235.75921679603715
3,3,4,24/4097,STABLE,NONZERO_FIXED_POINT,-2.729270805678137,-22.817039312176274,-221.48770959167302,-223.71996431391455
3,3,5,475/65561,STABLE,NONZERO_FIXED_POINT,-2.637507874661061,-21.89395986472382,-212.34968426957266,-214.48963622917773
3,3,6,141/16393,STABLE,NONZERO_FIXED_POINT,-2.563534402717778,-21.14879665088842,-204.97289668487238,-207.03833601109687
3,3,7,651/65585,STABLE,NONZERO_FIXED_POINT,-2.5018571037217967,-20.52661672889046,-198.81351128262054,-200.81673481693218
3,3,8,23/2050,STABLE,NONZERO_FIXED_POINT,-2.449197420500898,-19.994634445416366,-193.54695067381277,-195.4969766988509
3,3,9,819/65617,STABLE,NONZERO_FIXED_POINT,-2.403441025161367,-19.53170643887961,-188.96389616750366,-190.86762863636454
3,3,10,225/16409,STABLE,NONZERO_FIXED_POINT,-2.3631446504686124,-19.123399953246306,-184.92146407750764,-186.78436367440943
3,3,11,979/65657,STABLE,NONZERO_FIXED_POINT,-2.3272792321570055,-18.759424261152986,-181.3177768110882,-183.1442751543459
3,3,12,66/4105,STABLE,NONZERO_FIXED_POINT,-2.295085289842917,-18.43218447305658,-178.07764557936613,-179.87141480527976
3,3,13,1131/65705,STABLE,NONZERO_FIXED_POINT,-2.2659863949893815,-18.135916216900952,-175.1440037258384,-176.90813954054556
3,3,14,301/16433,STABLE,NONZERO_FIXED_POINT,-2.2395347992330326,-17.86614192140626,-172.47252393076178,-174.20967429041747
3,3,15,1275/65761,STABLE,NONZERO_FIXED_POINT,-2.215375867374757,-17.619315145995763,-170.02809707724566,-171.74055530119233
3,3,16,21/1028,STABLE,NONZERO_FIXED_POINT,-2.193224013367349,-17.39257994069282,-167.78244991404787,-169.47222373397324
3,3,17,1411/65825,STABLE,NONZERO_FIXED_POINT,-2.1728459452443225,-17.183603295429414,-165.71248630354387,-167.38135015756762
3,3,18,369/16465,STABLE,NONZERO_FIXED_POINT,-2.1540487072483394,-16.99045556135129,-163.79910339246038,-165.4486387613493
3,3,19,1539/65897,STABLE,NONZERO_FIXED_POINT,-2.1366709601473275,-16.811523253999994,-162.02632836318963,-163.65795538688837
3,3,20,100/4121,STABLE,NONZERO_FIXED_POINT,-2.120576501596455,-16.645444256953446,-160.3806769496418,-161.9956795641664
3,3,21,1659/65977,STABLE,NONZERO_FIXED_POINT,-2.105649369901517,-16.491058859481058,-158.85066870984065,-160.45021488793458
3,3,22,429/16505,STABLE,NONZERO_FIXED_POINT,-2.091790088709807,-16.347372203473427,-157.42645525033635,-159.01161348681796
3,3,23,1771/66065,STABLE,NONZERO_FIXED_POINT,-2.0789127480360037,-16.213525093722723,-156.09953124778974,-157.67128412592535
3,3,24,57/2066,STABLE,NONZERO_FIXED_POINT,-2.066942707896377,-16.08877103428579,-154.86250710877462,-156.42176257028575
3,3,25,1875/66161,STABLE,NONZERO_FIXED_POINT,-2.0558147719751716,-15.972457965169696,-153.70892816277137,-155.25652895150847
3,3,26,481/16553,STABLE,NONZERO_FIXED_POINT,-2.0454717206874573,-15.864013592981415,-152.6331294354057,-154.16986107408468
3,3,27,1971/66265,STABLE,NONZERO_FIXED_POINT,-2.035863122266079,-15.762933501819035,-151.63011794607803,-153.15671552410345
3,3,28,126/4145,STABLE,NONZERO_FIXED_POINT,-2.0269443612417604,-15.668771438094197,-150.69547652751115,-152.21263051727988
3,3,29,2059/66377,STABLE,NONZERO_FIXED_POINT,-2.018675838598851,-15.58113131211119,-149.82528464118923,-151.33364591454972
3,3,30,525/16609,STABLE,NONZERO_FIXED_POINT,-2.011022308755315,-15.499660567888277,-149.01605273839527,-150.51623692008638
3,3,31,2139/66497,STABLE,NONZERO_FIXED_POINT,-2.003952326529628,-15.424044652848423,-148.26466750995405,-149.75725877801142
3,3,32,17/520,STABLE,NONZERO_FIXED_POINT,-1.9974377832353998,-15.354002378786824,-147.56834595961757,-149.0539003818741
3,3,33,2211/66625,STABLE,NONZERO_FIXED_POINT,-1.9914535155508535,-15.289282010587385,-146.92459668216378,-148.4036451616197
3,3,34,561/16673,STABLE,NONZERO_FIXED_POINT,-1.9859769742410869,-15.229657953466713,-146.33118706691937,-147.80423795583454
3,3,35,2275/66761,STABLE,NONZERO_FIXED_POINT,-1.9809879424469035,-15.17492793588395,-145.78611540837244,-147.25365684064758
3,3,36,144/4177,STABLE,NONZERO_FIXED_POINT,-1.976468295297038,-15.124910605684299,-145.28758710780284,-146.75008909097272
3,3,37,2331/66905,STABLE,NONZERO_FIXED_POINT,-1.9724017941972267,-15.079443473011153,-144.83399430791883,-146.29191060943464
3,3,38,589/16745,STABLE,NONZERO_FIXED_POINT,-1.9687739104072115,-15.038381146097294,-144.42389842699907,-145.87766828408786
3,3,39,2379/67057,STABLE,NONZERO_FIXED_POINT,-1.9655716735149795,-15.001593816028567,-144.05601515786225,-145.50606483586034
3,3,40,75/2098,STABLE,NONZERO_FIXED_POINT,-1.9627835412158703,-14.968965954555806,-143.72920157601547,-145.1759457964813
3,3,41,2419/67217,STABLE,NONZERO_FIXED_POINT,-1.9603992874471672,-14.94039519546196,-143.4424450650002,-144.88628832196133
3,3,42,609/16825,STABLE,NONZERO_FIXED_POINT,-1.9584099064509388,-14.91579137521127,-143.1948538186307,-144.6361915988938
3,3,43,2451/67385,STABLE,NONZERO_FIXED_POINT,-1.9568075307647668,-14.895075712877187,-142.98564872209403,-144.42486864354584
3,3,44,154/4217,STABLE,NONZERO_FIXED_POINT,-1.9555853614922052,-14.878180112867732,-142.81415644874536,-144.25163932892374
3,3,45,2475/67561,STABLE,NONZERO_FIXED_POINT,-1.9547376094979505,-14.86504657689757,-142.67980363844725,-144.11592450430737
3,3,46,621/16913,STABLE,NONZERO_FIXED_POINT,-1.9542594464190168,-14.85562671412017,-142.58211204769418,-144.01724109638604
3,3,47,2491/67745,STABLE,NONZERO_FIXED_POINT,-1.9541469645927556,-14.849881340428183,-142.52069458250514,-143.95519810207907
3,3,48,39/1060,STABLE,NONZERO_FIXED_POINT,-1.954397145183135,-14.847780159736175,-142.4952521429423,-143.9294934011806
3,3,49,2499/67937,STABLE,NONZERO_FIXED_POINT,-1.9550078339447268,-14.849301521640477,-142.5055712237638,-143.9399113327765
3,3,50,625/17009,STABLE,NONZERO_FIXED_POINT,-1.9559777242048426,-14.854432251260256,-142.55152222967382,-143.98632099347623
3,3,51,2499/68137,STABLE,NONZERO_FIXED_POINT,-1.9573063467726648,-14.863167548348152,-142.6330584763416,-144.06867522834153
3,3,52,156/4265,STABLE,NONZERO_FIXED_POINT,-1.95899406660393,-14.87551095395672,-142.75021586022484,-144.18701029737394
3,3,53,2491/68345,STABLE,NONZERO_FIXED_POINT,-1.9610420861646602,-14.891474384094622,-142.9031131915944,-144.34144621190336
3,3,54,621/17113,STABLE,NONZERO_FIXED_POINT,-1.9634524555504314,-14.911078230938529,-143.09195319636024,-144.5321877465335
3,3,55,2475/68561,STABLE,NONZERO_FIXED_POINT,-1.9662280895326276,-14.934351533314114,-143.31702420366526,-144.7595261437816
3,3,56,77/2146,STABLE,NONZERO_FIXED_POINT,-1.969372791822753,-14.961332219358013,-143.57870254807108,-145.02384154052854
3,3,57,2451/68785,STABLE,NONZERO_FIXED_POINT,-1.9728912869744484,-14.992067425556044,-143.87745572787185,-145.32560615823496
3,3,58,609/17225,STABLE,NONZERO_FIXED_POINT,-1.9767892604836437,-15.026613897763092,-144.21384637502723,-145.66538831297402
3,3,59,2419/69017,STABLE,NONZERO_FIXED_POINT,-1.981073407805507,-15.06503848139026,-144.5885371078544,-146.04385731714052
3,3,60,150/4321,STABLE,NONZERO_FIXED_POINT,-1.9857514931872657,-15.107418709750938,-145.0022963554948,-146.46178936275035
3,3,61,2379/69257,STABLE,NONZERO_FIXED_POINT,-1.9908324194256366,-15.153843501652368,-145.45600526391337,-146.92007449719722
3,3,62,589/17345,STABLE,NONZERO_FIXED_POINT,-1.996326309903841,-15.204413981783105,-145.95066581758005,-147.41972482697105
3,3,63,2331/69505,STABLE,NONZERO_FIXED_POINT,-2.002244604556388,-15.259244440377863,-146.4874103399975,-147.9618841141505
3,3,64,9/272,STABLE,NONZERO_FIXED_POINT,-2.008600171761918,-15.318463452162366,-147.0675125711061,-148.547838965701
3,3,65,2275/69761,STABLE,NONZERO_FIXED_POINT,-2.0154074385913567,-15.382215178851801,-147.69240056186862,-149.17903185830704
3,3,66,561/17473,STABLE,NONZERO_FIXED_POINT,-2.0226825423607746,-15.450660884695274,-148.3636716780149,-149.85707629367022
3,3,67,2211/70025,STABLE,NONZERO_FIXED_POINT,-2.0304435070812517,-15.523980700990649,-149.083110068594,-150.58377444351095
3,3,68,136/4385,STABLE,NONZERO_FIXED_POINT,-2.0387104491964854,-15.602375683476104,-149.85270703401002,-151.36113772334187
3,3,69,2139/70297,STABLE,NONZERO_FIXED_POINT,-2.0475058179969725,-15.686070216487757,-150.67468482704157,-152.19141083390173
3,3,70,525/17609,STABLE,NONZERO_FIXED_POINT,-2.0568546773573964,-15.775314830348435,-151.55152454485437,-153.077099934905
3,3,71,2059/70577,STABLE,NONZERO_FIXED_POINT,-2.0667850370402974,-15.870389514419422,-152.48599892807857,-154.02100577542308
3,3,72,63/2210,STABLE,NONZERO_FIXED_POINT,-2.0773282438522465,-15.97160762867692,-153.48121108528304,-155.0262628095145
3,3,73,1971/70865,STABLE,NONZERO_FIXED_POINT,-2.0885194455746277,-16.07932054303427,-154.54064042213497,-156.0963855893159
3,3,74,481/17753,STABLE,NONZERO_FIXED_POINT,-2.1003981440218222,-16.19392316793789,-155.6681973941728,-157.23532407087214
3,3,75,1875/71161,STABLE,NONZERO_FIXED_POINT,-2.1130088580860225,-16.315860584829323,-156.868289148254,-158.44752991862953
3,3,76,114/4457,STABLE,NONZERO_FIXED_POINT,-2.1264019236059344,-16.445636044845905,-158.14589870956954,-159.73803649231925
3,3,77,1771/71465,STABLE,NONZERO_FIXED_POINT,-2.140634464910846,-16.583820684274755,-159.5066811645172,-161.11255600137383
3,3,78,429/17905,STABLE,NONZERO_FIXED_POINT,-2.155771583757449,-16.731065413934076,-160.95708136545863,-162.5775983986219
3,3,79,1659/71777,STABLE,NONZERO_FIXED_POINT,-2.1718878262904653,-16.888115588792218,-162.50447915983256,-164.14061807636108
3,3,80,25/1124,STABLE,NONZERO_FIXED_POINT,-2.189069009399324,-17.05582927154702,-164.15737019947642,-165.81019650203746
3,3,81,1539/72097,STABLE,NONZERO_FIXED_POINT,-2.2074145171067023,-17.235200196523465,-165.9255932831024,-167.5962718571089
3,3,82,369/18065,STABLE,NONZERO_FIXED_POINT,-2.22704021956495,-17.427386959649837,-167.8206193369531,-169.51043093669807
3,3,83,1411/72425,STABLE,NONZERO_FIXED_POINT,-2.248082228387169,-17.633750571780375,-169.85592319258961,-171.566284682711
3,3,84,84/4537,STABLE,NONZERO_FIXED_POINT,-2.270701792905359,-17.855903421288062,-172.0474683164561,-173.77995780966023
3,3,85,1275/72761,STABLE,NONZERO_FIXED_POINT,-2.295091779829569,-18.095774070667453,-174.41434829614718,-176.1707367705908
3,3,86,301/18233,STABLE,NONZERO_FIXED_POINT,-2.3214853929525,-18.355694453591425,-176.97965009117087,-178.76194172754816
3,3,87,1131/73105,STABLE,NONZERO_FIXED_POINT,-2.350168131041327,-18.638519453840246,-179.77163786424927,-181.5821223407707
3,3,88,33/2290,STABLE,NONZERO_FIXED_POINT,-2.3814945429287526,-18.94779445622234,-182.8254117353404,-184.66673327780236
3,3,89,979/73457,STABLE,NONZERO_FIXED_POINT,-2.415912291544732,-19.28799598690169,-186.1852901207883,-188.06054061667464
3,3,90,225/18409,STABLE,NONZERO_FIXED_POINT,-2.45399772094476,-19.66488738369062,-189.90833086913156,-191.8211785487433
3,3,91,819/73817,STABLE,NONZERO_FIXED_POINT,-2.496510228001423,-20.086062512974777,-194.06971405857433,-196.02458654785067
3,3,92,46/4625,STABLE,NONZERO_FIXED_POINT,-2.544478794457749,-20.561811090256022,-198.7713086702755,-200.77366257566896
3,3,93,651/74185,STABLE,NONZERO_FIXED_POINT,-2.599346606031702,-21.106564871206402,-204.1559898797018,-206.21272499215678
3,3,94,141/18593,STABLE,NONZERO_FIXED_POINT,-2.6632279101234078,-21.741466228749303,-210.4330679696506,-212.5531983262899
3,3,95,475/74561,STABLE,NONZERO_FIXED_POINT,-2.7394011844511077,-22.49929983942733,-217.92711202521429,-220.12293013966138
3,3,96,3/584,STABLE,NONZERO_FIXED_POINT,-2.8333596367430127,-23.43499768032931,-227.18194940328294,-229.47124099567566
3,3,97,291/74945,STABLE,NONZERO_FIXED_POINT,-2.955402152683888,-24.65154850856412,-239.2171695792607,-241.62801925421235
3,3,98,49/18785,STABLE,NONZERO_FIXED_POINT,-3.1286514907263445,-26.380179809381247,-256.32192543339045,-258.90554055276135
3,3,99,99/75337,STABLE,NONZERO_FIXED_POINT,-3.4268928539641514,-29.358743514911737,-285.80095186621867,-288.6823249937614
3,3,100,0,STABLE,NONZERO_FIXED_POINT,,,,
3,4,1,33/43691,STABLE,NONZERO_FIXED_POINT,-3.6172705958538254,-31.713845510434126,-309.5609915226819,-312.6828695677634
3,4,2,49/32769,STABLE,NONZERO_FIXED_POINT,-3.321201511317067,-28.747958183582668,-280.1967308262659,-283.0219979346106
3,4,3,291/131081,STABLE,NONZERO_FIXED_POINT,-3.1501223368803473,-27.031983685345708,-263.20654505064863,-265.86019180756216
3,4,4,8/2731,STABLE,NONZERO_FIXED_POINT,-3.0302477965843906,-25.82806921206668,-251.28569168221998,-253.81892339536773
3,4,5,475/131097,STABLE,NONZERO_FIXED_POINT,-2.938455058918695,-24.904986404401647,-242.14501020817994,-244.58590935204262
3,4,6,141/32777,STABLE,NONZERO_FIXED_POINT,-2.864445164961639,-24.159745628724203,-234.76490350241173,-237.13125359088014
3,4,7,217/43707,STABLE,NONZERO_FIXED_POINT,-2.8027248335828254,-23.537414029152572,-228.60153654051442,-230.90562780468701
3,4,8,23/4098,STABLE,NONZERO_FIXED_POINT,-2.75001551351032,-23.005206048225773,-223.3303325544607,-225.5811766725083
3,4,9,819/131153,STABLE,NONZERO_FIXED_POINT,-2.704202883652762,-22.541978430128438,-218.74197356448673,-220.94646789183895
3,4,10,75/10931,STABLE,NONZERO_FIXED_POINT,-2.6638436844775946,-22.133298534476864,-214.69357668553772,-216.85717531644852
3,4,11,979/131193,STABLE,NONZERO_FIXED_POINT,-2.6279088603181613,-21.768875759393737,-211.08326521567187,-213.21039318709074
3,4,12,66/8201,STABLE,NONZERO_FIXED_POINT,-2.5956389402836963,-21.441115350611838,-207.8358513461508,-209.93017422250517
3,4,13,377/43747,STABLE,NONZERO_FIXED_POINT,-2.5664575062206314,-21.144253081090923,-204.89426948960966,-206.95887641554805
3,4,14,301/32817,STABLE,NONZERO_FIXED_POINT,-2.539916821035863,-20.873811534254145,-202.21419348406158,-204.2517258655201
3,4,15,1275/131297,STABLE,NONZERO_FIXED_POINT,-2.5156622616834277,-20.626244433858567,-199.7605154585802,-201.77326007683547
3,4,16,7/684,STABLE,NONZERO_FIXED_POINT,-2.4934082551478713,-20.398696003832796,-197.50496349565424,-199.49492155736016
3,4,17,1411/131361,STABLE,NONZERO_FIXED_POINT,-2.472921523368477,-20.188833417522893,-195.4244428786871,-197.39338231083502
3,4,18,369/32849,STABLE,NONZERO_FIXED_POINT,-2.454009125362809,-19.99472721893177,-193.49985226222867,-195.44934804923201
3,4,19,513/43811,STABLE,NONZERO_FIXED_POINT,-2.436509737537648,-19.814764125832312,-191.71522042276047,-193.64668622384949
3,4,20,100/8217,STABLE,NONZERO_FIXED_POINT,-2.420287174045491,-19.64758223333613,-190.05706477398863,-191.9717780609623
3,4,21,1659/131513,STABLE,NONZERO_FIXED_POINT,-2.4052254905421755,-19.492022051473768,-188.51390663885184,-190.4130289375865
3,4,22,143/10963,STABLE,NONZERO_FIXED_POINT,-2.391225228871699,-19.34708895204654,-187.07589947331792,-188.9604928499614
3,4,23,1771/131601,STABLE,NONZERO_FIXED_POINT,-2.3782004980857856,-19.211923978826164,-185.734539887324,-187.6055805155093
3,4,24,57/4114,STABLE,NONZERO_FIXED_POINT,-2.3660766780714795,-19.085780883834317,-184.48244030390734,-186.34082973559356
3,4,25,625/43899,STABLE,NONZERO_FIXED_POINT,-2.354788593210646,-18.968007863941743,-183.3131481515005,-185.15972276147312
3,4,26,481/32937,STABLE,NONZERO_FIXED_POINT,-2.3442790454356732,-18.858032891428806,-182.22100063644444,-184.05653959987166
3,4,27,1971/131801,STABLE,NONZERO_FIXED_POINT,-2.3344976253090337,-18.75535182478498,-181.20100703986708,-183.02623912093543
3,4,28,42/2747,STABLE,NONZERO_FIXED_POINT,-2.3253997404956905,-18.65951869343678,-180.24875253645362,-182.06436190547632
3,4,29,2059/131913,STABLE,NONZERO_FIXED_POINT,-2.316945815910941,-18.570137699229925,-179.36031900908404,-181.16695025975662
3,4,30,525/32993,STABLE,NONZERO_FIXED_POINT,-2.3091006306922246,-18.48685658615112,-178.5322194090432,-180.33048191267125
3,4,31,713/44011,STABLE,NONZERO_FIXED_POINT,-2.30183276515762,-18.40936110991693,-177.76134300491367,-179.55181471159904
3,4,32,17/1032,STABLE,NONZERO_FIXED_POINT,-2.295114136891793,-18.337370398837002,-177.04490945508675,-178.82814023099968
3,4,33,2211/132161,STABLE,NONZERO_FIXED_POINT,-2.2889196096066247,-18.270633042423924,-176.3804300849642,-178.15694465847588
3,4,34,187/11019,STABLE,NONZERO_FIXED_POINT,-2.2832266618543464,-18.208923778528415,-175.76567508956114,-177.53597566608954
3,4,35,2275/132297,STABLE,NONZERO_FIXED_POINT,-2.2780151053070306,-18.152040676138064,-175.19864564317783,-176.96321423831307
3,4,36,144/8273,STABLE,NONZERO_FIXED_POINT,-2.2732668443592923,-18.099802731407884,-174.67755010006704,-176.43685063229918
3,4,37,777/44147,STABLE,NONZERO_FIXED_POINT,-2.2689656704075993,-18.052047810457154,-174.20078362808795,-175.95526380581413
3,4,38,589/33129,STABLE,NONZERO_FIXED_POINT,-2.2650970854173167,-18.00863088504355,-173.76691074184475,-175.51700377394366
3,4,39,2379/132593,STABLE,NONZERO_FIXED_POINT,-2.2616481503868044,-17.969422517207825,-173.37465030063402,-175.12077645550391
3,4,40,25/1382,STABLE,NONZERO_FIXED_POINT,-2.2586073551161743,-17.93430755696484,-173.02286261555147,-174.76543064991765
3,4,41,2419/132753,STABLE,NONZERO_FIXED_POINT,-2.255964506331356,-17.903184023548164,-172.71053837377917,-174.4499468496245
3,4,42,609/33209,STABLE,NONZERO_FIXED_POINT,-2.253710631736247,-17.875962145934913,-172.43678913974674,-174.1734276452952
3,4,43,817/44307,STABLE,NONZERO_FIXED_POINT,-2.2518378979925586,-17.852563542647843,-172.20083923513806,-173.93508952381774
3,4,44,154/8313,STABLE,NONZERO_FIXED_POINT,-2.2503395409792377,-17.832920524353227,-172.0020188345766,-173.734255894242
3,4,45,2475/133097,STABLE,NONZERO_FIXED_POINT,-2.2492098069764452,-17.81697550570415,-171.83975814283986,-173.5703512061785
3,4,46,207/11099,STABLE,NONZERO_FIXED_POINT,-2.2484439036653914,-17.80468051534227,-171.71358254384364,-173.44289604978187
3,4,47,2491/133281,STABLE,NONZERO_FIXED_POINT,-2.248037960044858,-17.795996795066756,-171.62310863238082,-173.3515031474068
3,4,48,39/2084,STABLE,NONZERO_FIXED_POINT,-2.2479889945458513,-17.79089448098415,-171.56804105747202,-173.29587416507303
3,4,49,833/44491,STABLE,NONZERO_FIXED_POINT,-2.248294890783839,-17.78935236103417,-171.54817012183855,-173.2757972876903
3,4,50,625/33393,STABLE,NONZERO_FIXED_POINT,-2.2489543805289998,-17.791357704695812,-171.56337009595939,-173.29114551608592
3,4,51,2499/133673,STABLE,NONZERO_FIXED_POINT,-2.249967033603358,-17.79690616196188,-171.61359821788687,-173.3418756567175
3,4,52,52/2787,STABLE,NONZERO_FIXED_POINT,-2.251333254533355,-17.806001729868314,-171.69889436185528,-173.42802798693376
3,4,53,2491/133881,STABLE,NONZERO_FIXED_POINT,-2.253054285901378,-17.81865678601261,-171.81938137008052,-173.54972659012628
3,4,54,621/33497,STABLE,NONZERO_FIXED_POINT,-2.255132218452726,-17.834892189626927,-171.97526605335275,-173.7071803664283
3,4,55,825/44699,STABLE,NONZERO_FIXED_POINT,-2.2575700081294343,-17.854737451919746,-172.16684087738662,-173.90068473609972
3,4,56,77/4194,STABLE,NONZERO_FIXED_POINT,-2.2603715003221474,-17.878230978597692,-172.39448636375676,-174.1306240647136
3,4,57,2451/134321,STABLE,NONZERO_FIXED_POINT,-2.2635414617595515,-17.90542038876319,-172.6586742469534,-174.39747485210148
3,4,58,203/11203,STABLE,NONZERO_FIXED_POINT,-2.2670856205959264,-17.936362915793183,-172.9599714430505,-174.70180974110957
3,4,59,2419/134553,STABLE,NONZERO_FIXED_POINT,-2.271010715415379,-17.97112589738471,-173.29904490112722,-175.04430241802328
3,4,60,150/8417,STABLE,NONZERO_FIXED_POINT,-2.2753245540519345,-18.009787363759024,-173.67666742645835,-175.42573349457857
3,4,61,793/44931,STABLE,NONZERO_FIXED_POINT,-2.280036083334185,-18.052436735111,-174.0937245852329,-175.84699748242525
3,4,62,589/33729,STABLE,NONZERO_FIXED_POINT,-2.285155471109455,-18.099175641854153,-174.55122282495068,-176.30911099554726
3,4,63,2331/135041,STABLE,NONZERO_FIXED_POINT,-2.2906942021957164,-18.150118884142763,-175.0502989736625,-176.81322234545485
3,4,64,3/176,STABLE,NONZERO_FIXED_POINT,-2.296665190261531,-18.205395550674282,-175.59223131608366,-177.36062272917815
3,4,65,2275/135297,STABLE,NONZERO_FIXED_POINT,-2.303082908061297,-18.265150321044906,-176.17845248688656,-177.95275925279486
3,4,66,561/33857,STABLE,NONZERO_FIXED_POINT,-2.3099635389751487,-18.3295449811515,-176.81056447315046,-178.59125008542014
3,4,67,737/45187,STABLE,NONZERO_FIXED_POINT,-2.317325153445882,-18.3987601875639,-177.49035608161944,-179.2779021029009
3,4,68,136/8481,STABLE,NONZERO_FIXED_POINT,-2.3251879147036076,-18.472997524774165,-178.21982330544202,-180.01473146028098
3,4,69,2139/135833,STABLE,NONZERO_FIXED_POINT,-2.333574319166985,-18.552481909212084,-179.001193123897,-180.8039876319272
3,4,70,175/11331,STABLE,NONZERO_FIXED_POINT,-2.3425094781676616,-18.63746440649215,-179.8369513931116,-181.6481815839725
3,4,71,2059/136113,STABLE,NONZERO_FIXED_POINT,-2.3520214492410183,-18.72822554432404,-180.72987564384744,-182.55011890339256
3,4,72,63/4258,STABLE,NONZERO_FIXED_POINT,-2.3621416272694393,-18.825079223947938,-181.6830738046842,-183.5129389123329
3,4,73,657/45467,STABLE,NONZERO_FIXED_POINT,-2.372905208400205,-18.92837735931642,-182.7000301298936,-184.54016105990013
3,4,74,481/34137,STABLE,NONZERO_FIXED_POINT,-2.3843517430908356,-19.038515407550427,-183.78465995092768,-185.635740226696
3,4,75,1875/136697,STABLE,NONZERO_FIXED_POINT,-2.3965257991410844,-19.155938999261934,-184.94137531658725,-186.80413302801787
3,4,76,38/2851,STABLE,NONZERO_FIXED_POINT,-2.4094777615488816,-19.28115193711612,-186.17516417876192,-188.0503777994546
3,4,77,1771/137001,STABLE,NONZERO_FIXED_POINT,-2.4232648040416684,-19.414725911147272,-187.49168657403277,-189.3801917500203
3,4,78,429/34289,STABLE,NONZERO_FIXED_POINT,-2.437952078000567,-19.557312388003076,-188.8973923271651,-190.80008985457147
3,4,79,553/45771,STABLE,NONZERO_FIXED_POINT,-2.4536141794083957,-19.70965728042725,-190.39966627896342,-192.31753154860996
3,4,80,25/2148,STABLE,NONZERO_FIXED_POINT,-2.470336975193799,-19.872619210703526,-192.0070090943413,-193.94110336269677
3,4,81,1539/137633,STABLE,NONZERO_FIXED_POINT,-2.4882198996073193,-20.047192474418708,-193.72926460355256,-195.68074856005973
3,4,82,123/11483,STABLE,NONZERO_FIXED_POINT,-2.5073788732054165,-20.23453623030536,-195.57790878161015,-197.54805903499556
3,4,83,1411/137961,STABLE,NONZERO_FIXED_POINT,-2.5279500581692353,-20.436012053431902,-197.56642152484477,-199.55665084474833
3,4,84,84/8633,STABLE,NONZERO_FIXED_POINT,-2.550094754550501,-20.653232897663933,-199.71077137924954,-201.72265383409876
3,4,85,425/46099,STABLE,NONZERO_FIXED_POINT,-2.5740058799185377,-20.8881278921368,-202.0300570255348,-204.06535960006732
3,4,86,301/34617,STABLE,NONZERO_FIXED_POINT,-2.5999166890528045,-21.143029538183114,-204.54737052868967,-206.6080934611673
3,4,87,1131/138641,STABLE,NONZERO_FIXED_POINT,-2.628112731822755,-21.420793288133865,-207.29098116809007,-209.37941024539293
3,4,88,11/1446,STABLE,NONZERO_FIXED_POINT,-2.658948608267039,-21.72496509611243,-210.29599419033798,-212.41476979813825
3,4,89,979/138993,STABLE,NONZERO_FIXED_POINT,-2.692872032613465,-22.060022058236555,-213.60673314724045,-215.7589433841955
3,4,90,225/34793,STABLE,NONZERO_FIXED_POINT,-2.730459400295648,-22.43172808278694,-217.28026103045707,-219.46957038941966
3,4,91,273/46451,STABLE,NONZERO_FIXED_POINT,-2.772470159633027,-22.847677607009544,-221.39176306782178,-223.62259548872976
3,4,92,46/8721,STABLE,NONZERO_FIXED_POINT,-2.8199333438727887,-23.31816091753693,-226.04311339549488,-228.3209218503034
3,4,93,651/139721,STABLE,NONZERO_FIXED_POINT,-2.8742921902830716,-23.857610341322356,-231.37719234818985,-233.70887304489622
3,4,94,47/11659,STABLE,NONZERO_FIXED_POINT,-2.9376609978490267,-24.48716882260242,-237.60331537108382,-239.99787881544876
3,4,95,475/140097,STABLE,NONZERO_FIXED_POINT,-3.013318295897694,-25.23962160914777,-245.04605671368103,-247.51579193957463
3,4,96,3/1096,STABLE,NONZERO_FIXED_POINT,-3.1067573437789635,-26.169901249074734,-254.24924889822796,-256.8119381976566
3,4,97,97/46827,STABLE,NONZERO_FIXED_POINT,-3.2282770788013586,-27.380997070205026,-266.2324865653564,-268.91621116642557
3,4,98,49/35169,STABLE,NONZERO_FIXED_POINT,-3.401000311032673,-29.104137128073987,-283.2849277593465,-286.14089169902377
3,4,99,99/140873,STABLE,NONZERO_FIXED_POINT,-3.6987122951627853,-32.07717392456061,-312.7113125425459,-315.8645051112874
3,4,100,0,STABLE,NONZERO_FIXED_POINT,,,,
4,-4,1,99/1025,STABLE,NONZERO_FIXED_POINT,-1.5102100417376914,-10.605991832405522,-100.94888353312209,-101.96397220391628
4,-4,2,49/257,STABLE,NONZERO_FIXED_POINT,-1.2151295940751687,-7.6170780156377305,-71.67367489711282,-72.39341194041558
4,-4,3,291/1033,STABLE,NONZERO_FIXED_POINT,-1.045870893912026,-5.890176761939067,-54.85863072098374,-55.40883805351746
4,-4,4,24/65,STABLE,NONZERO_FIXED_POINT,-0.9286365179035636,-4.686858221794456,-43.197366834669026,-43.63006894960026
4,-4,5,475/1049,STABLE,NONZERO_FIXED_POINT,-0.8402869543337523,-3.7752698769869326,-34.39871377235238,-34.742795650921096
4,-4,6,141/265,STABLE,NONZERO_FIXED_POINT,-0.7149204097604809,-2.9959575494083666,-27.385125301804834,-27.659152063086225
4,-4,7,651/1073,STABLE,NONZERO_FIXED_POINT,-0.5265087901090766,-2.2719618271984956,-21.58955336076025,-21.80657209415807
4,-4,8,23/34,STABLE,NONZERO_FIXED_POINT,-0.3487603780462649,-1.644853511994178,-16.76142955483556,-16.931180635860215
4,-4,9,63/85,STABLE,NONZERO_FIXED_POINT,-0.17491186902499933,-1.0845036569472342,-12.683546727922476,-12.813625104183075
4,-4,10,225/281,STABLE,NONZERO_FIXED_POINT,0.001915600425181907,-0.5642983495499294,-9.204127330206745,-9.3006511317854
4,-4,11,979/1145,STABLE,NONZERO_FIXED_POINT,0.19065609552001916,-0.05544448991891926,-6.209756953895123,-6.277779602087207
4,-4,12,66/73,STABLE,NONZERO_FIXED_POINT,0.4063569224011996,0.4828048687030062,-3.60721874346811,-3.650959893126668
4,-4,13,1131/1193,STABLE,NONZERO_FIXED_POINT,0.6834716181642975,1.1351287948453006,-1.3038306764919412,-1.3227827930559215
4,-4,14,301/305,STABLE,NONZERO_FIXED_POINT,1.1577222411223893,2.258682298180922,0.787885042979326,1.0168481941611276
4,-4,15,1275/1249,UNSTABLE,SINGULAR_BOUNDARY_LIMIT,1.4686092304361402,2.536821298643595,1.7151900880113544,1.8296369997545412
4,-4,16,21/20,UNSTABLE,SINGULAR_BOUNDARY_LIMIT,0.9497899589144616,1.6723835155884785,1.2411514289875356,1.248059331208026
4,-4,17,1411/1313,UNSTABLE,SINGULAR_BOUNDARY_LIMIT,0.7659948286615865,1.3551815857998122,1.0559084150115154,1.056596995651148
4,-4,18,369/337,UNSTABLE,SINGULAR_BOUNDARY_LIMIT,0.6660475024758981,1.1841885210010332,0.9526284447873081,0.9527354554282965
4,-4,19,1539/1385,UNSTABLE,SINGULAR_BOUNDARY_LIMIT,0.6048338493249972,1.0805979122051141,0.8886864191291011,0.888711203637115
4,-4,20,100/89,UNSTABLE,SINGULAR_BOUNDARY_LIMIT,0.5660685070559666,1.0154767053016585,0.8479209902953926,0.8479292171628856
4,-4,21,1659/1465,UNSTABLE,SINGULAR_BOUNDARY_LIMIT,0.5421966123819537,0.9754078286948271,0.8227222751066847,0.8227260575247328
4,-4,22,33/29,UNSTABLE,SINGULAR_BOUNDARY_LIMIT,0.5292574561074677,0.953403666961492,0.8090648287529234,0.8090671663326816
4,-4,23,1771/1553,UNSTABLE,SINGULAR_BOUNDARY_LIMIT,0.5250774524843393,0.9456606482092766,0.8047174359926998,0.8047193271347055
4,-4,24,57/50,UNSTABLE,SINGULAR_BOUNDARY_LIMIT,0.5285157102340268,0.9501957062295787,0.8084896323578334,0.8084915886543058
4,-4,25,1875/1649,UNSTABLE,SINGULAR_BOUNDARY_LIMIT,0.5391266129254557,0.9662335355059,0.8198932750198651,0.8198958089970461
4,-4,26,481/425,UNSTABLE,SINGULAR_BOUNDARY_LIMIT,0.5570255528993115,0.9939570753413705,0.8390070913220029,0.8390111249754568
4,-4,27,1971/1753,UNSTABLE,SINGULAR_BOUNDARY_LIMIT,0.5828862033688047,1.0344861439496214,0.8664727147958615,0.8664804743592072
4,-4,28,126/113,UNSTABLE,SINGULAR_BOUNDARY_LIMIT,0.6180669354705088,1.0900680252825126,0.9036193412199225,0.9036371108111609
4,-4,29,2059/1865,UNSTABLE,SINGULAR_BOUNDARY_LIMIT,0.6649308971227015,1.1645681378246877,0.9527795752132988,0.9528273651263817
4,-4,30,525/481,UNSTABLE,SINGULAR_BOUNDARY_LIMIT,0.7275558062552179,1.2645365700537567,1.0179842940640924,1.018133407485891
4,-4,31,2139/1985,UNSTABLE,SINGULAR_BOUNDARY_LIMIT,0.8134103022843711,1.401639492054585,1.1065753260850215,1.1071092068018515
4,-4,32,17/16,UNSTABLE,SINGULAR_BOUNDARY_LIMIT,0.9380190974762108,1.599091818500284,1.2335668699934956,1.235738607888095
4,-4,33,2211/2113,UNSTABLE,SINGULAR_BOUNDARY_LIMIT,1.1425406188534595,1.914185646796959,1.4376458500754552,1.447593168244282
4,-4,34,561/545,UNSTABLE,SINGULAR_BOUNDARY_LIMIT,1.6305118369550833,2.59406785813065,1.9093492822451026,1.9602790979581641
4,-4,35,175/173,UNSTABLE,SINGULAR_BOUNDARY_LIMIT,1.5110916169781365,2.9779286173583728,1.6936861964848333,1.9934458107123874
4,-4,36,144/145,STABLE,NONZERO_FIXED_POINT,1.0405058849542552,2.2745615724316295,0.8651433419775856,1.3163207292045058
4,-4,37,2331/2393,STABLE,NONZERO_FIXED_POINT,0.8017813793596424,1.5627344148770135,-0.059387855703505465,-0.009773322234025272
4,-4,38,589/617,STABLE,NONZERO_FIXED_POINT,0.6353320994748302,1.133957911937486,-1.0639267879781187,-1.07592631198753
4,-4,39,2379/2545,STABLE,NONZERO_FIXED_POINT,0.5047097270588772,0.8075774751656013,-2.089483670138577,-2.1177669632543257
4,-4,40,75/82,STABLE,NONZERO_FIXED_POINT,0.3955339389061594,0.5346419705739933,-3.129776192134017,-3.1684131551164683
4,-4,41,2419/2705,STABLE,NONZERO_FIXED_POINT,0.30062873799477785,0.2940784285605105,-4.1876098913277815,-4.236128988819019
4,-4,42,609/697,STABLE,NONZERO_FIXED_POINT,0.21588701219283024,0.07476090238686339,-5.265320048588194,-5.323934313071504
4,-4,43,2451/2873,STABLE,NONZERO_FIXED_POINT,0.13873364803617605,-0.12993832749966572,-6.3642008468199265,-6.433193048231146
4,-4,44,154/185,STABLE,NONZERO_FIXED_POINT,0.06744472524914968,-0.324298861300349,-7.484895582027377,-7.564546579730887
4,-4,45,2475/3049,STABLE,NONZERO_FIXED_POINT,0.0008074241387809877,-0.5112479153688483,-8.627692294792041,-8.718274515081248
4,-4,46,621/785,STABLE,NONZERO_FIXED_POINT,-0.0620655316464962,-0.6928755289118556,-9.792696209541987,-9.894474266048576
4,-4,47,47/61,STABLE,NONZERO_FIXED_POINT,-0.12184422200292211,-0.8707241400403447,-10.979929562006447,-11.093161539076988
4,-4,48,3/4,STABLE,NONZERO_FIXED_POINT,-0.17904830153374096,-1.0459623032209642,-12.189391320263553,-12.31433005687154
4,-4,49,2499/3425,STABLE,NONZERO_FIXED_POINT,-0.2340900024014445,-1.2194946185863031,-13.42109421424027,-13.55798853394225
4,-4,50,625/881,STABLE,NONZERO_FIXED_POINT,-0.2873028664033832,-1.392034497944735,-14.675088482234969,-14.824184373302955
4,-4,51,2499/3625,STABLE,NONZERO_FIXED_POINT,-0.33896155085475854,-1.564154224398628,-15.951477631173475,-16.113019385953976
4,-4,52,156/233,STABLE,NONZERO_FIXED_POINT,-0.3892958543841427,-1.7363205534129023,-17.25042932326039,-17.424660645931965
4,-4,53,2491/3833,STABLE,NONZERO_FIXED_POINT,-0.438500887123638,-1.9089207627552227,-18.57218329180853,-18.759348383526344
4,-4,54,621/985,STABLE,NONZERO_FIXED_POINT,-0.48674460226264316,-2.082282181636195,-19.917057493064988,-20.117402123386057
4,-4,55,2475/4049,STABLE,NONZERO_FIXED_POINT,-0.5341734812381596,-2.2566871355182982,-21.285453287983557,-21.49922586148233
4,-4,56,77/130,STABLE,NONZERO_FIXED_POINT,-0.5809169018148417,-2.4323845854664725,-22.677860197273105,-22.905312824407474
4,-4,57,2451/4273,STABLE,NONZERO_FIXED_POINT,-0.6270905508819773,-2.6095993344581174,-24.0948606189354,-24.336250200500444
4,-4,58,609/1097,STABLE,NONZERO_FIXED_POINT,-0.6727991346068798,-2.7885394152087244,-25.537134802885248,-25.792724137827065
4,-4,59,2419/4505,STABLE,NONZERO_FIXED_POINT,-0.7181385658388564,-2.9694021062309446,-27.005466320768164,-27.27552524772136
4,-4,60,150/289,STABLE,NONZERO_FIXED_POINT,-0.7631977592774817,-3.1523789107628346,-28.500748238172662,-28.785554821873518
4,-4,61,183/365,STABLE,NONZERO_FIXED_POINT,-0.8080601308569797,-3.3376597564531068,-30.02399018366799,-30.323831958394067
4,-4,62,589/1217,STABLE,NONZERO_FIXED_POINT,-0.8265363419152258,-3.4991680878622375,-31.55005797809514,-31.865233261538094
4,-4,63,2331/4993,STABLE,NONZERO_FIXED_POINT,-0.8424415807782211,-3.660840254416229,-33.10395926903516,-33.434778561569715
4,-4,64,9/20,STABLE,NONZERO_FIXED_POINT,-0.8586708472035309,-3.82570275373455,-34.68992882338526,-35.036716309609915
4,-4,65,2275/5249,STABLE,NONZERO_FIXED_POINT,-0.8752394486415156,-3.9939146227519444,-36.30948091697462,-36.67257608874962
4,-4,66,561/1345,STABLE,NONZERO_FIXED_POINT,-0.8921644591772031,-4.165650803648383,-37.9643048538245,-38.344064276906806
4,-4,67,2211/5513,STABLE,NONZERO_FIXED_POINT,-0.9094648887527299,-4.341104304334095,-39.656281707985954,-40.05308095788655
4,-4,68,136/353,STABLE,NONZERO_FIXED_POINT,-0.9271618823434942,-4.520488544481594,-41.38750403172759,-41.80173982874521
4,-4,69,2139/5785,STABLE,NONZERO_FIXED_POINT,-0.9452789544196563,-4.7040399661891215,-43.16029905783171,-43.592391636547916
4,-4,70,525/1481,STABLE,NONZERO_FIXED_POINT,-0.9638422652870027,-4.8920209956060035,-44.97725604873074,-45.42765180384595
4,-4,71,2059/6065,STABLE,NONZERO_FIXED_POINT,-0.982880947502121,-5.08472345350026,-46.841258603716085,-47.31043306230066
4,-4,72,63/194,STABLE,NONZERO_FIXED_POINT,-1.002427492603812,-5.282472529706311,-48.75552293811268,-49.24398411858931
4,-4,73,1971/6353,STABLE,NONZERO_FIXED_POINT,-1.0225182110423816,-5.485631459977739,-50.723643409641625,-51.23193564069743
4,-4,74,37/125,STABLE,NONZERO_FIXED_POINT,-1.0431937816224703,-5.694607075878828,-52.74964690717309,-53.27835519611415
4,-4,75,1875/6649,STABLE,NONZERO_FIXED_POINT,-1.0644999112846847,-5.909856441686614,-54.83805816352486,-55.387813224412525
4,-4,76,114/425,STABLE,NONZERO_FIXED_POINT,-1.0864881320322652,-6.131894850707049,-56.99397864607894,-57.56546272479281
4,-4,77,1771/6953,STABLE,NONZERO_FIXED_POINT,-1.109216769825796,-6.361305532509093,-59.22318247265662,-59.81713614085214
4,-4,78,429/1777,STABLE,NONZERO_FIXED_POINT,-1.1327521311374262,-6.5987515304398485,-61.53223387607159,-62.1494640116922
4,-4,79,1659/7265,STABLE,NONZERO_FIXED_POINT,-1.157169967771896,-6.844990357311588,-63.928632217450456,-64.5700214500601
4,-4,80,25/116,STABLE,NONZERO_FIXED_POINT,-1.1825573013049127,-7.100892244104671,-66.42099260199674,-67.08751058255163
4,-4,81,1539/7585,STABLE,NONZERO_FIXED_POINT,-1.2090147177549095,-7.3674630888230865,-69.01927304815689,-69.71199001344814
4,-4,82,369/1937,STABLE,NONZERO_FIXED_POINT,-1.2366592850461142,-7.645873631787815,-71.73506331339735,-72.4551665679574
4,-4,83,1411/7913,STABLE,NONZERO_FIXED_POINT,-1.265628306973154,-7.937496994975703,-74.58195653388782,-75.33077068586095
4,-4,84,84/505,STABLE,NONZERO_FIXED_POINT,-1.2960842182445802,-8.243957631533547,-77.57603383122213,-78.35504592327888
4,-4,85,1275/8249,STABLE,NONZERO_FIXED_POINT,-1.3282210630654294,-8.567196110318314,-80.73650568971988,-81.5473968085538
4,-4,86,301/2105,STABLE,NONZERO_FIXED_POINT,-1.362273213890738,-8.909556301951895,-84.08657511084226,-84.93126071542014
4,-4,87,87/661,STABLE,NONZERO_FIXED_POINT,-1.3985273284803164,-9.273904947808752,-87.65462135961201,-88.53530356647903
4,-4,88,33/274,STABLE,NONZERO_FIXED_POINT,-1.4373391042563073,-9.663799202025864,-91.47585864417107,-92.39509526711356
4,-4,89,979/8945,STABLE,NONZERO_FIXED_POINT,-1.4791573416954336,-10.08372726390133,-95.59471838992482,-96.55551604302508
4,-4,90,225/2281,STABLE,NONZERO_FIXED_POINT,-1.5245595108031278,-10.53946404118146,-100.06837031892758,-101.0743130860929
4,-4,91,819/9305,STABLE,NONZERO_FIXED_POINT,-1.5743061223282773,-11.03861486083865,-104.97210519871675,-106.02753767442312
4,-4,92,46/593,STABLE,NONZERO_FIXED_POINT,-1.6294272594098622,-11.59148078425983,-110.40790147402237,-111.51819833570505
4,-4,93,651/9673,STABLE,NONZERO_FIXED_POINT,-1.691367196338259,-12.212504793674007,-116.5187425229334,-117.69072272213862
4,-4,94,141/2465,STABLE,NONZERO_FIXED_POINT,-1.7622412559767255,-12.922840365272123,-123.5140455405226,-124.75664335148045
4,-4,95,475/10049,STABLE,NONZERO_FIXED_POINT,-1.8453289781635647,-13.755283152219796,-131.71848520964608,-133.04391444624633
4,-4,96,3/80,STABLE,NONZERO_FIXED_POINT,-1.9461246192171455,-14.764775978780323,-141.67599315101336,-143.10196188328564
4,-4,97,291/10433,STABLE,NONZERO_FIXED_POINT,-2.074928099738006,-16.05431831748397,-154.40626175474227,-155.96077797313848
4,-4,98,49/2657,STABLE,NONZERO_FIXED_POINT,-2.254863199313867,-17.855148235396605,-172.1985454553736,-173.93274092975534
4,-4,99,99/10825,STABLE,NONZERO_FIXED_POINT,-2.5597161283210674,-20.90512811141771,-202.35767933949663,-204.3964720499245
4,-4,100,0,STABLE,NONZERO_FIXED_POINT,,,,
4,-3,1,33/683,STABLE,NONZERO_FIXED_POINT,-1.8110281347471133,-13.633709796640225,-130.74941177516465,-132.06531853896828
4,-3,2,49/513,STABLE,NONZERO_FIXED_POINT,-1.5153138358556895,-10.655038236196681,-101.428032608638,-102.44795389372135
4,-3,3,291/2057,STABLE,NONZERO_FIXED_POINT,-1.3450048640871302,-8.931727753209444,-84.52310369568545,-85.37244499839431
4,-3,4,8/43,STABLE,NONZERO_FIXED_POINT,-1.2263128715599567,-7.725818793788257,-72.72950251960212,-73.45988098818977
4,-3,5,475/2073,STABLE,NONZERO_FIXED_POINT,-1.1361107682340545,-6.80597160417333,-63.75757840652244,-64.39748409899141
4,-3,6,141/521,STABLE,NONZERO_FIXED_POINT,-1.0640941906109749,-6.069079395458189,-56.58713665382027,-57.1547552644644
4,-3,7,217/699,STABLE,NONZERO_FIXED_POINT,-1.0047633576846664,-5.4600853349922005,-50.67364125412357,-51.18165869602069
4,-3,8,23/66,STABLE,NONZERO_FIXED_POINT,-0.9548321829608772,-4.946071921133324,-45.69171617369716,-46.14953227322144
4,-3,9,819/2129,STABLE,NONZERO_FIXED_POINT,-0.9121778428011016,-4.505754772281691,-41.431151968894426,-41.84604372857234
4,-3,10,75/179,STABLE,NONZERO_FIXED_POINT,-0.875347682644211,-4.1245498760890555,-37.748088982086585,-38.125880749674764
4,-3,11,979/2169,STABLE,NONZERO_FIXED_POINT,-0.843302439654444,-3.7920044778698383,-34.539595967920036,-34.885072828131115
4,-3,12,66/137,STABLE,NONZERO_FIXED_POINT,-0.8152717081077787,-3.50035131120881,-31.729360834531548,-32.04653746614608
4,-3,13,377/739,STABLE,NONZERO_FIXED_POINT,-0.7731503567208371,-3.226127835246814,-29.24161520702046,-29.533918295209446
4,-3,14,301/561,STABLE,NONZERO_FIXED_POINT,-0.7059926474042229,-2.954183964555213,-27.020308603612477,-27.29070496927477
4,-3,15,1275/2273,STABLE,NONZERO_FIXED_POINT,-0.6446825624660413,-2.712036367076365,-25.060301738281225,-25.3113909892362
4,-3,16,7/12,STABLE,NONZERO_FIXED_POINT,-0.5887837748923941,-2.496506539800084,-23.33186669704537,-23.565949903078717
4,-3,17,1411/2337,STABLE,NONZERO_FIXED_POINT,-0.5379678306468598,-2.30500280126563,-21.81048142772181,-22.02961312635972
4,-3,18,369/593,STABLE,NONZERO_FIXED_POINT,-0.4919869171635227,-2.135389261026127,-20.475638668548072,-20.681666995753233
4,-3,19,513/803,STABLE,NONZERO_FIXED_POINT,-0.4506524528582574,-1.9858883825757019,-19.309977683562977,-19.504575863729826
4,-3,20,100/153,STABLE,NONZERO_FIXED_POINT,-0.4138176368843638,-1.8550059381038793,-18.29863905692997,-18.483330487747565
4,-3,21,1659/2489,STABLE,NONZERO_FIXED_POINT,-0.38136286549622866,-1.7414712762311595,-17.428777046756863,-17.6049555573411
4,-3,22,143/211,STABLE,NONZERO_FIXED_POINT,-0.35318342675787306,-1.6441885342572533,-16.68918550702287,-16.85813192485554
4,-3,23,1771/2577,STABLE,NONZERO_FIXED_POINT,-0.32917921569724484,-1.5621962235493285,-16.07000724215243,-16.232903099513237
4,-3,24,57/82,STABLE,NONZERO_FIXED_POINT,-0.30924641105995043,-1.494633776415462,-15.562505774774564,-15.720444771485802
4,-3,25,625/891,STABLE,NONZERO_FIXED_POINT,-0.29327114688809175,-1.4407143309288912,-15.158884602941328,-15.312882289634103
4,-3,26,481/681,STABLE,NONZERO_FIXED_POINT,-0.28112521637224575,-1.399703362348383,-14.852143146997548,-15.003145182536514
4,-3,27,1971/2777,STABLE,NONZERO_FIXED_POINT,-0.2726637834149912,-1.3709028428533827,-14.635961400281815,-14.78485065575262
4,-3,28,42/59,STABLE,NONZERO_FIXED_POINT,-0.2677249754912818,-1.3536405167372152,-14.504607235408088,-14.652209956652342
4,-3,29,2059/2889,STABLE,NONZERO_FIXED_POINT,-0.26613111876627116,-1.3472637032313202,-14.45286167222855,-14.599952867454704
4,-3,30,525/737,STABLE,NONZERO_FIXED_POINT,-0.26769128005381404,-1.351136860472316,-14.475958386243235,-14.623266570696387
4,-3,31,713/1003,STABLE,NONZERO_FIXED_POINT,-0.27220471994691664,-1.3646420191862632,-14.569534464370008,-14.717745867538554
4,-3,32,17/24,STABLE,NONZERO_FIXED_POINT,-0.2794648467376959,-1.3871811552989328,-14.729589988085309,-14.879352308418646
4,-3,33,2211/3137,STABLE,NONZERO_FIXED_POINT,-0.2892632901142207,-1.4181796223920529,-14.952454495991901,-15.104380272110973
4,-3,34,187/267,STABLE,NONZERO_FIXED_POINT,-0.30139377712151827,-1.4570898918980788,-15.234758777823686,-15.389428432651755
4,-3,35,2275/3273,STABLE,NONZERO_FIXED_POINT,-0.3156555760557751,-1.5033950228383972,-15.573410792988682,-15.731375397303509
4,-3,36,144/209,STABLE,NONZERO_FIXED_POINT,-0.3318563620168913,-1.556611472410708,-15.965574794066924,-16.1273585880827
4,-3,37,777/1139,STABLE,NONZERO_FIXED_POINT,-0.34981443871862083,-1.6162910369449364,-16.408652971637537,-16.574755676915686
4,-3,38,589/873,STABLE,NONZERO_FIXED_POINT,-0.3693603170938857,-1.6820218614288578,-16.900269124284705,-17.071168073203125
4,-3,39,2379/3569,STABLE,NONZERO_FIXED_POINT,-0.3903376989015719,-1.753428566204711,-17.438254001186124,-17.614406107104514
4,-3,40,25/38,STABLE,NONZERO_FIXED_POINT,-0.41260394317067295,-1.830171610832629,-18.02063207044742,-18.20247565839219
4,-3,41,2419/3729,STABLE,NONZERO_FIXED_POINT,-0.43603010745022175,-1.911946052218255,-18.64560954132037,-18.833566056319796
4,-3,42,609/953,STABLE,NONZERO_FIXED_POINT,-0.4605006580976223,-1.9984798644017303,-19.311563519648928,-19.50603912765439
4,-3,43,817/1299,STABLE,NONZERO_FIXED_POINT,-0.48591293800941315,-2.089531979028564,-20.01703220971268,-20.218419304253302
4,-3,44,154/249,STABLE,NONZERO_FIXED_POINT,-0.5121764696108606,-2.184890185838931,-20.7607060974224,-20.969384723681713
4,-3,45,2475/4073,STABLE,NONZERO_FIXED_POINT,-0.5392121581913756,-2.2843690074376326,-21.54142006376253,-21.75775927057896
4,-3,46,207/347,STABLE,NONZERO_FIXED_POINT,-0.5669514476551818,-2.3878076364232896,-22.358146386551056,-22.582505515885032
4,-3,47,2491/4257,STABLE,NONZERO_FIXED_POINT,-0.5953354686236771,-2.4950679984449664,-23.209988595158677,-23.442718517799335
4,-3,48,39/68,STABLE,NONZERO_FIXED_POINT,-0.6243142082143098,-2.6060329834839067,-24.096176148207945,-24.337620453887723
4,-3,49,833/1483,STABLE,NONZERO_FIXED_POINT,-0.6538457219801224,-2.7206048703005905,-25.016059909358148,-25.266556058979745
4,-3,50,625/1137,STABLE,NONZERO_FIXED_POINT,-0.6838954014242695,-2.8387039556124307,-25.96910840158921,-26.22898884893283
4,-3,51,2499/4649,STABLE,NONZERO_FIXED_POINT,-0.7144353050569556,-2.960267389879867,-26.954904826233474,-27.22449811629008
4,-3,52,52/99,STABLE,NONZERO_FIXED_POINT,-0.7454435569205042,-3.0852482150918306,-27.97314483953153,-28.2527766904943
4,-3,53,2491/4857,STABLE,NONZERO_FIXED_POINT,-0.7769038136327069,-3.2136145961011877,-29.023635086810543,-29.313629462747087
4,-3,54,621/1241,STABLE,NONZERO_FIXED_POINT,-0.8088047990599243,-3.34534923531875,-30.10629250260581,-30.40697268392796
4,-3,55,825/1691,STABLE,NONZERO_FIXED_POINT,-0.821217696183723,-3.4605267520964347,-31.201222185921495,-31.512911844969324
4,-3,56,77/162,STABLE,NONZERO_FIXED_POINT,-0.832814660843181,-3.577832284945451,-32.327237145966166,-32.65026143533632
4,-3,57,2451/5297,STABLE,NONZERO_FIXED_POINT,-0.8447392091270274,-3.69843206395808,-33.485730712741145,-33.82041737442472
4,-3,58,203/451,STABLE,NONZERO_FIXED_POINT,-0.8569950692031707,-3.8223625422389915,-34.67706825914493,-35.023748763109666
4,-3,59,2419/5529,STABLE,NONZERO_FIXED_POINT,-0.8695871466253884,-3.9496717360310285,-35.90173195453167,-36.26074267610852
4,-3,60,150/353,STABLE,NONZERO_FIXED_POINT,-0.8825215733963638,-4.080419747246474,-37.16032560819957,-37.53200905453173
4,-3,61,793/1923,STABLE,NONZERO_FIXED_POINT,-0.8958057683964391,-4.214679402391006,-38.45358063881082,-38.838286735731685
4,-3,62,589/1473,STABLE,NONZERO_FIXED_POINT,-0.9094485105277919,-4.352537018751818,-39.78236330335119,-40.18045075540675
4,-3,63,2331/6017,STABLE,NONZERO_FIXED_POINT,-0.9234600262147659,-4.4940933124291504,-41.14768334801818,-41.559521085989275
4,-3,64,3/8,STABLE,NONZERO_FIXED_POINT,-0.9378520932511558,-4.639464466942853,-42.55070427810335,-42.976673010375634
4,-3,65,2275/6273,STABLE,NONZERO_FIXED_POINT,-0.9526381634107111,-4.788783385909724,-43.99275548605391,-44.43324937259814
4,-3,66,561/1601,STABLE,NONZERO_FIXED_POINT,-0.967833506758077,-4.9422011588801595,-45.47534652845957,-45.93077499912272
4,-3,67,737/2179,STABLE,NONZERO_FIXED_POINT,-0.9834553812393771,-5.099888776123031,-47.00018390628691,-47.47097364867409
4,-3,68,136/417,STABLE,NONZERO_FIXED_POINT,-0.9995232319294303,-5.262039136314435,-48.56919078164833,-49.0557879282519
4,-3,69,2139/6809,STABLE,NONZERO_FIXED_POINT,-1.0160589253102312,-5.428869401184556,-50.18453016317494,-50.68740271278176
4,-3,70,175/579,STABLE,NONZERO_FIXED_POINT,-1.0330870252128932,-5.600623763817289,-51.8486322165445,-52.36827273158565
4,-3,71,2059/7089,STABLE,NONZERO_FIXED_POINT,-1.0506351186515595,-5.777576713289314,-53.56422651477067,-54.10115514450467
4,-3,72,63/226,STABLE,NONZERO_FIXED_POINT,-1.0687342018209849,-5.960036898763441,-55.334380245123384,-55.88914813481716
4,-3,73,657/2459,STABLE,NONZERO_FIXED_POINT,-1.087419139165501,-6.148351722491476,-57.16254365051958,-57.73573680969855
4,-3,74,481/1881,STABLE,NONZERO_FIXED_POINT,-1.1067292118579566,-6.34291282545756,-59.052604322886225,-59.64484804206273
4,-3,75,1875/7673,STABLE,NONZERO_FIXED_POINT,-1.1267087765340271,-6.544162674421926,-61.00895241216199,-61.62091633829897
4,-3,76,38/163,STABLE,NONZERO_FIXED_POINT,-1.1474080611055744,-6.752602518867505,-63.036559406470076,-63.668963414257206
4,-3,77,1771/7977,STABLE,NONZERO_FIXED_POINT,-1.1688841324914083,-6.968802066457194,-65.14107393243177,-65.7946949632929
4,-3,78,429/2033,STABLE,NONZERO_FIXED_POINT,-1.1912020819701645,-7.193411334235641,-67.328939100372,-68.00461918682532
4,-3,79,553/2763,STABLE,NONZERO_FIXED_POINT,-1.2144364887740302,-7.427175281915488,-69.6075373956557,-70.30619314926747
4,-3,80,25/132,STABLE,NONZERO_FIXED_POINT,-1.238673243283844,-7.670952040974512,-71.98537117082583,-72.70800509335965
4,-3,81,1539/8609,STABLE,NONZERO_FIXED_POINT,-1.264011840450019,-7.9257358459043274,-74.47228969035268,-75.2200037783391
4,-3,82,123/731,STABLE,NONZERO_FIXED_POINT,-1.2905682960045262,-8.19268619333598,-77.07977783193346,-77.8537900974519
4,-3,83,1411/8937,STABLE,NONZERO_FIXED_POINT,-1.3184788991803504,-8.473165366262151,-79.82132760225682,-80.62299234643717
4,-3,84,84/569,STABLE,NONZERO_FIXED_POINT,-1.3479051065209884,-8.768787369221272,-82.71292262088909,-83.54375560122227
4,-3,85,425/3091,STABLE,NONZERO_FIXED_POINT,-1.3790400192445205,-9.081482699117807,-85.7736793762632,-86.63538945127624
4,-3,86,301/2361,STABLE,NONZERO_FIXED_POINT,-1.4121171007977757,-9.413585518052294,-89.0267102606714,-89.92123975215628
4,-3,87,1131/9617,STABLE,NONZERO_FIXED_POINT,-1.4474221327339407,-9.767953209506238,-92.50030719945102,-93.42988421057163
4,-3,88,11/102,STABLE,NONZERO_FIXED_POINT,-1.4853099679174981,-10.14813390792737,-96.2296002157431,-97.19680770234679
4,-3,89,979/9969,STABLE,NONZERO_FIXED_POINT,-1.5262285927904138,-10.558607119055786,-100.25893959246594,-101.26680849666116
4,-3,90,225/2537,STABLE,NONZERO_FIXED_POINT,-1.57075469274821,-11.0051393714771,-104.64541684231222,-105.69755479142259
4,-3,91,273/3443,STABLE,NONZERO_FIXED_POINT,-1.6196480222858263,-11.495327915998317,-109.46424735009094,-110.56502172575495
4,-3,92,46/657,STABLE,NONZERO_FIXED_POINT,-1.6739379356053803,-12.039466029763346,-114.81733690092489,-115.97214443880313
4,-3,93,651/10697,STABLE,NONZERO_FIXED_POINT,-1.7350680043690883,-12.651989191935925,-120.8475988359387,-122.06327984317471
4,-3,94,47/907,STABLE,NONZERO_FIXED_POINT,-1.8051528741432339,-13.354043646402559,-127.76438283847222,-129.04989226759662
4,-3,95,475/11073,STABLE,NONZERO_FIXED_POINT,-1.8874714318537222,-14.178418074695642,-135.89229851054597,-137.25987020083642
4,-3,96,3/88,STABLE,NONZERO_FIXED_POINT,-1.98751730437537,-15.180048580352357,-145.7752147316674,-147.24257614909789
4,-3,97,97/3819,STABLE,NONZERO_FIXED_POINT,-2.1155898054489164,-16.461928156643175,-158.43276340217264,-160.02794132627974
4,-3,98,49/2913,STABLE,NONZERO_FIXED_POINT,-2.2948121295312554,-18.25528862371972,-176.15414063304442,-177.92828503764358
4,-3,99,99/11849,STABLE,NONZERO_FIXED_POINT,-2.5989699227719463,-21.29798633710751,-206.2441252713148,-208.3221717761935
4,-3,100,0,STABLE,NONZERO_FIXED_POINT,,,,
4,-2,1,99/4097,STABLE,NONZERO_FIXED_POINT,-2.11195214029906,-16.653066103723283,-160.551004576371,-162.1678353457266
4,-2,2,49/1025,STABLE,NONZERO_FIXED_POINT,-1.8159203361356475,-13.680415907004019,-131.20738880433416,-132.5279165896974
4,-2,3,291/4105,STABLE,NONZERO_FIXED_POINT,-1.6450837338478657,-11.96017837711792,-114.25857372690945,-115.407993899379
4,-2,4,24/257,STABLE,NONZERO_FIXED_POINT,-1.5256562845920039,-10.75448114965943,-102.39972861383353,-103.42945049545324
4,-2,5,475/4121,STABLE,NONZERO_FIXED_POINT,-1.4345140806647816,-9.832073635676267,-93.3415750719306,-94.27988407683034
4,-2,6,141/1033,STABLE,NONZERO_FIXED_POINT,-1.3613567888310705,-9.089941302690022,-86.06436889257827,-86.92925010144248
4,-2,7,651/4145,STABLE,NONZERO_FIXED_POINT,-1.3006894621056144,-8.473123747767474,-80.02409937402439,-80.82804292034251
4,-2,8,23/130,STABLE,NONZERO_FIXED_POINT,-1.2492315997258459,-7.948805258921034,-74.89598622163797,-75.64820173792722
4,-2,9,819/4177,STABLE,NONZERO_FIXED_POINT,-1.2048666566278996,-7.4958098770508315,-70.4704809551992,-71.17806152870395
4,-2,10,225/1049,STABLE,NONZERO_FIXED_POINT,-1.1661488851382131,-7.099669784906034,-66.60444421105365,-67.27303718113586
4,-2,11,979/4217,STABLE,NONZERO_FIXED_POINT,-1.1320464886551136,-6.750056820468664,-63.195717936156996,-63.8299388453687
4,-2,12,66/265,STABLE,NONZERO_FIXED_POINT,-1.10179701488818,-6.4393363903852645,-60.16880930264267,-60.77251124103762
4,-2,13,1131/4265,STABLE,NONZERO_FIXED_POINT,-1.0748208369912167,-6.161702266957612,-57.46632532763596,-58.042781758214005
4,-2,14,301/1073,STABLE,NONZERO_FIXED_POINT,-1.0506667957823304,-5.912633000849702,-55.04359144399319,-55.59562467036528
4,-2,15,1275/4321,STABLE,NONZERO_FIXED_POINT,-1.0289766472325468,-5.6885363914588964,-52.86513179548922,-53.39520587703049
4,-2,16,21/68,STABLE,NONZERO_FIXED_POINT,-1.009461013435053,-5.486508996973534,-50.90228837904672,-51.41257799701904
4,-2,17,1411/4385,STABLE,NONZERO_FIXED_POINT,-0.9918826428782808,-5.304168741921266,-49.13156381014585,-49.62400639409361
4,-2,18,369/1105,STABLE,NONZERO_FIXED_POINT,-0.9760444681624918,-5.139535502814837,-47.533439036900575,-48.00977494876264
4,-2,19,1539/4457,STABLE,NONZERO_FIXED_POINT,-0.9617809020322383,-4.990944079512786,-46.091511648866,-46.55331566312071
4,-2,20,100/281,STABLE,NONZERO_FIXED_POINT,-0.9489513734718784,-4.856979568447862,-44.791855953268,-45.24056227317311
4,-2,21,1659/4537,STABLE,NONZERO_FIXED_POINT,-0.9374354471143391,-4.736428568844801,-43.622539800179425,-44.0594621934211
4,-2,22,429/1145,STABLE,NONZERO_FIXED_POINT,-0.9271290833904882,-4.628241794919646,-42.573254341721565,-42.99960253621276
4,-2,23,1771/4625,STABLE,NONZERO_FIXED_POINT,-0.9179417347353755,-4.531505046191093,-41.635026561403436,-42.051919737288415
4,-2,24,57/146,STABLE,NONZERO_FIXED_POINT,-0.9097940640412716,-4.445416397128717,-40.79999340622231,-41.20847140633424
4,-2,25,1875/4721,STABLE,NONZERO_FIXED_POINT,-0.90261613270658,-4.369268079370229,-40.06122240892978,-40.46225513729735
4,-2,26,481/1193,STABLE,NONZERO_FIXED_POINT,-0.8963459475787268,-4.302431949643491,-39.41256784083464,-39.80706320813118
4,-2,27,1971/4825,STABLE,NONZERO_FIXED_POINT,-0.8909282853613973,-4.2443477296139775,-38.84855433349475,-39.23736502689508
4,-2,28,126/305,STABLE,NONZERO_FIXED_POINT,-0.8863137338065741,-4.194513411645765,-38.36428196192608,-38.74821125615529
4,-2,29,2059/4937,STABLE,NONZERO_FIXED_POINT,-0.8824579039341778,-4.152477373837854,-37.95534825927308,-38.33515503987462
4,-2,30,525/1249,STABLE,NONZERO_FIXED_POINT,-0.8793207783963055,-4.117831856469529,-37.61778370946621,-37.99418684443435
4,-2,31,2139/5057,STABLE,NONZERO_FIXED_POINT,-0.8768661691254618,-4.090207532128957,-37.34799805860354,-37.721680227664535
4,-2,32,17/40,STABLE,NONZERO_FIXED_POINT,-0.8750612633917001,-4.069268961485488,-37.14273537838545,-37.51434644833515
4,-2,33,2211/5185,STABLE,NONZERO_FIXED_POINT,-0.8738762419071833,-4.054710771575131,-36.99903626178303,-37.36919627992938
4,-2,34,561/1313,STABLE,NONZERO_FIXED_POINT,-0.8732839560538856,-4.046254427589645,-36.91420587141624,-37.28350773624953
4,-2,35,2275/5321,STABLE,NONZERO_FIXED_POINT,-0.873259653952065,-4.043645495334523,-36.885786822676835,-37.254798680608474
4,-2,36,144/337,STABLE,NONZERO_FIXED_POINT,-0.8737807471355623,-4.046651311790896,-36.91153608642847,-37.280803495204594
4,-2,37,2331/5465,STABLE,NONZERO_FIXED_POINT,-0.8748266112012537,-4.055058997065068,-36.98940525465872,-37.35945314742389
4,-2,38,589/1385,STABLE,NONZERO_FIXED_POINT,-0.8763784150619358,-4.068673753519107,-37.11752363738282,-37.48885811599615
4,-2,39,2379/5617,STABLE,NONZERO_FIXED_POINT,-0.8784189744335436,-4.0873174078446155,-37.29418375828118,-37.667293740120044
4,-2,40,75/178,STABLE,NONZERO_FIXED_POINT,-0.8809326259890611,-4.110827159858488,-37.51782889588162,-37.89318763479881
4,-2,41,2419/5777,STABLE,NONZERO_FIXED_POINT,-0.883905119256795,-4.139054508304028,-37.78704238100789,-38.16510888018746
4,-2,42,609/1465,STABLE,NONZERO_FIXED_POINT,-0.8873235238648451,-4.17186432926065,-38.10053841309099,-38.481758745148284
4,-2,43,2451/5945,STABLE,NONZERO_FIXED_POINT,-0.8911761501618649,-4.209134087151021,-38.45715420035344,-38.84196274805606
4,-2,44,154/377,STABLE,NONZERO_FIXED_POINT,-0.8954524815975304,-4.250753161974437,-38.8558432638489,-39.24466389321822
4,-2,45,2475/6121,STABLE,NONZERO_FIXED_POINT,-0.900143117539761,-4.296622279437948,-39.295669774413284,-39.68891695064286
4,-2,46,621/1553,STABLE,NONZERO_FIXED_POINT,-0.9052397254523967,-4.346653033218168,-39.77580381600319,-40.17388367155519
4,-2,47,2491/6305,STABLE,NONZERO_FIXED_POINT,-0.9107350015665183,-4.400767490760039,-40.295517489633085,-40.69882885300575
4,-2,48,39/100,STABLE,NONZERO_FIXED_POINT,-0.9166226393587671,-4.458897875881348,-40.85418178996406,-41.26311718293758
4,-2,49,2499/6497,STABLE,NONZERO_FIXED_POINT,-0.9228973053076057,-4.520986323067618,-41.45126420219003,-41.86621081282897
4,-2,50,625/1649,STABLE,NONZERO_FIXED_POINT,-0.929554621538518,-4.5869846997658215,-42.086326980742626,-42.507667619043104
4,-2,51,2499/6697,STABLE,NONZERO_FIXED_POINT,-0.9365911550966928,-4.656854494266113,-42.75902608395137,-43.18714012676111
4,-2,52,156/425,STABLE,NONZERO_FIXED_POINT,-0.9440044137043806,-4.730566767940999,-43.46911075054794,-43.9043750822438
4,-2,53,2491/6905,STABLE,NONZERO_FIXED_POINT,-0.9517928479737598,-4.808102171730454,-44.21642371514582,-44.659213670524025
4,-2,54,621/1753,STABLE,NONZERO_FIXED_POINT,-0.9599558601579119,-4.889451027857369,-45.00090207090295,-45.45159238682015
4,-2,55,2475/7121,STABLE,NONZERO_FIXED_POINT,-0.9684938196361159,-4.9746134788652085,-45.82257879880245,-46.281544581302626
4,-2,56,77/226,STABLE,NONZERO_FIXED_POINT,-0.9774080854479488,-5.063599707226324,-46.68158499471053,-47.149202708685465
4,-2,57,2451/7345,STABLE,NONZERO_FIXED_POINT,-0.9867010363177044,-5.156430230012504,-47.578152837940024,-48.05480132681424
4,-2,58,609/1865,STABLE,NONZERO_FIXED_POINT,-0.9963761087502547,-5.253136274490494,-48.51261935886123,-48.99868090237311
4,-2,59,2419/7577,STABLE,NONZERO_FIXED_POINT,-1.0064378439360802,-5.353760242050484,-49.48543107861366,-49.981292497501215
4,-2,60,150/481,STABLE,NONZERO_FIXED_POINT,-1.0168919443823743,-5.458356269650679,-50.49714961170787,-51.00320342902603
4,-2,61,2379/7817,STABLE,NONZERO_FIXED_POINT,-1.0277453413954145,-5.566990900028507,-51.54845834291609,-52.065104012835945
4,-2,62,589/1985,STABLE,NONZERO_FIXED_POINT,-1.0390062747842954,-5.679743874370402,-52.64017031411112,-53.167815530423184
4,-2,63,2331/8065,STABLE,NONZERO_FIXED_POINT,-1.05068438644809,-5.796709064043476,-53.77323748560241,-54.31229958380686
4,-2,64,9/32,STABLE,NONZERO_FIXED_POINT,-1.062790829859456,-5.917995561498213,-54.94876157126376,-55.49966904014434
4,-2,65,2275/8321,STABLE,NONZERO_FIXED_POINT,-1.0753383978833995,-6.043728954708492,-56.16800668890431,-56.73120080992123
4,-2,66,561/2113,STABLE,NONZERO_FIXED_POINT,-1.088341671891091,-6.1740528147241065,-57.43241411890375,-58.00835075469996
4,-2,67,2211/8585,STABLE,NONZERO_FIXED_POINT,-1.101817195770396,-6.309130432333362,-58.743619527695444,-59.332771084613626
4,-2,68,136/545,STABLE,NONZERO_FIXED_POINT,-1.1157836792323153,-6.449146847808301,-60.1034730916129,-60.70633068551933
4,-2,69,2139/8857,STABLE,NONZERO_FIXED_POINT,-1.1302622358096865,-6.594311227681295,-61.51406305535073,-62.13113891545697
4,-2,70,525/2249,STABLE,NONZERO_FIXED_POINT,-1.145276662201427,-6.744859655072162,-62.97774338370982,-63.60957353573946
4,-2,71,2059/9137,STABLE,NONZERO_FIXED_POINT,-1.1608537672112966,-6.901058416046368,-64.49716632328574,-65.14431360157948
4,-2,72,63/290,STABLE,NONZERO_FIXED_POINT,-1.177023760572541,-7.063207884909971,-66.07532089294224,-66.7383783413876
4,-2,73,1971/9425,STABLE,NONZERO_FIXED_POINT,-1.1938207145849518,-7.231647137701955,-67.71557858280238,-68.39517331740075
4,-2,74,481/2393,STABLE,NONZERO_FIXED_POINT,-1.2112831149210166,-7.406759457446704,-69.42174788106416,-70.11854550330378
4,-2,75,1875/9721,STABLE,NONZERO_FIXED_POINT,-1.2294545214636017,-7.588978939790138,-71.19813969402759,-71.91284936509413
4,-2,76,114/617,STABLE,NONZERO_FIXED_POINT,-1.2483843660151948,-7.778798467418454,-73.04964631649446,-73.7830266291912
4,-2,77,1771/10025,STABLE,NONZERO_FIXED_POINT,-1.2681289217323979,-7.976779401796911,-74.98183740305541,-75.73470322315757
4,-2,78,429/2545,STABLE,NONZERO_FIXED_POINT,-1.288752490004903,-8.183563449421477,-77.00107746646876,-77.77430796095683
4,-2,79,1659/10337,STABLE,NONZERO_FIXED_POINT,-1.3103288654113925,-8.399887308908902,-79.1146709057424,-79.90921903599155
4,-2,80,25/164,STABLE,NONZERO_FIXED_POINT,-1.3329431601256925,-8.626600912659157,-81.33104261987532,-82.14794645925096
4,-2,81,1539/10657,STABLE,NONZERO_FIXED_POINT,-1.3566940984097045,-8.864690369456774,-83.65996516027599,-84.50036150622208
4,-2,82,369/2705,STABLE,NONZERO_FIXED_POINT,-1.3816969337695912,-9.115307133776291,-86.11284752692603,-86.97798843020956
4,-2,83,1411/10985,STABLE,NONZERO_FIXED_POINT,-1.4080872025021751,-9.379805539062197,-88.7031067672579,-89.59437981476009
4,-2,84,84/697,STABLE,NONZERO_FIXED_POINT,-1.4360256182239262,-9.659791740906776,-91.44665253238728,-92.36560602442339
4,-2,85,1275/11321,STABLE,NONZERO_FIXED_POINT,-1.4657045498562447,-9.957188494863203,-94.36252839559774,-95.31090300122247
4,-2,86,301/2873,STABLE,NONZERO_FIXED_POINT,-1.4973567397109981,-10.274322335332982,-97.47377494082957,-98.45354407122767
4,-2,87,1131/11665,STABLE,NONZERO_FIXED_POINT,-1.531267259817609,-10.614043136939657,-100.8086134371539,-101.82203557535814
4,-2,88,33/370,STABLE,NONZERO_FIXED_POINT,-1.5677902655029134,-10.979891648500057,-104.40210444134368,-105.45179222553276
4,-2,89,979/12017,STABLE,NONZERO_FIXED_POINT,-1.6073730579644003,-11.376340116998449,-108.2985299908645,-109.38754336023374
4,-2,90,225/3049,STABLE,NONZERO_FIXED_POINT,-1.6505916498918616,-11.809147942111437,-112.55491459872104,-113.68688950497506
4,-2,91,819/12377,STABLE,NONZERO_FIXED_POINT,-1.6982051358030468,-12.285905377938988,-117.24640791506079,-118.42573940424194
4,-2,92,46/785,STABLE,NONZERO_FIXED_POINT,-1.751242222790852,-12.816898838914383,-122.47485126958196,-123.70696309464563
4,-2,93,651/12745,STABLE,NONZERO_FIXED_POINT,-1.8111458483701988,-13.41655707677338,-128.38309483687482,-129.67485368811197
4,-2,94,141/3233,STABLE,NONZERO_FIXED_POINT,-1.8800300369750325,-14.106019744084584,-135.18042642818426,-136.54081302014046
4,-2,95,475/13121,STABLE,NONZERO_FIXED_POINT,-1.9611730674301704,-14.918069067586636,-143.19139506974074,-144.63266839560765
4,-2,96,3/104,STABLE,NONZERO_FIXED_POINT,-2.0600679715239814,-15.907634832590185,-152.95981036013166,-154.4997224447108
4,-2,97,291/13505,STABLE,NONZERO_FIXED_POINT,-2.1870134808794077,-17.177703850417437,-165.50524620926046,-167.17184780879802
4,-2,98,49/3425,STABLE,NONZERO_FIXED_POINT,-2.3651322207320327,-18.95950189496495,-183.11684202115876,-184.96130651695873
4,-2,99,99/13897,STABLE,NONZERO_FIXED_POINT,-2.668209280811279,-21.99087941034803,-213.09932121005582,-215.24660707297386
4,-2,100,0,STABLE,NONZERO_FIXED_POINT,,,,
4,-1,1,33/2731,STABLE,NONZERO_FIXED_POINT,-2.4129291312053134,-19.66798591280802,-190.35287657611232,-192.27068433637416
4,-1,2,49/2049,STABLE,NONZERO_FIXED_POINT,-2.1167384291450695,-16.698600774846312,-160.99838395001493,-162.61972982838765
4,-1,3,291/8201,STABLE,NONZERO_FIXED_POINT,-1.945637384288645,-14.980287456123236,-144.02795769514273,-145.47793151805308
4,-1,4,8/171,STABLE,NONZERO_FIXED_POINT,-1.8258405263725237,-13.775189381437457,-132.1368343640562,-133.46674048745638
4,-1,5,475/8217,STABLE,NONZERO_FIXED_POINT,-1.7342247531138177,-12.852073621052881,-123.03582490509245,-124.2738445824412
4,-1,6,141/2057,STABLE,NONZERO_FIXED_POINT,-1.6604907590061746,-12.107945177666842,-115.70529611216949,-116.86931129120879
4,-1,7,217/2747,STABLE,NONZERO_FIXED_POINT,-1.5991448413595464,-11.487865046149267,-109.60136942206427,-110.70376834763624
4,-1,8,23/258,STABLE,NONZERO_FIXED_POINT,-1.546907953382238,-10.959040744020044,-104.39941716919546,-105.44930903914113
4,-1,9,819/8273,STABLE,NONZERO_FIXED_POINT,-1.5016652056901538,-10.500321326496227,-99.89006323499439,-100.89444235756133
4,-1,10,75/691,STABLE,NONZERO_FIXED_POINT,-1.4619726990385171,-10.097265714045065,-95.93035948858528,-96.89477627256778
4,-1,11,979/8313,STABLE,NONZERO_FIXED_POINT,-1.4268006681421443,-9.73957413108593,-92.41835702549645,-93.34733211419518
4,-1,12,66/521,STABLE,NONZERO_FIXED_POINT,-1.395388864250898,-9.419641932490322,-89.27878904338002,-90.17608283113768
4,-1,13,377/2787,STABLE,NONZERO_FIXED_POINT,-1.3671600249206417,-9.131694302266098,-86.45450435031734,-87.32329996882487
4,-1,14,301/2097,STABLE,NONZERO_FIXED_POINT,-1.3416655042817212,-8.871242557429234,-83.90108476258916,-84.7441166974607
4,-1,15,1275/8417,STABLE,NONZERO_FIXED_POINT,-1.3185497080972155,-8.634728499968752,-81.58332417682914,-82.40297131923506
4,-1,16,7/44,STABLE,NONZERO_FIXED_POINT,-1.2975260319346669,-8.41928380012503,-79.4728464505858,-80.27120108705775
4,-1,17,1411/8481,STABLE,NONZERO_FIXED_POINT,-1.278360108385403,-8.222562470305938,-77.54644687875617,-78.32536692821105
4,-1,18,369/2129,STABLE,NONZERO_FIXED_POINT,-1.2608578515796864,-8.042621312106064,-75.78490860244602,-76.54605789772535
4,-1,19,513/2851,STABLE,NONZERO_FIXED_POINT,-1.2448567399751855,-7.877832746187522,-74.17213960701633,-74.91701945921398
4,-1,20,100/537,STABLE,NONZERO_FIXED_POINT,-1.2302193392663554,-7.726820043480025,-72.6945314922014,-73.424505777901
4,-1,21,1659/8633,STABLE,NONZERO_FIXED_POINT,-1.2168284087594792,-7.588408391132205,-71.34047500542601,-72.05679036031285
4,-1,22,143/723,STABLE,NONZERO_FIXED_POINT,-1.2045831487287746,-7.46158736834964,-70.09998853231659,-70.80379079214606
4,-1,23,1771/8721,STABLE,NONZERO_FIXED_POINT,-1.193396284150415,-7.345481786072682,-68.96442938869075,-69.65677711399076
4,-1,24,57/274,STABLE,NONZERO_FIXED_POINT,-1.1831917710772224,-7.2393287531044805,-67.92626675401553,-68.60814246116342
4,-1,25,625/2939,STABLE,NONZERO_FIXED_POINT,-1.173902973067598,-7.142459442810093,-66.97890114026882,-67.65122070899736
4,-1,26,481/2217,STABLE,NONZERO_FIXED_POINT,-1.1654711970228746,-7.05428445391302,-66.11651944224923,-66.7801400589899
4,-1,27,1971/8921,STABLE,NONZERO_FIXED_POINT,-1.1578445070509655,-6.97428195155517,-65.33397751249885,-65.98970442758878
4,-1,28,42/187,STABLE,NONZERO_FIXED_POINT,-1.1509767557159494,-6.901987982203288,-64.6267042574226,-65.2752965735612
4,-1,29,2059/9033,STABLE,NONZERO_FIXED_POINT,-1.1448267869470676,-6.836988505125923,-63.99062272767401,-64.63279839128842
4,-1,30,525/2273,STABLE,NONZERO_FIXED_POINT,-1.1393577757471398,-6.77891279183067,-63.4220847516541,-64.05852488397312
4,-1,31,713/3051,STABLE,NONZERO_FIXED_POINT,-1.134536677854987,-6.7274279249989135,-62.91781645441955,-63.549169132210125
4,-1,32,17/72,STABLE,NONZERO_FIXED_POINT,-1.130333768495006,-6.6822341882417895,-62.47487259617242,-63.10175617122542
4,-1,33,2211/9281,STABLE,NONZERO_FIXED_POINT,-1.1267222538540143,-6.643061183071794,-62.09059811069312,-62.71360414078629
4,-1,34,187/779,STABLE,NONZERO_FIXED_POINT,-1.1236779423566325,-6.60966454379745,-61.76259556376965,-62.382291414905694
4,-1,35,2275/9417,STABLE,NONZERO_FIXED_POINT,-1.1211789654470472,-6.581823147414063,-61.48869751268802,-62.10562868211457
4,-1,36,144/593,STABLE,NONZERO_FIXED_POINT,-1.119205539628485,-6.559336735999878,-61.266942950162644,-61.88163515143165
4,-1,37,777/3187,STABLE,NONZERO_FIXED_POINT,-1.1177397631089292,-6.542023885099304,-61.09555717420682,-61.70851821887959
4,-1,38,589/2409,STABLE,NONZERO_FIXED_POINT,-1.1167654416598118,-6.529720264157298,-60.97293455000471,-61.58465605521593
4,-1,39,2379/9713,STABLE,NONZERO_FIXED_POINT,-1.116267939293195,-6.522277145056876,-60.89762372872656,-61.50858267542503
4,-1,40,25/102,STABLE,NONZERO_FIXED_POINT,-1.1162340501617471,-6.519560122800534,-60.868314967311306,-61.47897513040118
4,-1,41,2419/9873,STABLE,NONZERO_FIXED_POINT,-1.11665188872942,-6.52144801881262,-60.883829256959416,-61.494642525611596
4,-1,42,609/2489,STABLE,NONZERO_FIXED_POINT,-1.1175107957833088,-6.527831942565001,-60.94310901980816,-61.554516623783854
4,-1,43,817/3347,STABLE,NONZERO_FIXED_POINT,-1.1188012582845932,-6.538614491503701,-61.04521017558102,-61.65764383140635
4,-1,44,154/633,STABLE,NONZERO_FIXED_POINT,-1.1205148414090917,-6.553709072780805,-61.18929541491826,-61.803178404099185
4,-1,45,2475/10217,STABLE,NONZERO_FIXED_POINT,-1.1226441314215876,-6.573039333231755,-61.37462854515229,-61.99037673526368
4,-1,46,207/859,STABLE,NONZERO_FIXED_POINT,-1.1251826882747444,-6.596538686506406,-61.600569798726696,-62.218592617101024
4,-1,47,2491/10401,STABLE,NONZERO_FIXED_POINT,-1.128125007033475,-6.624149928361867,-61.86657201524116,-62.487273384080765
4,-1,48,39/164,STABLE,NONZERO_FIXED_POINT,-1.131466487406465,-6.6558249329348556,-62.17217762601203,-62.795956867033226
4,-1,49,833/3531,STABLE,NONZERO_FIXED_POINT,-1.135203410824996,-6.691524424395965,-62.51701638572786,-63.14426910188416
4,-1,50,625/2673,STABLE,NONZERO_FIXED_POINT,-1.139332924650537,-6.731217819801401,-62.90080380976178,-63.53192275117425
4,-1,51,2499/10793,STABLE,NONZERO_FIXED_POINT,-1.1438530332211378,-6.77488314024486,-63.323340288442296,-63.95871620937646
4,-1,52,52/227,STABLE,NONZERO_FIXED_POINT,-1.1487625955668568,-6.822506988613512,-63.78451086147288,-64.42453337503122
4,-1,53,2491/11001,STABLE,NONZERO_FIXED_POINT,-1.154061329739374,-6.87408459340228,-64.28428564707542,-64.92934408421922
4,-1,54,621/2777,STABLE,NONZERO_FIXED_POINT,-1.1597498238143729,-6.929619919175089,-64.82272093165915,-65.47320521123282
4,-1,55,825/3739,STABLE,NONZERO_FIXED_POINT,-1.165829553740199,-6.98912584541128,-65.39996093719702,-66.05626245380131
4,-1,56,77/354,STABLE,NONZERO_FIXED_POINT,-1.1723029083263379,-7.052624416675542,-66.01624029536947,-66.67875283222278
4,-1,57,2451/11441,STABLE,NONZERO_FIXED_POINT,-1.179173221793679,-7.1201471683350945,-66.67188727025956,-67.34100794460977
4,-1,58,203/963,STABLE,NONZERO_FIXED_POINT,-1.1864448144497448,-7.19173553345852,-67.36732778534812,-68.04345803455942
4,-1,59,2419/11673,STABLE,NONZERO_FIXED_POINT,-1.1941230422100553,-7.267441338112469,-68.10309032621814,-68.78663694337968
4,-1,60,150/737,STABLE,NONZERO_FIXED_POINT,-1.2022143558675928,-7.347327394079002,-68.87981180826063,-69.57118803706396
4,-1,61,793/3971,STABLE,NONZERO_FIXED_POINT,-1.210726371221842,-7.431468200111709,-69.698244519419,-70.39787121916527
4,-1,62,589/3009,STABLE,NONZERO_FIXED_POINT,-1.2196679514252402,-7.5199507653130695,-70.55926427240848,-71.26757116536146
4,-1,63,2331/12161,STABLE,NONZERO_FIXED_POINT,-1.2290493031980994,-7.612875571146482,-71.46387992986052,-72.18130694481499
4,-1,64,3/16,STABLE,NONZERO_FIXED_POINT,-1.238882088915137,-7.710357692118103,-72.41324450071149,-73.14024322864775
4,-1,65,2275/12417,STABLE,NONZERO_FIXED_POINT,-1.2491795569937985,-7.812528099433457,-73.40866804842449,-74.1457033285518
4,-1,66,561/3137,STABLE,NONZERO_FIXED_POINT,-1.2599566935365205,-7.919535177153264,-74.45163270331051,-75.19918436075204
4,-1,67,737/4227,STABLE,NONZERO_FIXED_POINT,-1.2712303988221407,-8.031546486803904,-75.54381013487802,-76.30237489484796
4,-1,68,136/801,STABLE,NONZERO_FIXED_POINT,-1.2830196930399111,-8.148750824379569,-76.68708191916454,-77.45717552687853
4,-1,69,2139/12953,STABLE,NONZERO_FIXED_POINT,-1.2953459566577195,-8.271360623655418,-77.88356333482437,-78.66572291577864
4,-1,70,175/1091,STABLE,NONZERO_FIXED_POINT,-1.3082332120737998,-8.399614772306336,-79.1356312462488,-79.93041794815088
4,-1,71,2059/13233,STABLE,NONZERO_FIXED_POINT,-1.321708454797598,-8.533781923291755,-80.44595689005115,-81.25395885593116
4,-1,72,63/418,STABLE,NONZERO_FIXED_POINT,-1.335802044448621,-8.67416440439596,-81.81754458350278,-82.63938031582421
4,-1,73,657/4507,STABLE,NONZERO_FIXED_POINT,-1.3505481684977596,-8.821102855172043,-83.25377763445681,-84.090099822968
4,-1,74,481/3417,STABLE,NONZERO_FIXED_POINT,-1.3659853951063408,-8.974981754843562,-84.75847307192265,-85.60997297434761
4,-1,75,1875/13817,STABLE,NONZERO_FIXED_POINT,-1.3821573359243686,-9.136236049781274,-86.33594726258747,-87.20335974811479
4,-1,76,38/291,STABLE,NONZERO_FIXED_POINT,-1.399113445687524,-9.305359148952093,-87.991095070396,-88.87520446276505
4,-1,77,1771/14121,STABLE,NONZERO_FIXED_POINT,-1.4169099934664402,-9.482912635877724,-89.729486009695,-90.63113290153115
4,-1,78,429/3569,STABLE,NONZERO_FIXED_POINT,-1.435611251287785,-9.669538154299765,-91.55748191817236,-92.47757117394332
4,-1,79,553/4811,STABLE,NONZERO_FIXED_POINT,-1.4552909607600828,-9.865972073882816,-93.48238215225865,-94.42189237785647
4,-1,80,25/228,STABLE,NONZERO_FIXED_POINT,-1.4760341590784485,-10.073063749698449,-95.51260436103087,-96.47259919935928
4,-1,81,1539/14753,STABLE,NONZERO_FIXED_POINT,-1.4979394750458042,-10.29179848186763,-97.657911791743,-98.63955351432514
4,-1,82,123/1243,STABLE,NONZERO_FIXED_POINT,-1.5211220476883103,-10.523326701140142,-99.9297022321771,-100.93426824937939
4,-1,83,1411/15081,STABLE,NONZERO_FIXED_POINT,-1.545717281193383,-10.769001517696466,-102.34137974892928,-103.37028287512265
4,-1,84,84/953,STABLE,NONZERO_FIXED_POINT,-1.5718857407642446,-11.030427679112265,-104.9088393764275,-105.9636529910039
4,-1,85,425/5139,STABLE,NONZERO_FIXED_POINT,-1.5998196318663886,-11.30952636224125,-107.65110856175005,-108.73359824938495
4,-1,86,301/3897,STABLE,NONZERO_FIXED_POINT,-1.6297515195117391,-11.608622365474659,-110.59121037317516,-111.70337428337399
4,-1,87,1131/15761,STABLE,NONZERO_FIXED_POINT,-1.6619662857236168,-11.930563682809868,-113.75734728862994,-114.90146845274029
4,-1,88,11/166,STABLE,NONZERO_FIXED_POINT,-1.6968178841956352,-12.278889049860542,-117.18455990634409,-118.3632753092259
4,-1,89,979/16113,STABLE,NONZERO_FIXED_POINT,-1.7347534038872023,-12.658068579235177,-120.91710924022567,-122.13350295551766
4,-1,90,225/4073,STABLE,NONZERO_FIXED_POINT,-1.776348635612477,-13.073859425854437,-125.0119978115971,-126.26972970357173
4,-1,91,273/5491,STABLE,NONZERO_FIXED_POINT,-1.8223624432905297,-13.53384949888455,-129.54435240239178,-130.8478411990605
4,-1,92,46/1041,STABLE,NONZERO_FIXED_POINT,-1.8738232955561358,-14.04832277728228,-134.6159906840599,-135.97068358188886
4,-1,93,651/16841,STABLE,NONZERO_FIXED_POINT,-1.932173884421399,-14.6317054958541,-140.3697384645123,-141.7825253518006
4,-1,94,47/1419,STABLE,NONZERO_FIXED_POINT,-1.999527982540613,-15.305134717353681,-147.01485855679,-148.49474309431176
4,-1,95,475/17217,STABLE,NONZERO_FIXED_POINT,-2.079163611405024,-16.101390013885386,-154.87587442980146,-156.43513829964326
4,-1,96,3/136,STABLE,NONZERO_FIXED_POINT,-2.1765735405954185,-17.075398458893304,-164.49656963379272,-166.15298728744324
4,-1,97,97/5867,STABLE,NONZERO_FIXED_POINT,-2.302056235291932,-18.330144101729978,-176.89649160328767,-178.67813595723777
4,-1,98,49/4449,STABLE,NONZERO_FIXED_POINT,-2.4787340506516333,-20.09684991091097,-194.3647528999492,-196.32281922566878
4,-1,99,99/17993,STABLE,NONZERO_FIXED_POINT,-2.780391803251767,-23.11336348803421,-224.2060497849454,-226.46551817030394
4,-1,100,0,STABLE,NONZERO_FIXED_POINT,,,,
4,0,1,99/16385,STABLE,NONZERO_FIXED_POINT,-2.7139326220643127,-22.680619361025137,-220.15482071078034,-222.37363196190114
4,0,2,49/4097,STABLE,NONZERO_FIXED_POINT,-2.417662434697016,-19.71293454074644,-190.7949542100384,-192.71722409396304
4,0,3,3/169,STABLE,NONZERO_FIXED_POINT,-2.2464290112723253,-17.995690745800175,-173.81381578636717,-175.56458123626118
4,0,4,24/1025,STABLE,NONZERO_FIXED_POINT,-2.126447026652481,-16.791034374951085,-161.90665788248594,-163.5371705061661
4,0,5,475/16409,STABLE,NONZERO_FIXED_POINT,-2.034593581153368,-15.867736063749668,-152.7843130433091,-154.3227015486974
4,0,6,141/4105,STABLE,NONZERO_FIXED_POINT,-1.96056962876691,-15.12280496690672,-145.4271753101138,-146.8912693589139
4,0,7,651/16433,STABLE,NONZERO_FIXED_POINT,-1.8988817824688446,-14.501306811549682,-139.29139894618817,-140.69353481286953
4,0,8,23/514,STABLE,NONZERO_FIXED_POINT,-1.8462513664142843,-13.970454419383934,-134.05239460439776,-135.40162988737544
4,0,9,819/16465,STABLE,NONZERO_FIXED_POINT,-1.800563916410706,-13.509102711654734,-129.50082987424298,-130.80410770753053
4,0,10,225/4121,STABLE,NONZERO_FIXED_POINT,-1.7603760114692442,-13.102817024917691,-125.49380560569489,-126.75662570210812
4,0,11,979/16505,STABLE,NONZERO_FIXED_POINT,-1.7246584163065801,-12.741304536339811,-121.92942701716419,-123.15625985402738
4,0,12,66/1033,STABLE,NONZERO_FIXED_POINT,-1.6926514624709919,-12.416968075265672,-118.73248642728606,-119.9270428132638
4,0,13,1131/16553,STABLE,NONZERO_FIXED_POINT,-1.6637785165404306,-12.12404080552642,-115.8458966068572,-117.01131071698444
4,0,14,301/4145,STABLE,NONZERO_FIXED_POINT,-1.637591608702671,-11.858042511591108,-113.2253080086208,-114.3642660479133
4,0,15,75/977,STABLE,NONZERO_FIXED_POINT,-1.613735866018363,-11.615423931567506,-110.83558766068003,-111.95042096100713
4,0,16,21/260,STABLE,NONZERO_FIXED_POINT,-1.5919254486996355,-11.393326120377473,-108.64843685846654,-109.74119091170346
4,0,17,1411/16673,STABLE,NONZERO_FIXED_POINT,-1.571926795347581,-11.18941290253975,-106.64073244366188,-107.71321918007891
4,0,18,369/4177,STABLE,NONZERO_FIXED_POINT,-1.5535466654064845,-11.001751297136686,-104.79334300758848,-105.84718111669457
4,0,19,1539/16745,STABLE,NONZERO_FIXED_POINT,-1.5366234198219502,-10.82872432483618,-103.09026567680684,-104.12691220885125
4,0,20,100/1049,STABLE,NONZERO_FIXED_POINT,-1.5210205417603575,-10.668966215541175,-101.51798466479437,-102.53876015298795
4,0,21,1659/16825,STABLE,NONZERO_FIXED_POINT,-1.506621740744336,-10.521313450212887,-100.06498658182721,-101.07109526869891
4,0,22,429/4217,STABLE,NONZERO_FIXED_POINT,-1.4933271977294442,-10.384767212118135,-98.72138869805127,-99.71393500688146
4,0,23,1771/16913,STABLE,NONZERO_FIXED_POINT,-1.4810506465287485,-10.25846420156671,-97.47865000500741,-98.45865209268578
4,0,24,57/530,STABLE,NONZERO_FIXED_POINT,-1.4697170778576236,-10.141653676860479,-96.32934391656741,-97.2977449304957
4,0,25,1875/17009,STABLE,NONZERO_FIXED_POINT,-1.459260913421799,-10.033679195683597,-95.26697750416031,-96.22465501324308
4,0,26,481/4265,STABLE,NONZERO_FIXED_POINT,-1.4496245394119285,-9.933963950565044,-94.28584631325123,-95.23362027238096
4,0,27,1971/17113,STABLE,NONZERO_FIXED_POINT,-1.440757118031442,-9.841998884680244,-93.38091670512222,-94.31955623119262
4,0,28,126/1073,STABLE,NONZERO_FIXED_POINT,-1.4326136164257388,-9.757332981670814,-92.54772972138974,-93.47795889823811
4,0,29,2059/17225,STABLE,NONZERO_FIXED_POINT,-1.42515400729431,-9.679565272297474,-91.78232194513629,-92.7048248290979
4,0,30,525/4321,STABLE,NONZERO_FIXED_POINT,-1.4183426063334004,-9.608338209400891,-91.08115990826843,-91.99658487117364
4,0,31,2139/17345,STABLE,NONZERO_FIXED_POINT,-1.4121475196709952,-9.543332142787307,-90.44108538811611,-91.35004890772262
4,0,32,1/8,STABLE,NONZERO_FIXED_POINT,-1.406540180433955,-9.48426068543596,-89.85926952811451,-90.76235951510645
4,0,33,2211/17473,STABLE,NONZERO_FIXED_POINT,-1.4014949580935614,-9.430866807490183,-89.33317416354936,-90.23095289788205
4,0,34,561/4385,STABLE,NONZERO_FIXED_POINT,-1.3969888276664655,-9.382919528800684,-88.86051907298383,-89.75352580942973
4,0,35,2275/17609,STABLE,NONZERO_FIXED_POINT,-1.3930010884839277,-9.340211107149422,-88.43925413694598,-89.32800742940947
4,0,36,144/1105,STABLE,NONZERO_FIXED_POINT,-1.3895131242853527,-9.302554639712454,-88.06753558771399,-88.9525353736399
4,0,37,2331/17753,STABLE,NONZERO_FIXED_POINT,-1.3865081979886327,-9.26978201128695,-87.74370569210618,-88.6254351716587
4,0,38,589/4457,STABLE,NONZERO_FIXED_POINT,-1.3839712757476441,-9.241742135384044,-87.46627533368877,-88.34520267298785
4,0,39,2379/17905,STABLE,NONZERO_FIXED_POINT,-1.3818888759053216,-9.218299444271786,-87.23390905964482,-88.11048894295544
4,0,40,75/562,STABLE,NONZERO_FIXED_POINT,-1.3802489392492276,-9.199332592035574,-87.04541223657736,-87.92008728875473
4,0,41,2419/18065,STABLE,NONZERO_FIXED_POINT,-1.379040717619425,-9.184733341154796,-86.89972002318933,-87.77292212073155
4,0,42,609/4537,STABLE,NONZERO_FIXED_POINT,-1.3782546784407312,-9.174405608314522,-86.79588791946492,-87.66803940609805
4,0,43,2451/18233,STABLE,NONZERO_FIXED_POINT,-1.3778824231782956,-9.168264649441475,-86.73308369425013,-87.60459851496921
4,0,44,154/1145,STABLE,NONZERO_FIXED_POINT,-1.377916618067644,-9.166236367475854,-86.71058052800214,-87.58186529384159
4,0,45,2475/18409,STABLE,NONZERO_FIXED_POINT,-1.3783509357636312,-9.168256729321286,-86.72775123649234,-87.59920623094575
4,0,46,621/4625,STABLE,NONZERO_FIXED_POINT,-1.3791800067988902,-9.174271280880035,-86.78406346564498,-87.65608360254345
4,0,47,2491/18593,STABLE,NONZERO_FIXED_POINT,-1.380399379952138,-9.18423475117541,-86.87907576843946,-87.7520515101977
4,0,48,39/292,STABLE,NONZERO_FIXED_POINT,-1.3820054908071846,-9.198110738369927,-87.01243449267943,-87.88675273710135
4,0,49,147/1105,STABLE,NONZERO_FIXED_POINT,-1.3839956379416414,-9.215871472068557,-87.18387142409006,-88.05991636736303
4,0,50,625/4721,STABLE,NONZERO_FIXED_POINT,-1.3863679663252562,-9.237497647706505,-87.39320214315916,-88.27135612624636
4,0,51,2499/18985,STABLE,NONZERO_FIXED_POINT,-1.38912145763633,-9.262978330105128,-87.64032506685322,-88.52096941220265
4,0,52,156/1193,STABLE,NONZERO_FIXED_POINT,-1.3922559273244133,-9.292310924478215,-87.92522115820384,-88.8087370035197
4,0,53,2491/19193,STABLE,NONZERO_FIXED_POINT,-1.3957720283623516,-9.325501214318862,-88.24795429812599,-89.13472343389276
4,0,54,621/4825,STABLE,NONZERO_FIXED_POINT,-1.3996712617439275,-9.36256346672942,-88.60867232503875,-89.49907804254201
4,0,55,2475/19409,STABLE,NONZERO_FIXED_POINT,-1.4039559938981796,-9.40352060690509,-89.00760875922288,-89.9020367159851
4,0,56,77/610,STABLE,NONZERO_FIXED_POINT,-1.4086294813113165,-9.448404464680195,-89.44508524071671,-90.343924350555
4,0,57,2451/19633,STABLE,NONZERO_FIXED_POINT,-1.4136959027755296,-9.497256097330379,-89.92151472226436,-90.82515807759637
4,0,58,609/4937,STABLE,NONZERO_FIXED_POINT,-1.4191603998250795,-9.550126194233997,-90.43740547278674,-91.34625130737345
4,0,59,2419/19865,STABLE,NONZERO_FIXED_POINT,-1.4250291260780337,-9.607075570576846,-90.99336596250151,-91.90781866353103
4,0,60,150/1249,STABLE,NONZERO_FIXED_POINT,-1.431309306382678,-9.668175759090616,-91.59011071869315,-92.51058189801165
4,0,61,2379/20105,STABLE,NONZERO_FIXED_POINT,-1.4380093068772268,-9.733509710910646,-92.22846726188288,-93.1553768972845
4,0,62,589/5057,STABLE,NONZERO_FIXED_POINT,-1.4451387173177057,-9.803172619102817,-92.90938425653849,-93.84316191538392
4,0,63,2331/20353,STABLE,NONZERO_FIXED_POINT,-1.4527084473221628,-9.87727288134051,-93.63394103948639,-94.5750271985649
4,0,64,9/80,STABLE,NONZERO_FIXED_POINT,-1.4607308385314934,-9.955933221734615,-94.40335872405271,-95.35220620160533
4,0,65,2275/20609,STABLE,NONZERO_FIXED_POINT,-1.4692197951140997,-10.039291996089837,-95.21901312023726,-96.17608863848488
4,0,66,33/305,STABLE,NONZERO_FIXED_POINT,-1.4781909355638367,-10.127504710080544,-96.08244976290382,-97.04823566237269
4,0,67,2211/20873,STABLE,NONZERO_FIXED_POINT,-1.4876617693835659,-10.220745786271038,-96.99540140363877,-97.97039753417016
4,0,68,136/1313,STABLE,NONZERO_FIXED_POINT,-1.4976519030451527,-10.319210623887663,-97.95980840096092,-98.94453421868019
4,0,69,2139/21145,STABLE,NONZERO_FIXED_POINT,-1.5081832806148086,-10.42311800523293,-98.97784254239326,-99.97283944730464
4,0,70,525/5321,STABLE,NONZERO_FIXED_POINT,-1.5192804656905174,-10.532712915208286,-100.05193495641464,-101.05776891193341
4,0,71,2059/21425,STABLE,NONZERO_FIXED_POINT,-1.5309709728947638,-10.64826985637896,-101.18480893037798,-102.2020734143552
4,0,72,63/674,STABLE,NONZERO_FIXED_POINT,-1.5432856592089061,-10.770096762443885,-102.37951865273968,-103.4088379998214
4,0,73,1971/21713,STABLE,NONZERO_FIXED_POINT,-1.5562591880714631,-10.898539639334103,-103.63949515890585,-104.68152836699073
4,0,74,481/5465,STABLE,NONZERO_FIXED_POINT,-1.5699305825932992,-11.03398809746912,-104.96860109963887,-106.02404618955075
4,0,75,1875/22009,STABLE,NONZERO_FIXED_POINT,-1.5843438887490677,-11.17688198376608,-106.37119639710545,-107.44079543545746
4,0,76,114/1385,STABLE,NONZERO_FIXED_POINT,-1.5995489753824224,-11.327719381776326,-107.85221744547775,-108.93676236754177
4,0,77,1771/22313,STABLE,NONZERO_FIXED_POINT,-1.6156025058766375,-11.48706632846634,-109.4172733063985,-110.51761271064487
4,0,78,429/5617,STABLE,NONZERO_FIXED_POINT,-1.6325691272082672,-11.655568704819714,-111.07276342535869,-112.18981055705012
4,0,79,1659/22625,STABLE,NONZERO_FIXED_POINT,-1.6505229370150971,-11.833966906572947,-112.82602287148114,-113.96076507333402
4,0,80,25/356,STABLE,NONZERO_FIXED_POINT,-1.6695493100508694,-12.023114108810233,-114.68550315658598,-115.83901314588684
4,0,81,1539/22945,STABLE,NONZERO_FIXED_POINT,-1.6897471946628393,-12.223999230777999,-116.6609995865075,-117.83444902870667
4,0,82,369/5777,STABLE,NONZERO_FIXED_POINT,-1.7112320318684162,-12.437776126682067,-118.76394024971188,-119.95861625109421
4,0,83,83/1369,STABLE,NONZERO_FIXED_POINT,-1.7341395107579078,-12.665801139738207,-121.00775780219303,-122.22508315795096
4,0,84,84/1465,STABLE,NONZERO_FIXED_POINT,-1.7586304648160453,-12.90968206540257,-123.4083742033167,-124.64993254194493
4,0,85,1275/23609,STABLE,NONZERO_FIXED_POINT,-1.7848973516364506,-13.171342948524668,-125.9848422075629,-127.25240961496786
4,0,86,301/5945,STABLE,NONZERO_FIXED_POINT,-1.8131729726737618,-13.45311128086977,-128.760208619987,-130.05579398334788
4,0,87,1131/23953,STABLE,NONZERO_FIXED_POINT,-1.8437424311754693,-13.757837580431776,-131.76269813146536,-133.0885954410275
4,0,88,33/754,STABLE,NONZERO_FIXED_POINT,-1.8769598873056923,-14.089062942659083,-135.02737207593697,-136.38622948192886
4,0,89,979/24305,STABLE,NONZERO_FIXED_POINT,-1.9132726222026015,-14.451259681011024,-138.59851077207173,-139.99342370567916
4,0,90,225/6121,STABLE,NONZERO_FIXED_POINT,-1.9532566050256666,-14.850186997406631,-142.53313466092305,-143.9677745223109
4,0,91,819/24665,STABLE,NONZERO_FIXED_POINT,-1.9976708646596517,-15.293434699235355,-146.90638710459433,-148.38518432263209
4,0,92,46/1553,STABLE,NONZERO_FIXED_POINT,-2.047544021774158,-15.791288519918169,-151.82010106009977,-153.34851468414678
4,0,93,651/25033,STABLE,NONZERO_FIXED_POINT,-2.1043189079283344,-16.358176309915308,-157.41711637069085,-159.0020482814861
4,0,94,141/6305,STABLE,NONZERO_FIXED_POINT,-2.170109423272578,-17.01523661369923,-163.90670867828038,-165.55717465653404
4,0,95,475/25409,STABLE,NONZERO_FIXED_POINT,-2.2481937051734295,-17.795250355955133,-171.6134131172593,-173.34170708086947
4,0,96,3/200,STABLE,NONZERO_FIXED_POINT,-2.344064627889183,-18.753145838284397,-181.08102378232877,-182.9049325232731
4,0,97,291/25793,STABLE,NONZERO_FIXED_POINT,-2.4680207504951603,-19.99190821840086,-193.329097573046,-195.27670644219933
4,0,98,49/6497,STABLE,NONZERO_FIXED_POINT,-2.6431845116689576,-21.74276145792293,-210.64675547750304,-212.7692722642399
4,0,99,99/26185,STABLE,NONZERO_FIXED_POINT,-2.943340801533168,-24.7435540407373,-240.3387011846933,-242.76111856833325
4,0,100,0,STABLE,NONZERO_FIXED_POINT,,,,
4,1,1,1/331,STABLE,NONZERO_FIXED_POINT,-3.014949364719186,-25.69209203830181,-249.95678348434078,-252.4766114781165
4,1,2,49/8193,STABLE,NONZERO_FIXED_POINT,-2.7186394256032695,-22.725274886426106,-220.59424674637464,-222.8174936212055
4,1,3,291/32777,STABLE,NONZERO_FIXED_POINT,-2.5473397735161853,-21.008594170853613,-203.60777705112417,-205.65945326326204
4,1,4,8/683,STABLE,NONZERO_FIXED_POINT,-2.427265119661902,-19.80419691153795,-191.69263069691135,-193.62396141360097
4,1,5,475/32793,STABLE,NONZERO_FIXED_POINT,-2.335292615162352,-18.880854522603528,-182.5596455289625,-184.39873306835977
4,1,6,141/8201,STABLE,NONZERO_FIXED_POINT,-2.2611232792076894,-18.135577093890838,-175.18922232632735,-176.9538700255682
4,1,7,217/10939,STABLE,NONZERO_FIXED_POINT,-2.199263804271677,-17.513431443156016,-169.0375235182465,-170.7400414067306
4,1,8,23/1026,STABLE,NONZERO_FIXED_POINT,-2.146435608194807,-16.981631636951242,-163.77996934043148,-165.42938886518968
4,1,9,819/32849,STABLE,NONZERO_FIXED_POINT,-2.1005243345251756,-16.519033994085277,-159.20723836886128,-160.81047662026327
4,1,10,25/913,STABLE,NONZERO_FIXED_POINT,-2.0600866839182803,-16.111205399676457,-155.17644382841772,-156.73897459727996
4,1,11,979/32889,STABLE,NONZERO_FIXED_POINT,-2.024093556468472,-15.747854728525269,-151.58570468375785,-153.11197266078295
4,1,12,6/187,STABLE,NONZERO_FIXED_POINT,-1.9917854326460969,-15.42138665454629,-148.35982835215043,-149.85351870830328
4,1,13,377/10979,STABLE,NONZERO_FIXED_POINT,-1.9625858412886483,-15.126036330743318,-145.44174403466445,-146.90596546954004
4,1,14,301/8241,STABLE,NONZERO_FIXED_POINT,-1.936046987956603,-14.857325672833682,-142.7871199234616,-144.224533342008
4,1,15,1275/32993,STABLE,NONZERO_FIXED_POINT,-1.9118141879552741,-14.61170768953572,-140.36084207103028,-141.77375369329428
4,1,16,7/172,STABLE,NONZERO_FIXED_POINT,-1.8896018023560286,-14.386325842851832,-138.13463205635486,-139.5250624632481
4,1,17,1411/33057,STABLE,NONZERO_FIXED_POINT,-1.8691764829608406,-14.178846497787838,-136.08538823648195,-137.45512466051224
4,1,18,369/8273,STABLE,NONZERO_FIXED_POINT,-1.8503452144687387,-13.987339344093087,-134.1940019210731,-135.5446385792414
4,1,19,19/409,STABLE,NONZERO_FIXED_POINT,-1.8329465948320554,-13.81019019990125,-132.44449412775288,-133.7774638348074
4,1,20,100/2073,STABLE,NONZERO_FIXED_POINT,-1.8168443556606597,-13.646036215852519,-130.82337410220617,-132.1399734043
4,1,21,1659/33209,STABLE,NONZERO_FIXED_POINT,-1.8019224660296445,-13.493716913252882,-129.31915459522253,-130.62056400737947
4,1,22,143/2771,STABLE,NONZERO_FIXED_POINT,-1.788081377216475,-13.3522366315295,-127.92198009175766,-129.20928058007485
4,1,23,161/3027,STABLE,NONZERO_FIXED_POINT,-1.775235103775124,-13.220735339058031,-126.62333783735846,-127.8975243822832
4,1,24,57/1042,STABLE,NONZERO_FIXED_POINT,-1.76330892722034,-13.0984656700928,-125.4158305029932,-126.6778233662842
4,1,25,625/11131,STABLE,NONZERO_FIXED_POINT,-1.7522375697459562,-12.984774662039008,-124.29299538325273,-125.54364954865963
4,1,26,481/8361,STABLE,NONZERO_FIXED_POINT,-1.7419637273413535,-12.879089086707992,-123.24915917497117,-124.48927232203027
4,1,27,1971/33497,STABLE,NONZERO_FIXED_POINT,-1.7324368809337365,-12.78090356183202,-122.27932028040323,-123.5096395693759
4,1,28,14/233,STABLE,NONZERO_FIXED_POINT,-1.7236123249251314,-12.689770836527515,-121.3790526324803,-122.60028051782808
4,1,29,2059/33609,STABLE,NONZERO_FIXED_POINT,-1.7154503674065928,-12.605293793531523,-120.54442651611026,-121.75722576018421
4,1,30,525/8417,STABLE,NONZERO_FIXED_POINT,-1.707915667198069,-12.527118819695964,-119.77194293522115,-120.97694095899107
4,1,31,713/11243,STABLE,NONZERO_FIXED_POINT,-1.700976680876611,-12.454930276366099,-119.0584788686491,-120.2562715494613
4,1,32,17/264,STABLE,NONZERO_FIXED_POINT,-1.6946051989335684,-12.388445861049927,-118.40124134979902,-119.59239635529056
4,1,33,2211/33857,STABLE,NONZERO_FIXED_POINT,-1.6887759547079373,-12.327412696849464,-117.79772875114185,-118.98278848208895
4,1,34,17/257,STABLE,NONZERO_FIXED_POINT,-1.683466293173586,-12.271604020432079,-117.24569799425157,-118.42518219620462
4,1,35,2275/33993,STABLE,NONZERO_FIXED_POINT,-1.6786558892941912,-12.2208163656788,-116.74313666704052,-117.91754476031429
4,1,36,144/2129,STABLE,NONZERO_FIXED_POINT,-1.6743265077025455,-12.174867160577257,-116.28823923211158,-117.4580524014547
4,1,37,259/3793,STABLE,NONZERO_FIXED_POINT,-1.6704617970576479,-12.133592670892618,-115.87938666821049,-117.04506974683204
4,1,38,589/8553,STABLE,NONZERO_FIXED_POINT,-1.6670471136905896,-12.096846236726662,-115.51512901126756,-116.67713218850957
4,1,39,2379/34289,STABLE,NONZERO_FIXED_POINT,-1.6640693701484395,-12.06449675805721,-115.19417036034412,-116.35293073789785
4,1,40,25/358,STABLE,NONZERO_FIXED_POINT,-1.6615169050437038,-12.036427393333,-114.91535599282767,-116.07129901079949
4,1,41,2419/34449,STABLE,NONZERO_FIXED_POINT,-1.6593793712598917,-12.01253444163008,-114.6776612968851,-115.83120204806778
4,1,42,609/8633,STABLE,NONZERO_FIXED_POINT,-1.657647640085873,-11.992726384095533,-114.48018228086391,-115.63172672914226
4,1,43,817/11539,STABLE,NONZERO_FIXED_POINT,-1.6563137192786002,-11.976923064674764,-114.32212746159979,-115.47207357841916
4,1,44,154/2169,STABLE,NONZERO_FIXED_POINT,-1.6553706834059305,-11.965054993639782,-114.20281096845912,-115.35154979963687
4,1,45,225/3163,STABLE,NONZERO_FIXED_POINT,-1.6548126151145226,-11.957062760367236,-114.12164672895673,-115.26956340276107
4,1,46,23/323,STABLE,NONZERO_FIXED_POINT,-1.6546345562139297,-11.952896544278609,-114.0781436261824,-115.22561831249593
4,1,47,2491/34977,STABLE,NONZERO_FIXED_POINT,-1.6548324676777568,-11.952515714949968,-114.07190153901252,-115.2193103684964
4,1,48,39/548,STABLE,NONZERO_FIXED_POINT,-1.6554031978431354,-11.95588851420461,-114.1026081939564,-115.25032414541431
4,1,49,833/11723,STABLE,NONZERO_FIXED_POINT,-1.65634445824797,-11.962991814582494,-114.17003677314005,-115.31843053671935
4,1,50,625/8817,STABLE,NONZERO_FIXED_POINT,-1.6576548066862742,-11.97381094998994,-114.27404423688108,-115.42348506032931
4,1,51,2499/35369,STABLE,NONZERO_FIXED_POINT,-1.6593336371903824,-11.988339615617129,-114.41457033202266,-115.56542685692608
4,1,52,52/739,STABLE,NONZERO_FIXED_POINT,-1.6613811767685585,-12.006579835408893,-114.59163726905251,-115.74427836381255
4,1,53,2491/35577,STABLE,NONZERO_FIXED_POINT,-1.6637984888414046,-12.028541996522009,-114.80535006239836,-115.96014565864425
4,1,54,621/8921,STABLE,NONZERO_FIXED_POINT,-1.6665874834334957,-12.054244951334347,-115.05589753949471,-116.21321947868756
4,1,55,275/3977,STABLE,NONZERO_FIXED_POINT,-1.6697509342916241,-12.083716188718611,-115.3435540355785,-116.50377693273424
4,1,56,7/102,STABLE,NONZERO_FIXED_POINT,-1.67329250322069,-12.116992077491545,-115.66868180303432,-116.83218393478198
4,1,57,2451/36017,STABLE,NONZERO_FIXED_POINT,-1.6772167720568039,-12.154118186233887,-116.03173417681819,-117.19889840143156
4,1,58,203/3011,STABLE,NONZERO_FIXED_POINT,-1.6815292828379693,-12.195149685085205,-116.43325955144567,-117.60447426904517
4,1,59,2419/36249,STABLE,NONZERO_FIXED_POINT,-1.6862365868909812,-12.240151836699042,-116.87390624067774,-118.04956640252021
4,1,60,150/2273,STABLE,NONZERO_FIXED_POINT,-1.6913463037335141,-12.289200585349299,-117.35442830891674,-118.534936485586
4,1,61,793/12163,STABLE,NONZERO_FIXED_POINT,-1.6968671909001536,-12.34238325527398,-117.87569248406305,-119.06146000348764
4,1,62,589/9153,STABLE,NONZERO_FIXED_POINT,-1.7028092260472292,-12.399799371806012,-118.43868628597869,-119.63013445355364
4,1,63,2331/36737,STABLE,NONZERO_FIXED_POINT,-1.7091837029846264,-12.461561621772141,-119.04452753371612,-120.24208894845708
4,1,64,1/16,STABLE,NONZERO_FIXED_POINT,-1.7160033436347994,-12.52779697316241,-119.69447542954009,-120.89859541219602
4,1,65,2275/36993,STABLE,NONZERO_FIXED_POINT,-1.7232824283462378,-12.598647978342647,-120.38994346003886,-121.60108161151862
4,1,66,561/9281,STABLE,NONZERO_FIXED_POINT,-1.731036947510666,-12.674274290302698,-121.13251440630279,-122.35114631771853
4,1,67,67/1129,STABLE,NONZERO_FIXED_POINT,-1.739284778076314,-12.75485442786377,-121.9239578188126,-123.15057695803674
4,1,68,136/2337,STABLE,NONZERO_FIXED_POINT,-1.7480458893478996,-12.84058783375125,-122.76625039171029,-124.0013701957323
4,1,69,2139/37529,STABLE,NONZERO_FIXED_POINT,-1.757342583462158,-12.931697279421648,-123.66159976994976,-124.90575597770851
4,1,70,175/3139,STABLE,NONZERO_FIXED_POINT,-1.7671997771854997,-13.02843168310865,-124.61247244733232,-125.86622571434611
4,1,71,2059/37809,STABLE,NONZERO_FIXED_POINT,-1.777645333276844,-13.131069423519712,-125.62162657149622,-126.88556541585552
4,1,72,63/1186,STABLE,NONZERO_FIXED_POINT,-1.7887104517018289,-13.2399222520445,-126.69215067418949,-127.96689481376416
4,1,73,73/1411,STABLE,NONZERO_FIXED_POINT,-1.8004301336204556,-13.355339932696232,-127.8275096061127,-129.11371375974656
4,1,74,481/9561,STABLE,NONZERO_FIXED_POINT,-1.812843734500973,-13.477715773313328,-129.03159929525452,-130.32995753707405
4,1,75,1875/38393,STABLE,NONZERO_FIXED_POINT,-1.8259956272191609,-13.607493256613694,-130.30881239378317,-131.62006317060525
4,1,76,38/803,STABLE,NONZERO_FIXED_POINT,-1.8399360019802984,-13.745174039474001,-131.66411747038052,-132.98904941904237
4,1,77,1771/38697,STABLE,NONZERO_FIXED_POINT,-1.854721837915223,-13.891327668948193,-133.10315519831045,-134.44261393459539
4,1,78,39/883,STABLE,NONZERO_FIXED_POINT,-1.8704180920679194,-14.046603472199465,-134.63235606524466,-135.98725216179574
4,1,79,553/13003,STABLE,NONZERO_FIXED_POINT,-1.887099166405596,-14.211745226655609,-136.25908560731636,-137.63040403855973
4,1,80,25/612,STABLE,NONZERO_FIXED_POINT,-1.9048507342235554,-14.387609424110394,-137.991825223254,-139.38063663672756
4,1,81,1539/39329,STABLE,NONZERO_FIXED_POINT,-1.9237720365806013,-14.57518823512875,-139.84039952153836,-141.24787380565533
4,1,82,41/1097,STABLE,NONZERO_FIXED_POINT,-1.9439788013410375,-14.775638699516037,-141.81626530560885,-143.24368807646383
4,1,83,1411/39657,STABLE,NONZERO_FIXED_POINT,-1.9656069985499975,-14.990320280119057,-143.9328833560695,-145.38167619961945
4,1,84,84/2489,STABLE,NONZERO_FIXED_POINT,-1.9888177367345108,-15.220843825882675,-146.20620316454003,-147.67794877508672
4,1,85,425/13331,STABLE,NONZERO_FIXED_POINT,-2.0138037426042725,-15.4691363689018,-148.65530442407612,-150.15177822244885
4,1,86,301/10041,STABLE,NONZERO_FIXED_POINT,-2.04079808079649,-15.737528321912528,-151.30326028395262,-152.82647075543622
4,1,87,1131/40337,STABLE,NONZERO_FIXED_POINT,-2.070086111806667,-16.028873057640965,-154.1783211848511,-155.73056217504444
4,1,88,11/422,STABLE,NONZERO_FIXED_POINT,-2.1020222471172545,-16.34671446012911,-157.31557361663602,-158.89949338243952
4,1,89,89/3699,STABLE,NONZERO_FIXED_POINT,-2.1370540132656597,-16.695527565452686,-160.75932246112555,-162.378016785796
4,1,90,225/10217,STABLE,NONZERO_FIXED_POINT,-2.175757618907493,-17.08107423238983,-164.56661213138875,-166.2237530066584
4,1,91,91/4561,STABLE,NONZERO_FIXED_POINT,-2.2188923265417557,-17.51094685970746,-168.81260937257363,-170.51262805249348
4,1,92,46/2577,STABLE,NONZERO_FIXED_POINT,-2.2674869845965038,-17.99543370705102,-173.59916993842143,-175.3475265252908
4,1,93,651/41417,STABLE,NONZERO_FIXED_POINT,-2.322984646564377,-18.548965086331208,-179.0691558857144,-180.8727535351457
4,1,94,47/3467,STABLE,NONZERO_FIXED_POINT,-2.3874994287395346,-19.19268193912341,-185.43186449026388,-187.29972047398454
4,1,95,475/41793,STABLE,NONZERO_FIXED_POINT,-2.464309678882042,-19.9593675233398,-193.01185194471054,-194.95626188202937
4,1,96,3/328,STABLE,NONZERO_FIXED_POINT,-2.5589084759368808,-20.903952410446756,-202.35293283073622,-204.39168541972822
4,1,97,97/14059,STABLE,NONZERO_FIXED_POINT,-2.68159457800642,-22.129423965214947,-214.4746839683622,-216.63586666502675
4,1,98,49/10593,STABLE,NONZERO_FIXED_POINT,-2.855490617186348,-23.86700829410279,-231.6662457047307,-234.00106859698494
4,1,99,99/42569,STABLE,NONZERO_FIXED_POINT,-3.154381671462396,-26.8545559642465,-261.2323405319037,-263.86579878547286
4,1,100,0,STABLE,NONZERO_FIXED_POINT,,,,
4,2,1,99/65537,STABLE,NONZERO_FIXED_POINT,-3.315972733726948,-28.702979859589362,-279.75875114731923,-282.5796025101027
4,2,2,49/16385,STABLE,NONZERO_FIXED_POINT,-3.019642916462267,-25.736600992191,-250.3948835385904,-252.9191339042803
4,2,3,291/65545,STABLE,NONZERO_FIXED_POINT,-2.8483101401922504,-24.020209089230462,-233.40575460367103,-235.75840118248493
4,2,4,24/4097,STABLE,NONZERO_FIXED_POINT,-2.7281891252138495,-22.815951319091884,-221.4866215985886,-223.71887632083013
4,2,5,475/65561,STABLE,NONZERO_FIXED_POINT,-2.636157035370104,-21.892599284360863,-212.34832368920968,-214.4882756488147
4,2,6,141/16393,STABLE,NONZERO_FIXED_POINT,-2.561914906191369,-21.14716330324626,-204.9712633372302,-207.0367026634547
4,2,7,651/65585,STABLE,NONZERO_FIXED_POINT,-2.499969450099087,-20.524710461627834,-198.81160501535794,-200.81482854966953
4,2,8,23/2050,STABLE,NONZERO_FIXED_POINT,-2.4470421084747613,-19.99245513375648,-193.54477136215286,-195.49479738719103
4,2,9,819/65617,STABLE,NONZERO_FIXED_POINT,-2.4010185519841407,-19.529253985506685,-188.96144371413072,-190.86517618299166
4,2,10,225/16409,STABLE,NONZERO_FIXED_POINT,-2.3604555119578308,-19.12067428819372,-184.918738412455,-186.78163800935687
4,2,11,979/65657,STABLE,NONZERO_FIXED_POINT,-2.324323922701087,-18.756425341683055,-181.3147778916183,-183.141276234876
4,2,12,66/4105,STABLE,NONZERO_FIXED_POINT,-2.2918643024068333,-18.428912283532213,-178.0743733898418,-179.86814261575537
4,2,13,1131/65705,STABLE,NONZERO_FIXED_POINT,-2.262500221120293,-18.132370768649196,-175.14045827758662,-176.9045940922938
4,2,14,301/16433,STABLE,NONZERO_FIXED_POINT,-2.235783929065903,-17.862323252574,-172.46870526192953,-174.20585562158521
4,2,15,1275/65761,STABLE,NONZERO_FIXED_POINT,-2.2113607896379186,-17.615223321397465,-170.02400525264738,-171.736463476594
4,2,16,21/1028,STABLE,NONZERO_FIXED_POINT,-2.188945215388074,-17.388215051650768,-167.7780850250058,-169.46785884493116
4,2,17,1411/65825,STABLE,NONZERO_FIXED_POINT,-2.1683039129543253,-17.178965459606353,-165.7078484677208,-167.3767123217446
4,2,18,369/16465,STABLE,NONZERO_FIXED_POINT,-2.149243925189289,-16.9855449225757,-163.79419275368474,-165.44372812257365
4,2,19,1539/65897,STABLE,NONZERO_FIXED_POINT,-2.131603911476301,-16.806339982084125,-162.02114509127375,-163.6527721149725
4,2,20,100/4121,STABLE,NONZERO_FIXED_POINT,-2.1152476680913885,-16.639988547504352,-160.37522124019273,-161.99022385471727
4,2,21,1659/65977,STABLE,NONZERO_FIXED_POINT,-2.100059231966611,-16.485330933704603,-158.8449407840642,-160.44448696215812
4,2,22,429/16505,STABLE,NONZERO_FIXED_POINT,-2.0859391253809108,-16.34137230797159,-157.42045535483453,-159.00561359131615
4,2,23,1771/66065,STABLE,NONZERO_FIXED_POINT,-2.072801436985987,-16.207253500284338,-156.09325965435136,-157.6650125324869
4,2,24,57/2066,STABLE,NONZERO_FIXED_POINT,-2.0605715254404355,-16.082228039670795,-154.8559641141596,-156.41521957567073
4,2,25,1875/66161,STABLE,NONZERO_FIXED_POINT,-2.049184193076158,-15.965643890887137,-153.70211408848877,-155.24971487722593
4,2,26,481/16553,STABLE,NONZERO_FIXED_POINT,-2.0385822189611424,-15.856928785061307,-152.6260446274856,-154.16277626616454
4,2,27,1971/66265,STABLE,NONZERO_FIXED_POINT,-2.028715169986409,-15.755578330578402,-151.62276277483738,-153.14936035286274
4,2,28,126/4145,STABLE,NONZERO_FIXED_POINT,-2.019538429346081,-15.661146297897233,-150.68785138731417,-152.2050053770829
4,2,29,2059/66377,STABLE,NONZERO_FIXED_POINT,-2.011012396693104,-15.573236621123932,-149.81738995020203,-151.32575122356246
4,2,30,525/16609,STABLE,NONZERO_FIXED_POINT,-2.0031018251192165,-15.491496767827819,-149.00788893833487,-150.50807312002593
4,2,31,2139/66497,STABLE,NONZERO_FIXED_POINT,-1.995775268121811,-15.41561220872692,-148.25623506583258,-149.74882633388995
4,2,32,17/520,STABLE,NONZERO_FIXED_POINT,-1.989004615698537,-15.345301778650462,-147.55964535948118,-149.04519978173775
4,2,33,2211/66625,STABLE,NONZERO_FIXED_POINT,-1.9827647032167537,-15.280313765250455,-146.91562843682686,-148.39467691628278
4,2,34,561/16673,STABLE,NONZERO_FIXED_POINT,-1.977032980135764,-15.220422596241022,-146.32195170969368,-147.79500259860885
4,2,35,2275/66761,STABLE,NONZERO_FIXED_POINT,-1.9717892282956253,-15.165426022303713,-145.77661349479223,-147.24415492706737
4,2,36,144/4177,STABLE,NONZERO_FIXED_POINT,-1.9670153215293436,-15.115142713226717,-145.27781921534526,-146.74032119851515
4,2,37,2331/66905,STABLE,NONZERO_FIXED_POINT,-1.9626950199519264,-15.069410200812847,-144.82396103572052,-146.28187733723638
4,2,38,589/16745,STABLE,NONZERO_FIXED_POINT,-1.9588137935373542,-15.028083114666764,-144.41360039556855,-145.86737025265734
4,2,39,2379/67057,STABLE,NONZERO_FIXED_POINT,-1.9553586705927977,-14.991031666954903,-144.04545300878857,-145.49550268678666
4,2,40,75/2098,STABLE,NONZERO_FIXED_POINT,-1.9523181075377067,-14.958140350213803,-143.71837597167348,-145.1651201921393
4,2,41,2419/67217,STABLE,NONZERO_FIXED_POINT,-1.9496818770383655,-14.929306818713798,-143.43135668825204,-144.87519994521313
4,2,42,609/16825,STABLE,NONZERO_FIXED_POINT,-1.94744097207073,-14.904440929104979,-143.18350337252434,-144.62484115278755
4,2,43,2451/67385,STABLE,NONZERO_FIXED_POINT,-1.945587523911108,-14.88346392034208,-142.9740369295589,-144.41325685101077
4,2,44,154/4217,STABLE,NONZERO_FIXED_POINT,-1.9441147324066002,-14.866307716406936,-142.80228405228456,-144.23976693246294
4,2,45,2475/67561,STABLE,NONZERO_FIXED_POINT,-1.9430168071702703,-14.852914338277913,-142.6676713998276,-144.10379226568767
4,2,46,621/16913,STABLE,NONZERO_FIXED_POINT,-1.9422889185922614,-14.843235414059528,-142.56972074763354,-144.00484979632535
4,2,47,2491/67745,STABLE,NONZERO_FIXED_POINT,-1.9419271577678217,-14.837231778280483,-142.50804502035743,-143.9425485399314
4,2,48,39/1060,STABLE,NONZERO_FIXED_POINT,-1.9419285046235366,-14.834873153174321,-142.48234513638042,-143.91658639461872
4,2,49,2499/67937,STABLE,NONZERO_FIXED_POINT,-1.9422908036813098,-14.836137906337186,-142.49240760846055,-143.92674771747318
4,2,50,625/17009,STABLE,NONZERO_FIXED_POINT,-1.9430127470404752,-14.841012880567163,-142.53810285898078,-143.97290162278318
4,2,51,2499/68137,STABLE,NONZERO_FIXED_POINT,-1.944093864286888,-14.849493292973285,-142.6193842209667,-144.05500097296664
4,2,52,156/4265,STABLE,NONZERO_FIXED_POINT,-1.9455345191576114,-14.861582701640444,-142.7362876079086,-144.17308204505764
4,2,53,2491/68345,STABLE,NONZERO_FIXED_POINT,-1.9473359129046024,-14.877293039284353,-142.8889318467841,-144.3272648670931
4,2,54,621/17113,STABLE,NONZERO_FIXED_POINT,-1.949500094413974,-14.896644714462283,-143.07751967988395,-144.51775423005722
4,2,55,2475/68561,STABLE,NONZERO_FIXED_POINT,-1.9520299772522094,-14.919666782053127,-143.30233945240428,-144.74484139252058
4,2,56,77/2146,STABLE,NONZERO_FIXED_POINT,-1.9549293639304812,-14.946397185918471,-143.56376751463154,-145.008906507089
4,2,57,2451/68785,STABLE,NONZERO_FIXED_POINT,-1.9582029778066072,-14.976883077940286,-143.86227138025606,-145.31042181061923
4,2,58,609/17225,STABLE,NONZERO_FIXED_POINT,-1.9618565031852118,-15.011181219040232,-144.19841369630439,-145.64995563425117
4,2,59,2419/69017,STABLE,NONZERO_FIXED_POINT,-1.9658966343346442,-15.049358469366524,-144.57285709583067,-146.0281773051168
4,2,60,150/4321,STABLE,NONZERO_FIXED_POINT,-1.970331134319773,-15.091492376639792,-144.98637002238365,-146.44586302963916
4,2,61,2379/69257,STABLE,NONZERO_FIXED_POINT,-1.9751689047593928,-15.137671873744615,-145.43983363600563,-146.90390286928948
4,2,62,589/17345,STABLE,NONZERO_FIXED_POINT,-1.980420067863239,-15.18799809911718,-145.93424993491413,-147.40330894430514
4,2,63,2331/69505,STABLE,NONZERO_FIXED_POINT,-1.9860960623967188,-15.24258535641021,-146.47075125602987,-147.94522503018288
4,2,64,9/272,STABLE,NONZERO_FIXED_POINT,-1.9922097555737488,-15.301562233438414,-147.05061135238216,-148.53093774697706
4,2,65,2275/69761,STABLE,NONZERO_FIXED_POINT,-1.9987755733048989,-15.365072904677355,-147.6752582876942,-149.1618895841326
4,2,66,561/17473,STABLE,NONZERO_FIXED_POINT,-2.005809651750215,-15.43327864680861,-148.3462894401282,-149.83969405578353
4,2,67,2211/70025,STABLE,NONZERO_FIXED_POINT,-2.0133300137690657,-15.506359603235438,-149.06548897083883,-150.5661533457557
4,2,68,136/4385,STABLE,NONZERO_FIXED_POINT,-2.0213567746577326,-15.584516841475264,-149.8348481920092,-151.34327888134106
4,2,69,2139/70297,STABLE,NONZERO_FIXED_POINT,-2.029912382563573,-15.667974757318355,-150.6565893678722,-152.17331537473234
4,2,70,525/17609,STABLE,NONZERO_FIXED_POINT,-2.03902190022238,-15.756983892217775,-151.53319360672373,-153.05876899677435
4,2,71,2059/70577,STABLE,NONZERO_FIXED_POINT,-2.048713336262047,-15.85182424634251,-152.4674336600017,-154.0024405073462
4,2,72,63/2210,STABLE,NONZERO_FIXED_POINT,-2.0590180363586947,-15.952809190155222,-153.4624126467613,-155.0074643709928
4,2,73,1971/70865,STABLE,NONZERO_FIXED_POINT,-2.0699711471674718,-16.06029010373615,-154.52160998283682,-156.07735515001775
4,2,74,481/17753,STABLE,NONZERO_FIXED_POINT,-2.08161216938068,-16.174661907380603,-155.64893613361556,-157.21606281031484
4,2,75,1875/71161,STABLE,NONZERO_FIXED_POINT,-2.0939856207725924,-16.29636969206281,-156.8487982554875,-158.42803902586303
4,2,76,114/4457,STABLE,NONZERO_FIXED_POINT,-2.1071418360681307,-16.42591671813846,-158.1261793828621,-159.7183171656118
4,2,77,1771/71465,STABLE,NONZERO_FIXED_POINT,-2.1211379384869105,-16.563874130800613,-159.486734611043,-161.0926094478997
4,2,78,429/17905,STABLE,NONZERO_FIXED_POINT,-2.136039028680047,-16.710892849463086,-160.93690880098762,-162.55742583415088
4,2,79,1659/71777,STABLE,NONZERO_FIXED_POINT,-2.1519196516907577,-16.86771823738171,-162.48408180842205,-164.12022072495057
4,2,80,25/1124,STABLE,NONZERO_FIXED_POINT,-2.168865623311037,-17.035208365235853,-164.13674929316528,-165.78957559572626
4,2,81,1539/72097,STABLE,NONZERO_FIXED_POINT,-2.1869763264701447,-17.21435697502848,-165.9047500616074,-167.5754286356139
4,2,82,369/18065,STABLE,NONZERO_FIXED_POINT,-2.2063676302310444,-17.406322670064682,-167.79955504736796,-169.48936664711294
4,2,83,1411/72425,STABLE,NONZERO_FIXED_POINT,-2.2271756451214433,-17.612466468276878,-169.83463908908607,-171.5450005792075
4,2,84,84/4537,STABLE,NONZERO_FIXED_POINT,-2.249561619391933,-17.834400764820103,-172.02596565998815,-173.75845515319227
4,2,85,1275/72761,STABLE,NONZERO_FIXED_POINT,-2.27371841867512,-18.074054128677638,-174.39262835415735,-176.14901682860096
4,2,86,301/18233,STABLE,NONZERO_FIXED_POINT,-2.2998792456901906,-18.333758499720375,-176.95771413729983,-178.74000577367713
4,2,87,1131/73105,STABLE,NONZERO_FIXED_POINT,-2.3283295981347454,-18.61636876763872,-179.74948717804773,-181.55997165456915
4,2,88,33/2290,STABLE,NONZERO_FIXED_POINT,-2.359424023775806,-18.925430322866212,-182.80304760198425,-184.64436914444627
4,2,89,979/73457,STABLE,NONZERO_FIXED_POINT,-2.3936101844815454,-19.26541969690993,-186.16271383079652,-188.03796432668292
4,2,90,225/18409,STABLE,NONZERO_FIXED_POINT,-2.4314644232495386,-19.642100232646158,-189.88554371808715,-191.79839139769882
4,2,91,819/73817,STABLE,NONZERO_FIXED_POINT,-2.4737461358983097,-20.063065801248513,-194.04671734684803,-196.00158983612442
4,2,92,46/4625,STABLE,NONZERO_FIXED_POINT,-2.5214843031206513,-20.538606122733817,-198.74810370275333,-200.7504576081468
4,2,93,651/74185,STABLE,NONZERO_FIXED_POINT,-2.576122109588109,-21.08315295701938,-204.13257796551477,-206.18931307796976
4,2,94,141/18593,STABLE,NONZERO_FIXED_POINT,-2.6397738016581975,-21.71784868100724,-210.4094504219085,-212.52958077854785
4,2,95,475/74561,STABLE,NONZERO_FIXED_POINT,-2.715717856010315,-22.475477974955304,-217.90329016074224,-220.09910827518934
4,2,96,3/584,STABLE,NONZERO_FIXED_POINT,-2.809447479337601,-23.41097281940769,-227.1579245423613,-229.447216134754
4,2,97,291/74945,STABLE,NONZERO_FIXED_POINT,-2.9312615562934887,-24.627321974671815,-239.1929430453684,-241.6037927203201
4,2,98,49/18785,STABLE,NONZERO_FIXED_POINT,-3.1042828443029933,-26.355752928942394,-256.29749855295154,-258.8811136723225
4,2,99,99/75337,STABLE,NONZERO_FIXED_POINT,-3.4022965454359877,-29.33411761704572,-285.7763259683527,-288.65769909589545
4,2,100,0,STABLE,NONZERO_FIXED_POINT,,,,
4,3,1,33/43691,STABLE,NONZERO_FIXED_POINT,-3.6169994160249033,-31.713574125973892,-309.56072013822165,-312.6825981833032
4,3,2,49/32769,STABLE,NONZERO_FIXED_POINT,-3.3206596591171422,-28.747415522661058,-280.1961881653442,-283.02145527368907
4,3,3,291/131081,STABLE,NONZERO_FIXED_POINT,-3.1493103182918283,-27.031169869140783,-263.2057312344437,-265.85937799135723
4,3,4,8/2731,STABLE,NONZERO_FIXED_POINT,-3.029166116120102,-25.826984374872566,-251.28460684502585,-253.81783855817366
4,3,5,475/131097,STABLE,NONZERO_FIXED_POINT,-2.937104219627738,-24.903630693563606,-242.1436544973418,-244.58455364120448
4,3,6,141/32777,STABLE,NONZERO_FIXED_POINT,-2.86282566843523,-24.158119204571783,-234.7632770782593,-237.12962716672772
4,3,7,217/43707,STABLE,NONZERO_FIXED_POINT,-2.8008371799601193,-23.535517064931014,-228.5996395762929,-230.90373084046547
4,3,8,23/4098,STABLE,NONZERO_FIXED_POINT,-2.7478602014841833,-23.003038730025658,-223.3281652362606,-225.57900935430817
4,3,9,819/131153,STABLE,NONZERO_FIXED_POINT,-2.701780410475539,-22.53954095681354,-218.73953609117177,-220.94403041852416
4,3,10,75/10931,STABLE,NONZERO_FIXED_POINT,-2.6611545459668147,-22.130591117610336,-214.69086926867118,-216.85446789958198
4,3,11,979/131193,STABLE,NONZERO_FIXED_POINT,-2.6249535508622444,-21.765898623162585,-211.08028807944072,-213.2074160508596
4,3,12,66/8201,STABLE,NONZERO_FIXED_POINT,-2.5924179528476126,-21.437868731749788,-207.83260472728875,-209.92692760364312
4,3,13,377/43747,STABLE,NONZERO_FIXED_POINT,-2.562971332351543,-21.14073722879958,-204.89075363731826,-206.9553605632567
4,3,14,301/32817,STABLE,NONZERO_FIXED_POINT,-2.5361659508687318,-20.870026710122588,-202.21040865993007,-204.24794104138857
4,3,15,1275/131297,STABLE,NONZERO_FIXED_POINT,-2.5116471839465895,-20.622190911781445,-199.756461936503,-201.76920655475828
4,3,16,7/684,STABLE,NONZERO_FIXED_POINT,-2.4891294571685947,-20.394374069926783,-197.50064156174824,-199.4905996234541
4,3,17,1411/131361,STABLE,NONZERO_FIXED_POINT,-2.4683794910784833,-20.18424337004175,-195.41985283120596,-197.38879226335382
4,3,18,369/32849,STABLE,NONZERO_FIXED_POINT,-2.4492043433037587,-19.98986936817976,-193.49499441147663,-195.44449019847997
4,3,19,513/43811,STABLE,NONZERO_FIXED_POINT,-2.431442688866621,-19.809638794076434,-191.71009509100458,-193.64156089209365
4,3,20,100/8217,STABLE,NONZERO_FIXED_POINT,-2.414958340540423,-19.642189754716696,-190.0516722953692,-191.96638558234287
4,3,21,1659/131513,STABLE,NONZERO_FIXED_POINT,-2.399635352607266,-19.486362771913747,-188.50824735929183,-190.40736965802637
4,3,22,143/10963,STABLE,NONZERO_FIXED_POINT,-2.3853742655428043,-19.3411632291595,-187.06997375043088,-188.95456712707437
4,3,23,1771/131601,STABLE,NONZERO_FIXED_POINT,-2.372089187035769,-19.20573218182291,-185.7283480903207,-187.59938871850602
4,3,24,57/4114,STABLE,NONZERO_FIXED_POINT,-2.3597054956155397,-19.07932339342826,-184.4759828135013,-186.33437224518752
4,3,25,625/43899,STABLE,NONZERO_FIXED_POINT,-2.3481580143116325,-18.961285072253006,-183.30642535981178,-185.1529999697844
4,3,26,481/32937,STABLE,NONZERO_FIXED_POINT,-2.33738954370936,-18.85104520188714,-182.2140129469028,-184.04955191032997
4,3,27,1971/131801,STABLE,NONZERO_FIXED_POINT,-2.3273496730293672,-18.74809965203147,-181.1937548671135,-183.01898694818186
4,3,28,42/2747,STABLE,NONZERO_FIXED_POINT,-2.3179938086000123,-18.652002463224377,-180.24123630624123,-182.05684567526393
4,3,29,2059/131913,STABLE,NONZERO_FIXED_POINT,-2.309282374005196,-18.56235784832294,-179.35253915817714,-181.1591704088496
4,3,30,525/32993,STABLE,NONZERO_FIXED_POINT,-2.3011801470561277,-18.47881356222357,-178.52417638511565,-180.32243888874365
4,3,31,713/44011,STABLE,NONZERO_FIXED_POINT,-2.293655706749803,-18.401055371449857,-177.7530372664466,-179.54350897313196
4,3,32,17/1032,STABLE,NONZERO_FIXED_POINT,-2.28668096935493,-18.32880241501476,-177.0363414712645,-178.81957224717743
4,3,33,2211/132161,STABLE,NONZERO_FIXED_POINT,-2.280230797272525,-18.261803293029487,-176.37160033556978,-178.14811490908147
4,3,34,187/11019,STABLE,NONZERO_FIXED_POINT,-2.2742826677490235,-18.199832753837747,-175.75658406487042,-177.5268846413989
4,3,35,2275/132297,STABLE,NONZERO_FIXED_POINT,-2.2688163911557524,-18.14268887681356,-175.18929384385325,-176.9538624389886
4,3,36,144/8273,STABLE,NONZERO_FIXED_POINT,-2.2638138705915978,-18.090190668390925,-174.66793803705005,-176.4272385692822
4,3,37,777/44147,STABLE,NONZERO_FIXED_POINT,-2.2592588961622972,-18.042176004859797,-174.1909118224906,-175.94539200021677
4,3,38,589/33129,STABLE,NONZERO_FIXED_POINT,-2.255136968547461,-17.998499868039453,-173.75677972484067,-175.50687275693957
4,3,39,2379/132593,STABLE,NONZERO_FIXED_POINT,-2.251435147464626,-17.959032829922315,-173.36426061334845,-175.11038676821835
4,3,40,25/1382,STABLE,NONZERO_FIXED_POINT,-2.248141921438009,-17.92365975036426,-173.01221480895092,-174.75478284331703
4,3,41,2419/132753,STABLE,NONZERO_FIXED_POINT,-2.245247095922558,-17.89227865832852,-172.6996330085595,-174.4390414844048
4,3,42,609/33209,STABLE,NONZERO_FIXED_POINT,-2.2427416973560383,-17.864799792409805,-172.42562678622164,-174.1622652917701
4,3,43,817/44307,STABLE,NONZERO_FIXED_POINT,-2.2406178911388963,-17.84114478063573,-172.1894204731259,-173.92367076180557
4,3,44,154/8313,STABLE,NONZERO_FIXED_POINT,-2.238868911893631,-17.82124594306415,-171.9903442532875,-173.72258131295297
4,3,45,2475/133097,STABLE,NONZERO_FIXED_POINT,-2.237489004648765,-17.805045703625723,-171.82782834076147,-173.55842140410005
4,3,46,207/11099,STABLE,NONZERO_FIXED_POINT,-2.236473375838637,-17.792496100125263,-171.70139812862666,-173.4307116345649
4,3,47,2491/133281,STABLE,NONZERO_FIXED_POINT,-2.235818153219924,-17.78355838341004,-171.61067022072405,-173.33906473575018
4,3,48,39/2084,STABLE,NONZERO_FIXED_POINT,-2.235520353986253,-17.77820269851921,-171.5553492750071,-173.28318238260812
4,3,49,833/44491,STABLE,NONZERO_FIXED_POINT,-2.235577860520422,-17.776407842209153,-171.53522560301354,-173.2628527688653
4,3,50,625/33393,STABLE,NONZERO_FIXED_POINT,-2.2359894033646306,-17.77816109265909,-171.55017348392266,-173.2779489040492
4,3,51,2499/133673,STABLE,NONZERO_FIXED_POINT,-2.2367545511175813,-17.78345810844528,-171.60015016437018,-173.3284276032009
4,3,52,52/2787,STABLE,NONZERO_FIXED_POINT,-2.2378737070870374,-17.792302895069938,-171.68519552705686,-173.4143291521354
4,3,53,2491/133881,STABLE,NONZERO_FIXED_POINT,-2.2393481126413235,-17.80470783847933,-171.80543242254726,-173.53577764259296
4,3,54,621/33497,STABLE,NONZERO_FIXED_POINT,-2.2411798573162667,-17.820693806136596,-171.96106766986236,-173.69298198293797
4,3,55,825/44699,STABLE,NONZERO_FIXED_POINT,-2.243371895849016,-17.840290317363056,-172.15239374282993,-173.88623760154303
4,3,56,77/4194,STABLE,NONZERO_FIXED_POINT,-2.245928072429874,-17.863535785859852,-172.3797911710189,-174.11592887197574
4,3,57,2451/134321,STABLE,NONZERO_FIXED_POINT,-2.2488531525917104,-17.890477838605392,-172.64373169679556,-174.3825323019438
4,3,58,203/11203,STABLE,NONZERO_FIXED_POINT,-2.2521528632974945,-17.92117371673386,-172.94478224399117,-174.6866205420502
4,3,59,2419/134553,STABLE,NONZERO_FIXED_POINT,-2.255833941944516,-17.955690765580584,-173.28360976932316,-175.0288672862191
4,3,60,150/8417,STABLE,NONZERO_FIXED_POINT,-2.25990419518444,-17.994107022886112,-173.66098708558542,-175.41005315370563
4,3,61,793/44931,STABLE,NONZERO_FIXED_POINT,-2.2643725686679446,-18.03651191624546,-174.07779976636732,-175.83107266355972
4,3,62,589/33729,STABLE,NONZERO_FIXED_POINT,-2.269249229068853,-18.08300708335306,-174.5350542664496,-176.29294243704618
4,3,63,2331/135041,STABLE,NONZERO_FIXED_POINT,-2.2745456600360434,-18.133707331524867,-175.03388742104454,-176.79681079283694
4,3,64,3/176,STABLE,NONZERO_FIXED_POINT,-2.280274774073362,-18.188741756500733,-175.57557752191013,-177.34396893500457
4,3,65,2275/135297,STABLE,NONZERO_FIXED_POINT,-2.2864510427748392,-18.24825504479997,-176.16155721064155,-177.93586397654997
4,3,66,561/33857,STABLE,NONZERO_FIXED_POINT,-2.293090648364589,-18.312408989123355,-176.7934284811223,-178.57411409339198
4,3,67,737/45187,STABLE,NONZERO_FIXED_POINT,-2.3002116601336944,-18.381384252725418,-177.4729801467809,-179.26052616806243
4,3,68,136/8481,STABLE,NONZERO_FIXED_POINT,-2.307834240164855,-18.455382426663867,-178.2022082073317,-179.9971163621707
4,3,69,2139/135833,STABLE,NONZERO_FIXED_POINT,-2.315980883733584,-18.53462843381515,-178.98333964850002,-180.78613415653024
4,3,70,175/11331,STABLE,NONZERO_FIXED_POINT,-2.3246767010326455,-18.61937334612162,-179.8188603327411,-181.630090523602
4,3,71,2059/136113,STABLE,NONZERO_FIXED_POINT,-2.3339497484627643,-18.709897697502093,-180.71154779702545,-182.53179105657068
4,3,72,63/4258,STABLE,NONZERO_FIXED_POINT,-2.3438314197758894,-18.806515395287477,-181.66450997602377,-183.49437508367248
4,3,73,657/45467,STABLE,NONZERO_FIXED_POINT,-2.354356909993049,-18.909578359402765,-182.68123112997995,-184.52136205998647
4,3,74,481/34137,STABLE,NONZERO_FIXED_POINT,-2.3655657684496934,-19.0194820528233,-183.76562659620055,-185.6167068719688
4,3,75,1875/136697,STABLE,NONZERO_FIXED_POINT,-2.3775025618276544,-19.136672111897695,-184.92210842922304,-186.78486614065366
4,3,76,38/2851,STABLE,NONZERO_FIXED_POINT,-2.390217674011076,-19.26165234491029,-186.15566458655616,-188.03087820724875
4,3,77,1771/137001,STABLE,NONZERO_FIXED_POINT,-2.4037682776177327,-19.39499444739735,-187.47195511028286,-189.36046028627027
4,3,78,429/34289,STABLE,NONZERO_FIXED_POINT,-2.418219522923165,-19.537349891391692,-188.8774298305537,-190.78012735796005
4,3,79,553/45771,STABLE,NONZERO_FIXED_POINT,-2.43364600480869,-19.689464594905672,-190.3794735934419,-192.29733886308833
4,3,80,25/2148,STABLE,NONZERO_FIXED_POINT,-2.450133589105512,-19.85219718537553,-191.9865870690133,-193.92068133736876
4,3,81,1539/137633,STABLE,NONZERO_FIXED_POINT,-2.4677817089707617,-20.02654196342486,-193.70861409255866,-195.66009804906582
4,3,82,123/11483,STABLE,NONZERO_FIXED_POINT,-2.486706283871511,-20.213658092707675,-195.55703064401243,-197.5271808973979
4,3,83,1411/137961,STABLE,NONZERO_FIXED_POINT,-2.507043474903508,-20.41490715309898,-197.54531662451188,-199.53554594441533
4,3,84,84/8633,STABLE,NONZERO_FIXED_POINT,-2.528954581037075,-20.631902103156534,-199.68944058474213,-201.70132303959136
4,3,85,425/46099,STABLE,NONZERO_FIXED_POINT,-2.5526325187640886,-20.866572076593876,-202.00850120999183,-204.0438037845244
4,3,86,301/34617,STABLE,NONZERO_FIXED_POINT,-2.5783105417904952,-21.121249579208353,-204.52559056971495,-206.58631350219252
4,3,87,1131/138641,STABLE,NONZERO_FIXED_POINT,-2.6062741989161697,-21.398790067682697,-207.2689779476388,-209.35740702494166
4,3,88,11/1446,STABLE,NONZERO_FIXED_POINT,-2.6368780891140915,-21.70273950037969,-210.2737685946052,-212.39254420240553
4,3,89,979/138993,STABLE,NONZERO_FIXED_POINT,-2.6705699255502786,-22.037574977544523,-213.58428606654843,-215.7364963035035
4,3,90,225/34793,STABLE,NONZERO_FIXED_POINT,-2.707926102600428,-22.4090604114741,-217.2575933591442,-219.4469027181068
4,3,91,273/46451,STABLE,NONZERO_FIXED_POINT,-2.749706067529914,-22.824790243319782,-221.368875704132,-223.59970812504008
4,3,92,46/8721,STABLE,NONZERO_FIXED_POINT,-2.796938852535689,-23.295054763509448,-226.0200072414674,-228.2978156962759
4,3,93,651/139721,STABLE,NONZERO_FIXED_POINT,-2.8510676938394823,-23.834286302682145,-231.35386830954968,-233.685549006256
4,3,94,47/11659,STABLE,NONZERO_FIXED_POINT,-2.9142068893838164,-24.463627808651367,-237.57977435713275,-239.97433780149774
4,3,95,475/140097,STABLE,NONZERO_FIXED_POINT,-2.989634967456901,-25.215864532656404,-245.02229963718958,-247.4920348630833
4,3,96,3/1096,STABLE,NONZERO_FIXED_POINT,-3.082845186373552,-26.145929026174656,-254.2252766753279,-256.78796597475656
4,3,97,97/46827,STABLE,NONZERO_FIXED_POINT,-3.204136482410961,-27.35681062028199,-266.2083001154333,-268.8920247165025
4,3,98,49/35169,STABLE,NONZERO_FIXED_POINT,-3.376631664609322,-29.079737373661672,-283.26052800493414,-286.1164919446114
4,3,99,99/140873,STABLE,NONZERO_FIXED_POINT,-3.6741159866346216,-32.05256179123509,-312.6867004092204,-315.8398929779618
4,3,100,0,STABLE,NONZERO_FIXED_POINT,,,,
4,4,1,99/262145,STABLE,NONZERO_FIXED_POINT,-3.918027754996391,-34.724021332009315,-339.3626895127196,-342.78559589677246
4,4,2,49/65537,STABLE,NONZERO_FIXED_POINT,-3.621683028124906,-31.757973142371327,-309.99782562674545,-313.124116104098
4,4,3,291/262153,STABLE,NONZERO_FIXED_POINT,-3.4503254044058735,-30.0418010775133,-293.0067051069662,-295.96136694999376
4,4,4,24/16385,STABLE,NONZERO_FIXED_POINT,-3.3301696069791022,-28.83765236011342,-281.0845855167176,-283.9188207207244
4,4,5,475/262169,STABLE,NONZERO_FIXED_POINT,-3.238092803666351,-27.914298659605528,-271.9423064428205,-274.68419417072187
4,4,6,141/65545,STABLE,NONZERO_FIXED_POINT,-3.1637960351112966,-27.168750373578938,-264.56027088143645,-267.2275913365809
4,4,7,651/262193,STABLE,NONZERO_FIXED_POINT,-3.1017860199816454,-26.5460746798003,-258.39464395307806,-260.99968405727225
4,4,8,23/8194,STABLE,NONZERO_FIXED_POINT,-3.0487842070361317,-26.013486056883984,-253.1208490572422,-255.67261718084174
4,4,9,819/262225,STABLE,NONZERO_FIXED_POINT,-3.00267627544633,-25.549841287510702,-248.52956840426964,-251.03495859659284
4,4,10,225/65561,STABLE,NONZERO_FIXED_POINT,-2.962018966174565,-25.140707772206994,-244.47791932175772,-246.94238237287624
4,4,11,979/262265,STABLE,NONZERO_FIXED_POINT,-2.925783224280611,-24.775794952413037,-240.86402534292586,-243.29198298776305
4,4,12,66/16393,STABLE,NONZERO_FIXED_POINT,-2.8932095798312902,-24.447508119578863,-237.6126989166653,-240.00781342000332
4,4,13,1131/262313,STABLE,NONZERO_FIXED_POINT,-2.8637216158613352,-24.150083094773535,-234.66687473566373,-237.03223194511196
4,4,14,301/65585,STABLE,NONZERO_FIXED_POINT,-2.8368715966961453,-23.87904251191334,-231.98222694036048,-234.3204649676464
4,4,15,1275/262369,STABLE,NONZERO_FIXED_POINT,-2.8123049009379333,-23.63084014762373,-229.52364798457495,-231.83705031982163
4,4,16,21/4100,STABLE,NONZERO_FIXED_POINT,-2.7897359574485527,-23.402620281068025,-227.26286629780566,-229.55343085979146
4,4,17,1411/262433,STABLE,NONZERO_FIXED_POINT,-2.7689314902730793,-23.192050143183884,-225.17678753266705,-227.4462789640096
4,4,18,369/65617,STABLE,NONZERO_FIXED_POINT,-2.7496985607627273,-22.99720033791295,-223.24631073505782,-225.49630073952017
4,4,19,1539/262505,STABLE,NONZERO_FIXED_POINT,-2.731875847885103,-22.816457645303927,-221.45546509487673,-223.6873640549843
4,4,20,100/16409,STABLE,NONZERO_FIXED_POINT,-2.715327168579975,-22.648460225070735,-219.79076846124332,-222.00585057625648
4,4,21,1659/262585,STABLE,NONZERO_FIXED_POINT,-2.6999365815161376,-22.492048654161792,-218.24074261442905,-220.44016614207248
4,4,22,429/65657,STABLE,NONZERO_FIXED_POINT,-2.6856046317754174,-22.346228373600646,-216.79554148957465,-218.98036523245077
4,4,23,1771/262673,STABLE,NONZERO_FIXED_POINT,-2.672245431871435,-22.21014049867391,-215.4466621975459,-217.61785907056696
4,4,24,57/8210,STABLE,NONZERO_FIXED_POINT,-2.659784365376275,-22.083038855198843,-214.18671768397732,-216.34518598542428
4,4,25,1875/262769,STABLE,NONZERO_FIXED_POINT,-2.6481562605791265,-21.96427171611002,-213.0092559214757,-215.1558287777159
4,4,26,481/65705,STABLE,NONZERO_FIXED_POINT,-2.6373039235410047,-21.853267132007225,-211.90861468203917,-214.04406802529797
4,4,27,27/3601,STABLE,NONZERO_FIXED_POINT,-2.6271769491733252,-21.749521041941797,-210.87980383383632,-213.0048631910486
4,4,28,126/16433,STABLE,NONZERO_FIXED_POINT,-2.6177307497093114,-21.652587558131074,-209.91840915987555,-212.03375547000752
4,4,29,2059/262985,STABLE,NONZERO_FIXED_POINT,-2.608925754850759,-21.562070967426827,-209.0205131725363,-211.1267878040544
4,4,30,525/65761,STABLE,NONZERO_FIXED_POINT,-2.600726748738772,-21.47761910102294,-208.18262947367037,-210.28043857898098
4,4,31,2139/263105,STABLE,NONZERO_FIXED_POINT,-2.5931023169111036,-21.398917804029658,-207.40164800338215,-209.4915663202288
4,4,32,17/2056,STABLE,NONZERO_FIXED_POINT,-2.5860243823869755,-21.325686296322107,-206.67478911242392,-208.75736330136888
4,4,33,2211/263233,STABLE,NONZERO_FIXED_POINT,-2.579467814526483,-21.257673261134997,-205.99956483927753,-208.0753164300432
4,4,34,561/65825,STABLE,NONZERO_FIXED_POINT,-2.57341009774251,-21.194653532182315,-205.3737461126354,-207.44317411915733
4,4,35,2275/263369,STABLE,NONZERO_FIXED_POINT,-2.5678310497789596,-21.1364252764403,-204.7953348609455,-206.858918114704
4,4,36,144/16465,STABLE,NONZERO_FIXED_POINT,-2.562712581312148,-21.082807590161828,-204.26254021295009,-206.32073945590273
4,4,37,2331/263513,STABLE,NONZERO_FIXED_POINT,-2.558038490228796,-21.03363844165691,-203.7737581312062,-205.82701790299893
4,4,38,589/65897,STABLE,NONZERO_FIXED_POINT,-2.5537942851917066,-20.988772906950082,-203.32755394508928,-205.37630429383245
4,4,39,2379/263665,STABLE,NONZERO_FIXED_POINT,-2.549967034102451,-20.948081654408007,-202.92264734860095,-204.96730539010872
4,4,40,75/8242,STABLE,NONZERO_FIXED_POINT,-2.546545233868736,-20.91144964241323,-202.55789950733458,-204.5988708541315
4,4,41,2419/263825,STABLE,NONZERO_FIXED_POINT,-2.5435186985269844,-20.878775000591176,-202.23230198261632,-204.269982061066
4,4,42,609/65977,STABLE,NONZERO_FIXED_POINT,-2.5408784632930033,-20.84996807031704,-201.94496723251882,-203.97974250400426
4,4,43,2451/263993,STABLE,NONZERO_FIXED_POINT,-2.538616702540324,-20.824950584499717,-201.6951204917171,-203.72736959179826
4,4,44,154/16505,STABLE,NONZERO_FIXED_POINT,-2.5367266600580685,-20.803654970161297,-201.4820928670195,-203.51218767484937
4,4,45,2475/264169,STABLE,NONZERO_FIXED_POINT,-2.5352025902333466,-20.7860237602615,-201.30531551442505,-203.3336221633482
4,4,46,621/66065,STABLE,NONZERO_FIXED_POINT,-2.534039709049498,-20.772009103680567,-201.16431478794857,-203.19119462709767
4,4,47,2491/264353,STABLE,NONZERO_FIXED_POINT,-2.5332341540009793,-20.761572364368917,-201.0587082711968,-203.08451878700396
4,4,48,39/4132,STABLE,NONZERO_FIXED_POINT,-2.5327829522063503,-20.754683802477494,-200.98820162055395,-203.01329732637504
4,4,49,2499/264545,STABLE,NONZERO_FIXED_POINT,-2.532683996158827,-20.751322331863832,-200.95258616448638,-202.9773194659765
4,4,50,625/66161,STABLE,NONZERO_FIXED_POINT,-2.532936026694834,-20.751475349778218,-200.95173721742987,-202.97645926088666
4,4,51,2499/264745,STABLE,NONZERO_FIXED_POINT,-2.533538622889367,-20.755138635817907,-200.98561307943174,-203.01067459003423
4,4,52,156/16553,STABLE,NONZERO_FIXED_POINT,-2.534492198706827,-20.76231631843612,-201.05425470458437,-203.08000682128267
4,4,53,2491/264953,STABLE,NONZERO_FIXED_POINT,-2.5357980063507455,-20.77302090843969,-201.1577860326463,-203.18458114640146
4,4,54,621/66265,STABLE,NONZERO_FIXED_POINT,-2.537458146368941,-20.78727340004135,-201.29641498945512,-203.3246075915834
4,4,55,2475/265169,STABLE,NONZERO_FIXED_POINT,-2.5394755846855084,-20.805103441180236,-201.47043517309476,-203.50038272064432
4,4,56,77/8290,STABLE,NONZERO_FIXED_POINT,-2.5418541768508236,-20.826549576022444,-201.6802282546459,-203.7122920600237
4,4,57,2451/265393,STABLE,NONZERO_FIXED_POINT,-2.5445986999290966,-20.851659563837188,-201.9262671350545,-203.9608132875402
4,4,58,609/66377,STABLE,NONZERO_FIXED_POINT,-2.5477148925840076,-20.880490779853794,-202.20911991361078,-204.2465202409564
4,4,59,2419/265625,STABLE,NONZERO_FIXED_POINT,-2.5512095040810365,-20.913110705285376,-202.52945473917845,-204.57008781821105
4,4,60,150/16609,STABLE,NONZERO_FIXED_POINT,-2.555090353105591,-20.94959751551096,-202.88804563319252,-204.93229785923387
4,4,61,2379/265865,STABLE,NONZERO_FIXED_POINT,-2.559366397505663,-20.990040777502564,-203.2857793941816,-205.33404612021167
4,4,62,589/66497,STABLE,NONZERO_FIXED_POINT,-2.564047816314055,-21.034542270047858,-203.7236637179675,-205.7763504758093
4,4,63,2331/266113,STABLE,NONZERO_FIXED_POINT,-2.5691461056982448,-21.083216943249745,-204.20283669670545,-206.26036051416008
4,4,64,9/1040,STABLE,NONZERO_FIXED_POINT,-2.5746741908383304,-21.136194037305994,-204.72457789479753,-206.787368724657
4,4,65,2275/266369,STABLE,NONZERO_FIXED_POINT,-2.5806465561602003,-21.193618384841933,-205.29032124198062,-207.3588235212743
4,4,66,561/66625,STABLE,NONZERO_FIXED_POINT,-2.5870793968734054,-21.255651926289424,-205.90167003557298,-207.97634439635152
4,4,67,2211/266633,STABLE,NONZERO_FIXED_POINT,-2.593990795405988,-21.322475474235887,-206.56041440752523,-208.64173956407905
4,4,68,136/16673,STABLE,NONZERO_FIXED_POINT,-2.601400927127031,-21.39429077065038,-207.268551690952,-209.35702653275314
4,4,69,2139/266905,STABLE,NONZERO_FIXED_POINT,-2.6093323007458125,-21.471322890875634,-208.02831021964874,-210.12445614469107
4,4,70,525/66761,STABLE,NONZERO_FIXED_POINT,-2.617810040034078,-21.55382306085157,-208.84217721859858,-210.9465407484609
4,4,71,2059/267185,STABLE,NONZERO_FIXED_POINT,-2.6268622151146843,-21.64207197000197,-209.71293160154607,-211.82608732774327
4,4,72,63/8354,STABLE,NONZERO_FIXED_POINT,-2.6365202336026874,-21.736383682646263,-210.64368269396763,-212.76623661544312
4,4,73,1971/267473,STABLE,NONZERO_FIXED_POINT,-2.6468193045210846,-21.837110277157393,-211.6379161607298,-213.7705094852643
4,4,74,481/66905,STABLE,NONZERO_FIXED_POINT,-2.657798991343972,-21.94464737639391,-212.69954875736192,-214.8428622560245
4,4,75,1875/267769,STABLE,NONZERO_FIXED_POINT,-2.6695038750263436,-22.059440777998674,-213.83299397000735,-215.9877529946366
4,4,76,114/16745,STABLE,NONZERO_FIXED_POINT,-2.681984353857839,-22.1819944529368,-215.04324120094455,-217.21022150148397
4,4,77,1771/268073,STABLE,NONZERO_FIXED_POINT,-2.695297614991862,-22.312880260787452,-216.3359519499706,-218.51598646333218
4,4,78,429/67057,STABLE,NONZERO_FIXED_POINT,-2.7095088233675213,-22.45274983896382,-217.7175775176737,-219.91156434552437
4,4,79,1659/268385,STABLE,NONZERO_FIXED_POINT,-2.7246925886554116,-22.602349272171523,-219.19550423306606,-221.4044160865592
4,4,80,25/4196,STABLE,NONZERO_FIXED_POINT,-2.740934791599514,-22.762537355828123,-220.7782342614321,-223.0031297322816
4,4,81,1539/268705,STABLE,NONZERO_FIXED_POINT,-2.7583348803909935,-22.93430855980182,-222.47561294533642,-224.7176500732637
4,4,82,369/67217,STABLE,NONZERO_FIXED_POINT,-2.7770087896499867,-23.11882221822963,-224.29911778381876,-226.55957054298273
4,4,83,1411/269033,STABLE,NONZERO_FIXED_POINT,-2.7970926957420748,-23.317440082683007,-226.26223020872828,-228.5425087494703
4,4,84,84/16825,STABLE,NONZERO_FIXED_POINT,-2.818747913021932,-23.531775284604606,-228.38092031284245,-230.68259609967654
4,4,85,1275/269369,STABLE,NONZERO_FIXED_POINT,-2.8421673734780555,-23.76375713175627,-230.67428833469728,-232.99912576394388
4,4,86,301/67385,STABLE,NONZERO_FIXED_POINT,-2.8675843464230013,-24.015718305121993,-233.1654279079217,-235.51542464503177
4,4,87,1131/269713,STABLE,NONZERO_FIXED_POINT,-2.8952843963709842,-24.290514437684365,-235.88260989111888,-238.26004916587652
4,4,88,33/8434,STABLE,NONZERO_FIXED_POINT,-2.925622138114762,-24.59169166519407,-238.86094112047925,-241.2684607772802
4,4,89,979/270065,STABLE,NONZERO_FIXED_POINT,-2.9590453007433126,-24.923727266347143,-242.14474674753103,-244.5854323596792
4,4,90,225/67561,STABLE,NONZERO_FIXED_POINT,-2.996130294656176,-25.29238533292903,-245.79109137356073,-248.2686049245791
4,4,91,819/270425,STABLE,NONZERO_FIXED_POINT,-3.0376365832411736,-25.70526048659221,-249.87516184570654,-252.39392478232588
4,4,92,46/16913,STABLE,NONZERO_FIXED_POINT,-3.0845932149140225,-26.172643199252967,-254.4988339288825,-257.0642967460694
4,4,93,651/270793,STABLE,NONZERO_FIXED_POINT,-3.138443442209237,-26.70896598400097,-259.80498959577693,-262.4240460408531
4,4,94,141/67745,STABLE,NONZERO_FIXED_POINT,-3.2013015794738813,-27.335371972037258,-266.00294593853454,-268.6846040729895
4,4,95,475/271169,STABLE,NONZERO_FIXED_POINT,-3.276446171490136,-28.084646598900527,-273.4172788623915,-276.1738252923184
4,4,96,3/2120,STABLE,NONZERO_FIXED_POINT,-3.369370493153953,-29.011722601254228,-282.59182255386315,-285.4410371600722
4,4,97,291/271553,STABLE,NONZERO_FIXED_POINT,-3.490373497408534,-30.2195894962218,-294.5461733261572,-297.5161349422239
4,4,98,49/67937,STABLE,NONZERO_FIXED_POINT,-3.6625780100426617,-31.939475529370597,-311.5694909042103,-314.7114011893209
4,4,99,99/271945,STABLE,NONZERO_FIXED_POINT,-3.959769301551205,-34.90923339331745,-340.9665170388787,-344.40536292253665
4,4,100,0,STABLE,NONZERO_FIXED_POINT,,,,
